Insert into ADMINSEC.SEC_TYPES_APPLICATION (NUM_TYPE_APPLICATION,DES_TYPE_APPLICATION,NAM_USER_MODIFY,DAT_LAST_MODIFY) values (1,'Batch processing','ADMINSEC',to_date('12-MAR-15','DD-MON-RR'));
Insert into ADMINSEC.SEC_TYPES_APPLICATION (NUM_TYPE_APPLICATION,DES_TYPE_APPLICATION,NAM_USER_MODIFY,DAT_LAST_MODIFY) values (2,'Online Screen','ADMINSEC',to_date('12-MAR-15','DD-MON-RR'));

Insert into ADMINSEC.SEC_TYPES_PERFIL (COD_PERFIL,DES_PERFIL,NAM_USER_MODIFY,DAT_LAST_MODIFY) values ('READ','Read Only Perfil Type','ADMINSEC',to_date('12-MAR-15','DD-MON-RR'));
Insert into ADMINSEC.SEC_TYPES_PERFIL (COD_PERFIL,DES_PERFIL,NAM_USER_MODIFY,DAT_LAST_MODIFY) values ('FULL','Read, Insert, Update and Delete Perfil Type','ADMINSEC',to_date('12-MAR-15','DD-MON-RR'));

Insert into ADMINSEC.SEC_SYSTEMS (NUM_SYSTEM,COD_SYSTEM,NUM_COMPANY,DES_SYSTEM,IND_ACTIVE,NAM_USER_MODIFY,DAT_LAST_MODIFY) values (1,'BEYO',3,'Almabani OAM System','Y','ECAD000001',to_date('04-JUN-14','DD-MON-RR'));

Insert into ADMINSEC.SEC_MODULES (NUM_MODULE,COD_MODULE,NUM_SYSTEM,DES_MODULE,NUM_ORDER_MENU,DES_LABEL_PORTUGUESE,DES_LABEL_ENGLISH,DES_LABEL_SPANISH,IND_ACTIVE,NAM_USER_MODIFY,DAT_LAST_MODIFY) values (1,'COR',1,'Corporate',1,'Corporate','Corporate','Corporate','Y','ADMINUSER1',to_date('07-FEB-15','DD-MON-RR'));
Insert into ADMINSEC.SEC_MODULES (NUM_MODULE,COD_MODULE,NUM_SYSTEM,DES_MODULE,NUM_ORDER_MENU,DES_LABEL_PORTUGUESE,DES_LABEL_ENGLISH,DES_LABEL_SPANISH,IND_ACTIVE,NAM_USER_MODIFY,DAT_LAST_MODIFY) values (2,'SEC',1,'Security',2,'Security','Security','Security','Y','ADMINUSER1',to_date('07-FEB-15','DD-MON-RR'));
Insert into ADMINSEC.SEC_MODULES (NUM_MODULE,COD_MODULE,NUM_SYSTEM,DES_MODULE,NUM_ORDER_MENU,DES_LABEL_PORTUGUESE,DES_LABEL_ENGLISH,DES_LABEL_SPANISH,IND_ACTIVE,NAM_USER_MODIFY,DAT_LAST_MODIFY) values (3,'WKF',1,'Service Management',3,'Service Management','Service Management','Service Management','Y','ADMINUSER1',to_date('07-FEB-15','DD-MON-RR'));
Insert into ADMINSEC.SEC_MODULES (NUM_MODULE,COD_MODULE,NUM_SYSTEM,DES_MODULE,NUM_ORDER_MENU,DES_LABEL_PORTUGUESE,DES_LABEL_ENGLISH,DES_LABEL_SPANISH,IND_ACTIVE,NAM_USER_MODIFY,DAT_LAST_MODIFY) values (401,'OAM',1,'Almabani OAM',0,'Almabani OAM','Almabani OAM','Almabani OAM','Y','ADMINUSER1',to_date('07-FEB-15','DD-MON-RR'));
Insert into ADMINSEC.SEC_MODULES (NUM_MODULE,COD_MODULE,NUM_SYSTEM,DES_MODULE,NUM_ORDER_MENU,DES_LABEL_PORTUGUESE,DES_LABEL_ENGLISH,DES_LABEL_SPANISH,IND_ACTIVE,NAM_USER_MODIFY,DAT_LAST_MODIFY) values (402,'ADM',1,'Security',1,'Admin Modules','Admin Modules','Admin Modules','Y','ALZAHER',to_date('30-JUL-15','DD-MON-RR'));
Insert into ADMINSEC.SEC_MODULES (NUM_MODULE,COD_MODULE,NUM_SYSTEM,DES_MODULE,NUM_ORDER_MENU,DES_LABEL_PORTUGUESE,DES_LABEL_ENGLISH,DES_LABEL_SPANISH,IND_ACTIVE,NAM_USER_MODIFY,DAT_LAST_MODIFY) values (301,'RET',1,'Retail',5,'Retail','Retail','Retail','Y','ADMINUSER1',to_date('05-JUL-14','DD-MON-RR'));

Insert into ADMINSEC.SEC_SUB_MODULES (NUM_MODULE,NUM_SUB_MODULE,DES_SUB_MODULE,NUM_ORDER_MENU,DES_LABEL_PORTUGUESE,DES_LABEL_ENGLISH,DES_LABEL_SPANISH,IND_ACTIVE,NAM_USER_MODIFY,DAT_LAST_MODIFY) values (401,301,'Batch Processing',0,'Batch Processing','Batch Processing','Batch Processing','Y','ADMINUSER1',to_date('12-MAR-15','DD-MON-RR'));
Insert into ADMINSEC.SEC_SUB_MODULES (NUM_MODULE,NUM_SUB_MODULE,DES_SUB_MODULE,NUM_ORDER_MENU,DES_LABEL_PORTUGUESE,DES_LABEL_ENGLISH,DES_LABEL_SPANISH,IND_ACTIVE,NAM_USER_MODIFY,DAT_LAST_MODIFY) values (1,1,'Batch Processing',0,'processamento','Processing','null','Y','ECAD000002',to_date('26-MAY-14','DD-MON-RR'));
Insert into ADMINSEC.SEC_SUB_MODULES (NUM_MODULE,NUM_SUB_MODULE,DES_SUB_MODULE,NUM_ORDER_MENU,DES_LABEL_PORTUGUESE,DES_LABEL_ENGLISH,DES_LABEL_SPANISH,IND_ACTIVE,NAM_USER_MODIFY,DAT_LAST_MODIFY) values (1,2,'Company',0,'Company','Company','null','Y','ECAD000002',to_date('06-JUN-14','DD-MON-RR'));
Insert into ADMINSEC.SEC_SUB_MODULES (NUM_MODULE,NUM_SUB_MODULE,DES_SUB_MODULE,NUM_ORDER_MENU,DES_LABEL_PORTUGUESE,DES_LABEL_ENGLISH,DES_LABEL_SPANISH,IND_ACTIVE,NAM_USER_MODIFY,DAT_LAST_MODIFY) values (1,5,'Employess',4,'Funcionários','Employees',null,'Y','ALZAHER',to_date('14-AUG-15','DD-MON-RR'));
Insert into ADMINSEC.SEC_SUB_MODULES (NUM_MODULE,NUM_SUB_MODULE,DES_SUB_MODULE,NUM_ORDER_MENU,DES_LABEL_PORTUGUESE,DES_LABEL_ENGLISH,DES_LABEL_SPANISH,IND_ACTIVE,NAM_USER_MODIFY,DAT_LAST_MODIFY) values (2,30,'Batch Processing',1,null,null,null,'Y','ECAD000002',to_date('08-MAY-14','DD-MON-RR'));
Insert into ADMINSEC.SEC_SUB_MODULES (NUM_MODULE,NUM_SUB_MODULE,DES_SUB_MODULE,NUM_ORDER_MENU,DES_LABEL_PORTUGUESE,DES_LABEL_ENGLISH,DES_LABEL_SPANISH,IND_ACTIVE,NAM_USER_MODIFY,DAT_LAST_MODIFY) values (2,31,'Systems A Appplications',1,'Cadastros Básicos','Basic Cadastral',null,'Y','ADMINSEC',to_date('10-APR-14','DD-MON-RR'));
Insert into ADMINSEC.SEC_SUB_MODULES (NUM_MODULE,NUM_SUB_MODULE,DES_SUB_MODULE,NUM_ORDER_MENU,DES_LABEL_PORTUGUESE,DES_LABEL_ENGLISH,DES_LABEL_SPANISH,IND_ACTIVE,NAM_USER_MODIFY,DAT_LAST_MODIFY) values (2,32,'Users Admin',2,null,'Users Admin',null,'Y','ECAD000002',to_date('08-MAY-14','DD-MON-RR'));
Insert into ADMINSEC.SEC_SUB_MODULES (NUM_MODULE,NUM_SUB_MODULE,DES_SUB_MODULE,NUM_ORDER_MENU,DES_LABEL_PORTUGUESE,DES_LABEL_ENGLISH,DES_LABEL_SPANISH,IND_ACTIVE,NAM_USER_MODIFY,DAT_LAST_MODIFY) values (2,33,'Log Processing',3,'processamento','Processing',null,'Y','ADMINSEC',to_date('10-APR-14','DD-MON-RR'));
Insert into ADMINSEC.SEC_SUB_MODULES (NUM_MODULE,NUM_SUB_MODULE,DES_SUB_MODULE,NUM_ORDER_MENU,DES_LABEL_PORTUGUESE,DES_LABEL_ENGLISH,DES_LABEL_SPANISH,IND_ACTIVE,NAM_USER_MODIFY,DAT_LAST_MODIFY) values (3,60,'Services',0,'Services','Services','Services','Y','ADMINUSER1',to_date('07-FEB-15','DD-MON-RR'));
Insert into ADMINSEC.SEC_SUB_MODULES (NUM_MODULE,NUM_SUB_MODULE,DES_SUB_MODULE,NUM_ORDER_MENU,DES_LABEL_PORTUGUESE,DES_LABEL_ENGLISH,DES_LABEL_SPANISH,IND_ACTIVE,NAM_USER_MODIFY,DAT_LAST_MODIFY) values (3,221,'Service Parameters',0,'Service Parameters','Service Parameters','Service Parameters','Y','ADMINUSER1',to_date('07-FEB-15','DD-MON-RR'));
Insert into ADMINSEC.SEC_SUB_MODULES (NUM_MODULE,NUM_SUB_MODULE,DES_SUB_MODULE,NUM_ORDER_MENU,DES_LABEL_PORTUGUESE,DES_LABEL_ENGLISH,DES_LABEL_SPANISH,IND_ACTIVE,NAM_USER_MODIFY,DAT_LAST_MODIFY) values (401,242,'OAM Parameters',0,'Parameters','OAM Parameters','OAM Parameters','Y','ADMINUSER1',to_date('07-FEB-15','DD-MON-RR'));
Insert into ADMINSEC.SEC_SUB_MODULES (NUM_MODULE,NUM_SUB_MODULE,DES_SUB_MODULE,NUM_ORDER_MENU,DES_LABEL_PORTUGUESE,DES_LABEL_ENGLISH,DES_LABEL_SPANISH,IND_ACTIVE,NAM_USER_MODIFY,DAT_LAST_MODIFY) values (401,261,'Quotations',0,'Quotations','Quotations','Quotations','Y','ADMINUSER1',to_date('17-FEB-15','DD-MON-RR'));
Insert into ADMINSEC.SEC_SUB_MODULES (NUM_MODULE,NUM_SUB_MODULE,DES_SUB_MODULE,NUM_ORDER_MENU,DES_LABEL_PORTUGUESE,DES_LABEL_ENGLISH,DES_LABEL_SPANISH,IND_ACTIVE,NAM_USER_MODIFY,DAT_LAST_MODIFY) values (3,281,'Processing',0,'Processing','Processing','Processing','Y','ADMINUSER1',to_date('22-FEB-15','DD-MON-RR'));
Insert into ADMINSEC.SEC_SUB_MODULES (NUM_MODULE,NUM_SUB_MODULE,DES_SUB_MODULE,NUM_ORDER_MENU,DES_LABEL_PORTUGUESE,DES_LABEL_ENGLISH,DES_LABEL_SPANISH,IND_ACTIVE,NAM_USER_MODIFY,DAT_LAST_MODIFY) values (401,241,'Control Room Center',0,'Control Room Center','Control Room Center','Control Room Center','Y','ADMINUSER1',to_date('07-FEB-15','DD-MON-RR'));
Insert into ADMINSEC.SEC_SUB_MODULES (NUM_MODULE,NUM_SUB_MODULE,DES_SUB_MODULE,NUM_ORDER_MENU,DES_LABEL_PORTUGUESE,DES_LABEL_ENGLISH,DES_LABEL_SPANISH,IND_ACTIVE,NAM_USER_MODIFY,DAT_LAST_MODIFY) values (402,302,'Security',0,'Zecurity','Security','Security','Y','ALIBRAHIM',to_date('29-JUL-15','DD-MON-RR'));


Insert into ADMINSEC.SEC_APPLICATIONS (NUM_SUB_MODULE,COD_APPLICATION,DES_APPLICATION,NUM_TYPE_APPLICATION,NUM_ORDER_MENU,DES_LABEL_PORTUGUESE,DES_LABEL_ENGLISH,DES_LABEL_SPANISH,IND_ACTIVE,NAM_USER_MODIFY,DAT_LAST_MODIFY,DES_LINK_CODE,IND_DISPLAY_MENU) values (301,'ALMPK002','Maintain Monthly Employees',1,0,'Maintain Monthly Employee','Maintain Monthly Employee','Maintain Monthly Employee','Y','ADMINUSER1',to_date('12-MAR-15','DD-MON-RR'),null,null);
Insert into ADMINSEC.SEC_APPLICATIONS (NUM_SUB_MODULE,COD_APPLICATION,DES_APPLICATION,NUM_TYPE_APPLICATION,NUM_ORDER_MENU,DES_LABEL_PORTUGUESE,DES_LABEL_ENGLISH,DES_LABEL_SPANISH,IND_ACTIVE,NAM_USER_MODIFY,DAT_LAST_MODIFY,DES_LINK_CODE,IND_DISPLAY_MENU) values (32,'GrAccUsr','Users Garnts',2,0,'Users Grants','Grant usr Applications','Grant usr Applications','Y','ADMINUSER1',to_date('29-JUL-15','DD-MON-RR'),'Admin\ApplicationGrants\grant.xhtml',null);
Insert into ADMINSEC.SEC_APPLICATIONS (NUM_SUB_MODULE,COD_APPLICATION,DES_APPLICATION,NUM_TYPE_APPLICATION,NUM_ORDER_MENU,DES_LABEL_PORTUGUESE,DES_LABEL_ENGLISH,DES_LABEL_SPANISH,IND_ACTIVE,NAM_USER_MODIFY,DAT_LAST_MODIFY,DES_LINK_CODE,IND_DISPLAY_MENU) values (31,'GrComUsr','Companies Grants',2,0,'Grant com  acc apps ','Grant acc  acc apps','Grant acc  acc apps','Y','ADMINUSER1',to_date('29-JUL-15','DD-MON-RR'),'Admin\CompanyGrant\grant.xhtml',null);
Insert into ADMINSEC.SEC_APPLICATIONS (NUM_SUB_MODULE,COD_APPLICATION,DES_APPLICATION,NUM_TYPE_APPLICATION,NUM_ORDER_MENU,DES_LABEL_PORTUGUESE,DES_LABEL_ENGLISH,DES_LABEL_SPANISH,IND_ACTIVE,NAM_USER_MODIFY,DAT_LAST_MODIFY,DES_LINK_CODE,IND_DISPLAY_MENU) values (241,'OAMPK001','Maintain Invoice',1,0,'Maintain Invoice','Maintain Invoice','Maintain Invoice','Y','ADMINUSER1',to_date('22-FEB-15','DD-MON-RR'),null,null);
Insert into ADMINSEC.SEC_APPLICATIONS (NUM_SUB_MODULE,COD_APPLICATION,DES_APPLICATION,NUM_TYPE_APPLICATION,NUM_ORDER_MENU,DES_LABEL_PORTUGUESE,DES_LABEL_ENGLISH,DES_LABEL_SPANISH,IND_ACTIVE,NAM_USER_MODIFY,DAT_LAST_MODIFY,DES_LINK_CODE,IND_DISPLAY_MENU) values (281,'WOKPK001','Maintain Demands',1,0,'Maintain Demands','Maintain Demands','Maintain Demands','Y','ADMINUSER1',to_date('22-FEB-15','DD-MON-RR'),null,null);
Insert into ADMINSEC.SEC_APPLICATIONS (NUM_SUB_MODULE,COD_APPLICATION,DES_APPLICATION,NUM_TYPE_APPLICATION,NUM_ORDER_MENU,DES_LABEL_PORTUGUESE,DES_LABEL_ENGLISH,DES_LABEL_SPANISH,IND_ACTIVE,NAM_USER_MODIFY,DAT_LAST_MODIFY,DES_LINK_CODE,IND_DISPLAY_MENU) values (5,'alloc','Employees and Allocation',2,1,'Employees','Employees','Employees','Y','ALZAHER',to_date('14-AUG-15','DD-MON-RR'),'Admin\Employees_Allocations\index.xhtml',null);
Insert into ADMINSEC.SEC_APPLICATIONS (NUM_SUB_MODULE,COD_APPLICATION,DES_APPLICATION,NUM_TYPE_APPLICATION,NUM_ORDER_MENU,DES_LABEL_PORTUGUESE,DES_LABEL_ENGLISH,DES_LABEL_SPANISH,IND_ACTIVE,NAM_USER_MODIFY,DAT_LAST_MODIFY,DES_LINK_CODE,IND_DISPLAY_MENU) values (31,'appMgt','Applications Management',2,0,'Apps  ','Apps  ','Apps  ','Y','ADMINUSER1',to_date('29-JUL-15','DD-MON-RR'),'Admin\Application\index.xhtml',null);
Insert into ADMINSEC.SEC_APPLICATIONS (NUM_SUB_MODULE,COD_APPLICATION,DES_APPLICATION,NUM_TYPE_APPLICATION,NUM_ORDER_MENU,DES_LABEL_PORTUGUESE,DES_LABEL_ENGLISH,DES_LABEL_SPANISH,IND_ACTIVE,NAM_USER_MODIFY,DAT_LAST_MODIFY,DES_LINK_CODE,IND_DISPLAY_MENU) values (2,'cMgt','Companies',2,0,'Companies  ','Companies  ','Companies  ','Y','ADMINUSER1',to_date('29-JUL-15','DD-MON-RR'),'Admin\Company\index.xhtml',null);
Insert into ADMINSEC.SEC_APPLICATIONS (NUM_SUB_MODULE,COD_APPLICATION,DES_APPLICATION,NUM_TYPE_APPLICATION,NUM_ORDER_MENU,DES_LABEL_PORTUGUESE,DES_LABEL_ENGLISH,DES_LABEL_SPANISH,IND_ACTIVE,NAM_USER_MODIFY,DAT_LAST_MODIFY,DES_LINK_CODE,IND_DISPLAY_MENU) values (261,'itmMgt','Item Management',2,0,'Items Management  ','Items Management  ','Items Management  ','Y','ADMINUSER1',to_date('29-JUL-15','DD-MON-RR'),'Admin\Item\index.xhtml',null);
Insert into ADMINSEC.SEC_APPLICATIONS (NUM_SUB_MODULE,COD_APPLICATION,DES_APPLICATION,NUM_TYPE_APPLICATION,NUM_ORDER_MENU,DES_LABEL_PORTUGUESE,DES_LABEL_ENGLISH,DES_LABEL_SPANISH,IND_ACTIVE,NAM_USER_MODIFY,DAT_LAST_MODIFY,DES_LINK_CODE,IND_DISPLAY_MENU) values (261,'itmQMgt','Item Quotation Management',2,0,'Item Quo Management  ','Item Quo Management  ','Item Quo Management  ','Y','ADMINUSER1',to_date('29-JUL-15','DD-MON-RR'),'Admin\ItemQuotation\index.xhtml',null);
Insert into ADMINSEC.SEC_APPLICATIONS (NUM_SUB_MODULE,COD_APPLICATION,DES_APPLICATION,NUM_TYPE_APPLICATION,NUM_ORDER_MENU,DES_LABEL_PORTUGUESE,DES_LABEL_ENGLISH,DES_LABEL_SPANISH,IND_ACTIVE,NAM_USER_MODIFY,DAT_LAST_MODIFY,DES_LINK_CODE,IND_DISPLAY_MENU) values (261,'itmQsMgt','Item Supplier Management',2,0,'Items Quot Supplier  ','Items Quot Supplier   ','Items Quot Supplier   ','Y','ADMINUSER1',to_date('29-JUL-15','DD-MON-RR'),'Admin\ItemsQuotSupplier\index.xhtml',null);
Insert into ADMINSEC.SEC_APPLICATIONS (NUM_SUB_MODULE,COD_APPLICATION,DES_APPLICATION,NUM_TYPE_APPLICATION,NUM_ORDER_MENU,DES_LABEL_PORTUGUESE,DES_LABEL_ENGLISH,DES_LABEL_SPANISH,IND_ACTIVE,NAM_USER_MODIFY,DAT_LAST_MODIFY,DES_LINK_CODE,IND_DISPLAY_MENU) values (32,'logUsr','Session Management ',2,1,'Session Control','Session Control','Session Control','Y','ALZAHER',to_date('14-AUG-15','DD-MON-RR'),'Admin\LoginUsers\index.xhtml',null);
Insert into ADMINSEC.SEC_APPLICATIONS (NUM_SUB_MODULE,COD_APPLICATION,DES_APPLICATION,NUM_TYPE_APPLICATION,NUM_ORDER_MENU,DES_LABEL_PORTUGUESE,DES_LABEL_ENGLISH,DES_LABEL_SPANISH,IND_ACTIVE,NAM_USER_MODIFY,DAT_LAST_MODIFY,DES_LINK_CODE,IND_DISPLAY_MENU) values (31,'modMgt','Modules',2,0,'Modules  ','Modules  ','Modules  ','Y','ADMINUSER1',to_date('29-JUL-15','DD-MON-RR'),'Admin\Module\index.xhtml',null);
Insert into ADMINSEC.SEC_APPLICATIONS (NUM_SUB_MODULE,COD_APPLICATION,DES_APPLICATION,NUM_TYPE_APPLICATION,NUM_ORDER_MENU,DES_LABEL_PORTUGUESE,DES_LABEL_ENGLISH,DES_LABEL_SPANISH,IND_ACTIVE,NAM_USER_MODIFY,DAT_LAST_MODIFY,DES_LINK_CODE,IND_DISPLAY_MENU) values (261,'pjtIMgt','Project Items',2,0,'Proj Item  ','Proj Item   ','Proj Item  ','Y','ADMINUSER1',to_date('29-JUL-15','DD-MON-RR'),'Admin\ProjectItem\index.xhtml',null);
Insert into ADMINSEC.SEC_APPLICATIONS (NUM_SUB_MODULE,COD_APPLICATION,DES_APPLICATION,NUM_TYPE_APPLICATION,NUM_ORDER_MENU,DES_LABEL_PORTUGUESE,DES_LABEL_ENGLISH,DES_LABEL_SPANISH,IND_ACTIVE,NAM_USER_MODIFY,DAT_LAST_MODIFY,DES_LINK_CODE,IND_DISPLAY_MENU) values (261,'qutMgt','Quotation',2,0,'Quotation  ','Quotation  ','Quotation  ','Y','ADMINUSER1',to_date('29-JUL-15','DD-MON-RR'),'Admin\Quotation\index.xhtml',null);
Insert into ADMINSEC.SEC_APPLICATIONS (NUM_SUB_MODULE,COD_APPLICATION,DES_APPLICATION,NUM_TYPE_APPLICATION,NUM_ORDER_MENU,DES_LABEL_PORTUGUESE,DES_LABEL_ENGLISH,DES_LABEL_SPANISH,IND_ACTIVE,NAM_USER_MODIFY,DAT_LAST_MODIFY,DES_LINK_CODE,IND_DISPLAY_MENU) values (31,'subMMgt','SubModule',2,0,'SubModule  ','SubModule  ','SubModule  ','Y','ADMINUSER1',to_date('29-JUL-15','DD-MON-RR'),'Admin\SubModule\index.xhtml',null);
Insert into ADMINSEC.SEC_APPLICATIONS (NUM_SUB_MODULE,COD_APPLICATION,DES_APPLICATION,NUM_TYPE_APPLICATION,NUM_ORDER_MENU,DES_LABEL_PORTUGUESE,DES_LABEL_ENGLISH,DES_LABEL_SPANISH,IND_ACTIVE,NAM_USER_MODIFY,DAT_LAST_MODIFY,DES_LINK_CODE,IND_DISPLAY_MENU) values (261,'subMgt','Supplier management',2,0,'Supplier  ','Supplier  ','Supplier  ','Y','ADMINUSER1',to_date('29-JUL-15','DD-MON-RR'),'Admin\Supplier\index.xhtml',null);
Insert into ADMINSEC.SEC_APPLICATIONS (NUM_SUB_MODULE,COD_APPLICATION,DES_APPLICATION,NUM_TYPE_APPLICATION,NUM_ORDER_MENU,DES_LABEL_PORTUGUESE,DES_LABEL_ENGLISH,DES_LABEL_SPANISH,IND_ACTIVE,NAM_USER_MODIFY,DAT_LAST_MODIFY,DES_LINK_CODE,IND_DISPLAY_MENU) values (32,'usr','Users Management',2,1,'Users','users','Users','Y','ALZAHER',to_date('14-AUG-15','DD-MON-RR'),'Admin\Users\index.xhtml',null);

Insert into ADMINSEC.SEC_APPLICATIONS_COMPANIES (NUM_APPLICATION_COMPANY,COD_APPLICATION,NUM_COMPANY,IND_ACTIVE,NAM_USER_MODIFY,DAT_LAST_MODIFY) values (201,'itmMgt',5,'Y','ALZAHER',to_date('23-AUG-15','DD-MON-RR'));
Insert into ADMINSEC.SEC_APPLICATIONS_COMPANIES (NUM_APPLICATION_COMPANY,COD_APPLICATION,NUM_COMPANY,IND_ACTIVE,NAM_USER_MODIFY,DAT_LAST_MODIFY) values (1,'GrComUsr',3,'Y','ALZAHER',to_date('15-AUG-15','DD-MON-RR'));
Insert into ADMINSEC.SEC_APPLICATIONS_COMPANIES (NUM_APPLICATION_COMPANY,COD_APPLICATION,NUM_COMPANY,IND_ACTIVE,NAM_USER_MODIFY,DAT_LAST_MODIFY) values (2,'itmQsMgt',3,'Y','ALZAHER',to_date('15-AUG-15','DD-MON-RR'));
Insert into ADMINSEC.SEC_APPLICATIONS_COMPANIES (NUM_APPLICATION_COMPANY,COD_APPLICATION,NUM_COMPANY,IND_ACTIVE,NAM_USER_MODIFY,DAT_LAST_MODIFY) values (3,'itmQMgt',3,'Y','ALZAHER',to_date('15-AUG-15','DD-MON-RR'));
Insert into ADMINSEC.SEC_APPLICATIONS_COMPANIES (NUM_APPLICATION_COMPANY,COD_APPLICATION,NUM_COMPANY,IND_ACTIVE,NAM_USER_MODIFY,DAT_LAST_MODIFY) values (4,'logUsr',3,'Y','ALZAHER',to_date('15-AUG-15','DD-MON-RR'));
Insert into ADMINSEC.SEC_APPLICATIONS_COMPANIES (NUM_APPLICATION_COMPANY,COD_APPLICATION,NUM_COMPANY,IND_ACTIVE,NAM_USER_MODIFY,DAT_LAST_MODIFY) values (5,'usr',3,'Y','ALZAHER',to_date('15-AUG-15','DD-MON-RR'));
Insert into ADMINSEC.SEC_APPLICATIONS_COMPANIES (NUM_APPLICATION_COMPANY,COD_APPLICATION,NUM_COMPANY,IND_ACTIVE,NAM_USER_MODIFY,DAT_LAST_MODIFY) values (6,'alloc',3,'Y','ALZAHER',to_date('15-AUG-15','DD-MON-RR'));
Insert into ADMINSEC.SEC_APPLICATIONS_COMPANIES (NUM_APPLICATION_COMPANY,COD_APPLICATION,NUM_COMPANY,IND_ACTIVE,NAM_USER_MODIFY,DAT_LAST_MODIFY) values (7,'GrAccUsr',3,'Y','ALZAHER',to_date('15-AUG-15','DD-MON-RR'));
Insert into ADMINSEC.SEC_APPLICATIONS_COMPANIES (NUM_APPLICATION_COMPANY,COD_APPLICATION,NUM_COMPANY,IND_ACTIVE,NAM_USER_MODIFY,DAT_LAST_MODIFY) values (8,'modMgt',3,'N','ALZAHER',to_date('30-JUL-15','DD-MON-RR'));
Insert into ADMINSEC.SEC_APPLICATIONS_COMPANIES (NUM_APPLICATION_COMPANY,COD_APPLICATION,NUM_COMPANY,IND_ACTIVE,NAM_USER_MODIFY,DAT_LAST_MODIFY) values (9,'cMgt',3,'Y','ALZAHER',to_date('15-AUG-15','DD-MON-RR'));
Insert into ADMINSEC.SEC_APPLICATIONS_COMPANIES (NUM_APPLICATION_COMPANY,COD_APPLICATION,NUM_COMPANY,IND_ACTIVE,NAM_USER_MODIFY,DAT_LAST_MODIFY) values (10,'appMgt',3,'Y','ALZAHER',to_date('15-AUG-15','DD-MON-RR'));
Insert into ADMINSEC.SEC_APPLICATIONS_COMPANIES (NUM_APPLICATION_COMPANY,COD_APPLICATION,NUM_COMPANY,IND_ACTIVE,NAM_USER_MODIFY,DAT_LAST_MODIFY) values (11,'subMgt',3,'Y','ALZAHER',to_date('15-AUG-15','DD-MON-RR'));
Insert into ADMINSEC.SEC_APPLICATIONS_COMPANIES (NUM_APPLICATION_COMPANY,COD_APPLICATION,NUM_COMPANY,IND_ACTIVE,NAM_USER_MODIFY,DAT_LAST_MODIFY) values (12,'subMMgt',3,'Y','ALZAHER',to_date('15-AUG-15','DD-MON-RR'));
Insert into ADMINSEC.SEC_APPLICATIONS_COMPANIES (NUM_APPLICATION_COMPANY,COD_APPLICATION,NUM_COMPANY,IND_ACTIVE,NAM_USER_MODIFY,DAT_LAST_MODIFY) values (13,'qutMgt',3,'Y','ALZAHER',to_date('15-AUG-15','DD-MON-RR'));
Insert into ADMINSEC.SEC_APPLICATIONS_COMPANIES (NUM_APPLICATION_COMPANY,COD_APPLICATION,NUM_COMPANY,IND_ACTIVE,NAM_USER_MODIFY,DAT_LAST_MODIFY) values (14,'pjtIMgt',3,'N','ALZAHER',to_date('15-AUG-15','DD-MON-RR'));
Insert into ADMINSEC.SEC_APPLICATIONS_COMPANIES (NUM_APPLICATION_COMPANY,COD_APPLICATION,NUM_COMPANY,IND_ACTIVE,NAM_USER_MODIFY,DAT_LAST_MODIFY) values (8050,'itmQsMgt',5,'Y','ALZAHER',to_date('23-AUG-15','DD-MON-RR'));
Insert into ADMINSEC.SEC_APPLICATIONS_COMPANIES (NUM_APPLICATION_COMPANY,COD_APPLICATION,NUM_COMPANY,IND_ACTIVE,NAM_USER_MODIFY,DAT_LAST_MODIFY) values (8051,'itmQMgt',5,'Y','ALZAHER',to_date('23-AUG-15','DD-MON-RR'));
Insert into ADMINSEC.SEC_APPLICATIONS_COMPANIES (NUM_APPLICATION_COMPANY,COD_APPLICATION,NUM_COMPANY,IND_ACTIVE,NAM_USER_MODIFY,DAT_LAST_MODIFY) values (8052,'GrComUsr',5,'Y','ALZAHER',to_date('23-AUG-15','DD-MON-RR'));
Insert into ADMINSEC.SEC_APPLICATIONS_COMPANIES (NUM_APPLICATION_COMPANY,COD_APPLICATION,NUM_COMPANY,IND_ACTIVE,NAM_USER_MODIFY,DAT_LAST_MODIFY) values (8053,'GrAccUsr',5,'Y','ALZAHER',to_date('23-AUG-15','DD-MON-RR'));
Insert into ADMINSEC.SEC_APPLICATIONS_COMPANIES (NUM_APPLICATION_COMPANY,COD_APPLICATION,NUM_COMPANY,IND_ACTIVE,NAM_USER_MODIFY,DAT_LAST_MODIFY) values (8054,'modMgt',5,'Y','ALZAHER',to_date('23-AUG-15','DD-MON-RR'));
Insert into ADMINSEC.SEC_APPLICATIONS_COMPANIES (NUM_APPLICATION_COMPANY,COD_APPLICATION,NUM_COMPANY,IND_ACTIVE,NAM_USER_MODIFY,DAT_LAST_MODIFY) values (8055,'cMgt',5,'Y','ALZAHER',to_date('23-AUG-15','DD-MON-RR'));
Insert into ADMINSEC.SEC_APPLICATIONS_COMPANIES (NUM_APPLICATION_COMPANY,COD_APPLICATION,NUM_COMPANY,IND_ACTIVE,NAM_USER_MODIFY,DAT_LAST_MODIFY) values (8056,'appMgt',5,'Y','ALZAHER',to_date('23-AUG-15','DD-MON-RR'));
Insert into ADMINSEC.SEC_APPLICATIONS_COMPANIES (NUM_APPLICATION_COMPANY,COD_APPLICATION,NUM_COMPANY,IND_ACTIVE,NAM_USER_MODIFY,DAT_LAST_MODIFY) values (8057,'subMgt',5,'Y','ALZAHER',to_date('23-AUG-15','DD-MON-RR'));
Insert into ADMINSEC.SEC_APPLICATIONS_COMPANIES (NUM_APPLICATION_COMPANY,COD_APPLICATION,NUM_COMPANY,IND_ACTIVE,NAM_USER_MODIFY,DAT_LAST_MODIFY) values (8058,'subMMgt',5,'Y','ALZAHER',to_date('23-AUG-15','DD-MON-RR'));
Insert into ADMINSEC.SEC_APPLICATIONS_COMPANIES (NUM_APPLICATION_COMPANY,COD_APPLICATION,NUM_COMPANY,IND_ACTIVE,NAM_USER_MODIFY,DAT_LAST_MODIFY) values (8059,'qutMgt',5,'Y','ALZAHER',to_date('23-AUG-15','DD-MON-RR'));
Insert into ADMINSEC.SEC_APPLICATIONS_COMPANIES (NUM_APPLICATION_COMPANY,COD_APPLICATION,NUM_COMPANY,IND_ACTIVE,NAM_USER_MODIFY,DAT_LAST_MODIFY) values (8060,'pjtIMgt',5,'N','ALZAHER',to_date('23-AUG-15','DD-MON-RR'));
Insert into ADMINSEC.SEC_APPLICATIONS_COMPANIES (NUM_APPLICATION_COMPANY,COD_APPLICATION,NUM_COMPANY,IND_ACTIVE,NAM_USER_MODIFY,DAT_LAST_MODIFY) values (10050,'logUsr',5,'Y','ALZAHER',to_date('23-AUG-15','DD-MON-RR'));
Insert into ADMINSEC.SEC_APPLICATIONS_COMPANIES (NUM_APPLICATION_COMPANY,COD_APPLICATION,NUM_COMPANY,IND_ACTIVE,NAM_USER_MODIFY,DAT_LAST_MODIFY) values (10051,'usr',5,'Y','ALZAHER',to_date('23-AUG-15','DD-MON-RR'));
Insert into ADMINSEC.SEC_APPLICATIONS_COMPANIES (NUM_APPLICATION_COMPANY,COD_APPLICATION,NUM_COMPANY,IND_ACTIVE,NAM_USER_MODIFY,DAT_LAST_MODIFY) values (10052,'alloc',5,'Y','ALZAHER',to_date('23-AUG-15','DD-MON-RR'));

Insert into ADMINSEC.SEC_USERS (COD_USER_LOGIN,COD_EMPLOYEE,DAT_REGISTRATION,IND_ACTIVE,DAT_BEGIN_INACTIVITY,DES_MOTIVE_INACTIVITY,NAM_USER_MODIFY,DAT_LAST_MODIFY,IND_ADMIN_SYSTEM,COD_PASSWORD) values ('ALADEEL',7,to_date('21-FEB-15','DD-MON-RR'),'Y',null,null,'ADMINUSER1',to_date('21-FEB-15','DD-MON-RR'),'N','123456');
Insert into ADMINSEC.SEC_USERS (COD_USER_LOGIN,COD_EMPLOYEE,DAT_REGISTRATION,IND_ACTIVE,DAT_BEGIN_INACTIVITY,DES_MOTIVE_INACTIVITY,NAM_USER_MODIFY,DAT_LAST_MODIFY,IND_ADMIN_SYSTEM,COD_PASSWORD) values ('ALALEX',4,to_date('21-FEB-15','DD-MON-RR'),'Y',null,null,'ADMINUSER1',to_date('21-FEB-15','DD-MON-RR'),'N','123456');
Insert into ADMINSEC.SEC_USERS (COD_USER_LOGIN,COD_EMPLOYEE,DAT_REGISTRATION,IND_ACTIVE,DAT_BEGIN_INACTIVITY,DES_MOTIVE_INACTIVITY,NAM_USER_MODIFY,DAT_LAST_MODIFY,IND_ADMIN_SYSTEM,COD_PASSWORD) values ('ALAQEEL',5,to_date('21-FEB-15','DD-MON-RR'),'Y',null,null,'ADMINUSER1',to_date('21-FEB-15','DD-MON-RR'),'N','123456');
Insert into ADMINSEC.SEC_USERS (COD_USER_LOGIN,COD_EMPLOYEE,DAT_REGISTRATION,IND_ACTIVE,DAT_BEGIN_INACTIVITY,DES_MOTIVE_INACTIVITY,NAM_USER_MODIFY,DAT_LAST_MODIFY,IND_ADMIN_SYSTEM,COD_PASSWORD) values ('ALFAUSTINO',2,to_date('21-FEB-15','DD-MON-RR'),'Y',null,null,'ADMINUSER1',to_date('21-FEB-15','DD-MON-RR'),'N','123456');
Insert into ADMINSEC.SEC_USERS (COD_USER_LOGIN,COD_EMPLOYEE,DAT_REGISTRATION,IND_ACTIVE,DAT_BEGIN_INACTIVITY,DES_MOTIVE_INACTIVITY,NAM_USER_MODIFY,DAT_LAST_MODIFY,IND_ADMIN_SYSTEM,COD_PASSWORD) values ('ALGAREEN',3,to_date('21-FEB-15','DD-MON-RR'),'Y',null,null,'ADMINUSER1',to_date('21-FEB-15','DD-MON-RR'),'N','123456');
Insert into ADMINSEC.SEC_USERS (COD_USER_LOGIN,COD_EMPLOYEE,DAT_REGISTRATION,IND_ACTIVE,DAT_BEGIN_INACTIVITY,DES_MOTIVE_INACTIVITY,NAM_USER_MODIFY,DAT_LAST_MODIFY,IND_ADMIN_SYSTEM,COD_PASSWORD) values ('ALJALIL',8,to_date('21-FEB-15','DD-MON-RR'),'Y',null,null,'ADMINUSER1',to_date('21-FEB-15','DD-MON-RR'),'N','123456');
Insert into ADMINSEC.SEC_USERS (COD_USER_LOGIN,COD_EMPLOYEE,DAT_REGISTRATION,IND_ACTIVE,DAT_BEGIN_INACTIVITY,DES_MOTIVE_INACTIVITY,NAM_USER_MODIFY,DAT_LAST_MODIFY,IND_ADMIN_SYSTEM,COD_PASSWORD) values ('ALJERRY',9,to_date('21-FEB-15','DD-MON-RR'),'Y',null,null,'ADMINUSER1',to_date('21-FEB-15','DD-MON-RR'),'N','123456');
Insert into ADMINSEC.SEC_USERS (COD_USER_LOGIN,COD_EMPLOYEE,DAT_REGISTRATION,IND_ACTIVE,DAT_BEGIN_INACTIVITY,DES_MOTIVE_INACTIVITY,NAM_USER_MODIFY,DAT_LAST_MODIFY,IND_ADMIN_SYSTEM,COD_PASSWORD) values ('ALJOEL',13,to_date('21-FEB-15','DD-MON-RR'),'Y',null,null,'ADMINUSER1',to_date('21-FEB-15','DD-MON-RR'),'N','123456');
Insert into ADMINSEC.SEC_USERS (COD_USER_LOGIN,COD_EMPLOYEE,DAT_REGISTRATION,IND_ACTIVE,DAT_BEGIN_INACTIVITY,DES_MOTIVE_INACTIVITY,NAM_USER_MODIFY,DAT_LAST_MODIFY,IND_ADMIN_SYSTEM,COD_PASSWORD) values ('ALREXIE',6,to_date('21-FEB-15','DD-MON-RR'),'Y',null,null,'ADMINUSER1',to_date('21-FEB-15','DD-MON-RR'),'N','123456');
Insert into ADMINSEC.SEC_USERS (COD_USER_LOGIN,COD_EMPLOYEE,DAT_REGISTRATION,IND_ACTIVE,DAT_BEGIN_INACTIVITY,DES_MOTIVE_INACTIVITY,NAM_USER_MODIFY,DAT_LAST_MODIFY,IND_ADMIN_SYSTEM,COD_PASSWORD) values ('ALZAHER',1,to_date('21-FEB-15','DD-MON-RR'),'Y',null,null,'ADMINUSER1',to_date('21-FEB-15','DD-MON-RR'),'N','123456');
Insert into ADMINSEC.SEC_USERS (COD_USER_LOGIN,COD_EMPLOYEE,DAT_REGISTRATION,IND_ACTIVE,DAT_BEGIN_INACTIVITY,DES_MOTIVE_INACTIVITY,NAM_USER_MODIFY,DAT_LAST_MODIFY,IND_ADMIN_SYSTEM,COD_PASSWORD) values ('ALELENO',22,to_date('20-MAY-15','DD-MON-RR'),'Y',null,null,'ALZAHER',to_date('20-MAY-15','DD-MON-RR'),'N','123456');
Insert into ADMINSEC.SEC_USERS (COD_USER_LOGIN,COD_EMPLOYEE,DAT_REGISTRATION,IND_ACTIVE,DAT_BEGIN_INACTIVITY,DES_MOTIVE_INACTIVITY,NAM_USER_MODIFY,DAT_LAST_MODIFY,IND_ADMIN_SYSTEM,COD_PASSWORD) values ('ALRON',23,to_date('20-MAY-15','DD-MON-RR'),'Y',null,null,'ALZAHER',to_date('20-MAY-15','DD-MON-RR'),'N','123456');
Insert into ADMINSEC.SEC_USERS (COD_USER_LOGIN,COD_EMPLOYEE,DAT_REGISTRATION,IND_ACTIVE,DAT_BEGIN_INACTIVITY,DES_MOTIVE_INACTIVITY,NAM_USER_MODIFY,DAT_LAST_MODIFY,IND_ADMIN_SYSTEM,COD_PASSWORD) values ('ALDINDO',25,to_date('20-MAY-15','DD-MON-RR'),'Y',null,null,'ALZAHER',to_date('20-MAY-15','DD-MON-RR'),'N','123456');
Insert into ADMINSEC.SEC_USERS (COD_USER_LOGIN,COD_EMPLOYEE,DAT_REGISTRATION,IND_ACTIVE,DAT_BEGIN_INACTIVITY,DES_MOTIVE_INACTIVITY,NAM_USER_MODIFY,DAT_LAST_MODIFY,IND_ADMIN_SYSTEM,COD_PASSWORD) values ('ALALDRIN',33,to_date('20-MAY-15','DD-MON-RR'),'Y',null,null,'ALZAHER',to_date('20-MAY-15','DD-MON-RR'),'N','123456');
Insert into ADMINSEC.SEC_USERS (COD_USER_LOGIN,COD_EMPLOYEE,DAT_REGISTRATION,IND_ACTIVE,DAT_BEGIN_INACTIVITY,DES_MOTIVE_INACTIVITY,NAM_USER_MODIFY,DAT_LAST_MODIFY,IND_ADMIN_SYSTEM,COD_PASSWORD) values ('ALAYOUBI',26,to_date('20-MAY-15','DD-MON-RR'),'Y',null,null,'ALZAHER',to_date('20-MAY-15','DD-MON-RR'),'N','123456');
Insert into ADMINSEC.SEC_USERS (COD_USER_LOGIN,COD_EMPLOYEE,DAT_REGISTRATION,IND_ACTIVE,DAT_BEGIN_INACTIVITY,DES_MOTIVE_INACTIVITY,NAM_USER_MODIFY,DAT_LAST_MODIFY,IND_ADMIN_SYSTEM,COD_PASSWORD) values ('MABMCC0001',1,to_date('25-JAN-15','DD-MON-RR'),'N',null,null,'ADMINUSER1',to_date('25-JAN-15','DD-MON-RR'),'N','123456');
Insert into ADMINSEC.SEC_USERS (COD_USER_LOGIN,COD_EMPLOYEE,DAT_REGISTRATION,IND_ACTIVE,DAT_BEGIN_INACTIVITY,DES_MOTIVE_INACTIVITY,NAM_USER_MODIFY,DAT_LAST_MODIFY,IND_ADMIN_SYSTEM,COD_PASSWORD) values ('MABMCC1002',2,to_date('25-JAN-15','DD-MON-RR'),'N',null,null,'ADMINUSER1',to_date('25-JAN-15','DD-MON-RR'),'N','123456');
Insert into ADMINSEC.SEC_USERS (COD_USER_LOGIN,COD_EMPLOYEE,DAT_REGISTRATION,IND_ACTIVE,DAT_BEGIN_INACTIVITY,DES_MOTIVE_INACTIVITY,NAM_USER_MODIFY,DAT_LAST_MODIFY,IND_ADMIN_SYSTEM,COD_PASSWORD) values ('MABMCC1004',3,to_date('25-JAN-15','DD-MON-RR'),'N',to_date('19-MAY-15','DD-MON-RR'),'Change of user name','ALZAHER',to_date('19-MAY-15','DD-MON-RR'),'Y','123456');
Insert into ADMINSEC.SEC_USERS (COD_USER_LOGIN,COD_EMPLOYEE,DAT_REGISTRATION,IND_ACTIVE,DAT_BEGIN_INACTIVITY,DES_MOTIVE_INACTIVITY,NAM_USER_MODIFY,DAT_LAST_MODIFY,IND_ADMIN_SYSTEM,COD_PASSWORD) values ('MABMCC1003',4,to_date('25-JAN-15','DD-MON-RR'),'N',null,null,'ADMINUSER1',to_date('25-JAN-15','DD-MON-RR'),'N','123456');
Insert into ADMINSEC.SEC_USERS (COD_USER_LOGIN,COD_EMPLOYEE,DAT_REGISTRATION,IND_ACTIVE,DAT_BEGIN_INACTIVITY,DES_MOTIVE_INACTIVITY,NAM_USER_MODIFY,DAT_LAST_MODIFY,IND_ADMIN_SYSTEM,COD_PASSWORD) values ('MABMCC1007',5,to_date('25-JAN-15','DD-MON-RR'),'N',null,null,'ADMINUSER1',to_date('25-JAN-15','DD-MON-RR'),'N','123456');
Insert into ADMINSEC.SEC_USERS (COD_USER_LOGIN,COD_EMPLOYEE,DAT_REGISTRATION,IND_ACTIVE,DAT_BEGIN_INACTIVITY,DES_MOTIVE_INACTIVITY,NAM_USER_MODIFY,DAT_LAST_MODIFY,IND_ADMIN_SYSTEM,COD_PASSWORD) values ('MABMCC1001',6,to_date('25-JAN-15','DD-MON-RR'),'N',null,null,'ADMINUSER1',to_date('25-JAN-15','DD-MON-RR'),'N','123456');
Insert into ADMINSEC.SEC_USERS (COD_USER_LOGIN,COD_EMPLOYEE,DAT_REGISTRATION,IND_ACTIVE,DAT_BEGIN_INACTIVITY,DES_MOTIVE_INACTIVITY,NAM_USER_MODIFY,DAT_LAST_MODIFY,IND_ADMIN_SYSTEM,COD_PASSWORD) values ('MABMCC1005',7,to_date('25-JAN-15','DD-MON-RR'),'N',null,null,'ADMINUSER1',to_date('25-JAN-15','DD-MON-RR'),'N','123456');
Insert into ADMINSEC.SEC_USERS (COD_USER_LOGIN,COD_EMPLOYEE,DAT_REGISTRATION,IND_ACTIVE,DAT_BEGIN_INACTIVITY,DES_MOTIVE_INACTIVITY,NAM_USER_MODIFY,DAT_LAST_MODIFY,IND_ADMIN_SYSTEM,COD_PASSWORD) values ('MABMCC1006',8,to_date('25-JAN-15','DD-MON-RR'),'N',to_date('19-MAY-15','DD-MON-RR'),'Change to another username','ALZAHER',to_date('19-MAY-15','DD-MON-RR'),'Y','123456');
Insert into ADMINSEC.SEC_USERS (COD_USER_LOGIN,COD_EMPLOYEE,DAT_REGISTRATION,IND_ACTIVE,DAT_BEGIN_INACTIVITY,DES_MOTIVE_INACTIVITY,NAM_USER_MODIFY,DAT_LAST_MODIFY,IND_ADMIN_SYSTEM,COD_PASSWORD) values ('MABMCC1008',9,to_date('25-JAN-15','DD-MON-RR'),'N',null,null,'ADMINUSER1',to_date('25-JAN-15','DD-MON-RR'),'N','123456');
Insert into ADMINSEC.SEC_USERS (COD_USER_LOGIN,COD_EMPLOYEE,DAT_REGISTRATION,IND_ACTIVE,DAT_BEGIN_INACTIVITY,DES_MOTIVE_INACTIVITY,NAM_USER_MODIFY,DAT_LAST_MODIFY,IND_ADMIN_SYSTEM,COD_PASSWORD) values ('MABMCC1009',10,to_date('25-JAN-15','DD-MON-RR'),'N',null,null,'ADMINUSER1',to_date('25-JAN-15','DD-MON-RR'),'N','123456');
Insert into ADMINSEC.SEC_USERS (COD_USER_LOGIN,COD_EMPLOYEE,DAT_REGISTRATION,IND_ACTIVE,DAT_BEGIN_INACTIVITY,DES_MOTIVE_INACTIVITY,NAM_USER_MODIFY,DAT_LAST_MODIFY,IND_ADMIN_SYSTEM,COD_PASSWORD) values ('MABMCC1010',11,to_date('25-JAN-15','DD-MON-RR'),'N',null,null,'ADMINUSER1',to_date('25-JAN-15','DD-MON-RR'),'N','123456');
Insert into ADMINSEC.SEC_USERS (COD_USER_LOGIN,COD_EMPLOYEE,DAT_REGISTRATION,IND_ACTIVE,DAT_BEGIN_INACTIVITY,DES_MOTIVE_INACTIVITY,NAM_USER_MODIFY,DAT_LAST_MODIFY,IND_ADMIN_SYSTEM,COD_PASSWORD) values ('MABMCC1011',12,to_date('25-JAN-15','DD-MON-RR'),'N',null,null,'ADMINUSER1',to_date('25-JAN-15','DD-MON-RR'),'N','123456');
Insert into ADMINSEC.SEC_USERS (COD_USER_LOGIN,COD_EMPLOYEE,DAT_REGISTRATION,IND_ACTIVE,DAT_BEGIN_INACTIVITY,DES_MOTIVE_INACTIVITY,NAM_USER_MODIFY,DAT_LAST_MODIFY,IND_ADMIN_SYSTEM,COD_PASSWORD) values ('MABMCC1012',13,to_date('25-JAN-15','DD-MON-RR'),'N',null,null,'ADMINUSER1',to_date('25-JAN-15','DD-MON-RR'),'N','123456');
Insert into ADMINSEC.SEC_USERS (COD_USER_LOGIN,COD_EMPLOYEE,DAT_REGISTRATION,IND_ACTIVE,DAT_BEGIN_INACTIVITY,DES_MOTIVE_INACTIVITY,NAM_USER_MODIFY,DAT_LAST_MODIFY,IND_ADMIN_SYSTEM,COD_PASSWORD) values ('MABMCC1013',14,to_date('25-JAN-15','DD-MON-RR'),'N',null,null,'ADMINUSER1',to_date('25-JAN-15','DD-MON-RR'),'N','123456');
Insert into ADMINSEC.SEC_USERS (COD_USER_LOGIN,COD_EMPLOYEE,DAT_REGISTRATION,IND_ACTIVE,DAT_BEGIN_INACTIVITY,DES_MOTIVE_INACTIVITY,NAM_USER_MODIFY,DAT_LAST_MODIFY,IND_ADMIN_SYSTEM,COD_PASSWORD) values ('MABMCC1014',15,to_date('25-JAN-15','DD-MON-RR'),'N',null,null,'ADMINUSER1',to_date('25-JAN-15','DD-MON-RR'),'N','123456');
Insert into ADMINSEC.SEC_USERS (COD_USER_LOGIN,COD_EMPLOYEE,DAT_REGISTRATION,IND_ACTIVE,DAT_BEGIN_INACTIVITY,DES_MOTIVE_INACTIVITY,NAM_USER_MODIFY,DAT_LAST_MODIFY,IND_ADMIN_SYSTEM,COD_PASSWORD) values ('MABMCC1019',17,to_date('21-FEB-15','DD-MON-RR'),'N',null,null,'ADMINUSER1',to_date('21-FEB-15','DD-MON-RR'),'N','123456');
Insert into ADMINSEC.SEC_USERS (COD_USER_LOGIN,COD_EMPLOYEE,DAT_REGISTRATION,IND_ACTIVE,DAT_BEGIN_INACTIVITY,DES_MOTIVE_INACTIVITY,NAM_USER_MODIFY,DAT_LAST_MODIFY,IND_ADMIN_SYSTEM,COD_PASSWORD) values ('MABMCC1020',18,to_date('21-FEB-15','DD-MON-RR'),'N',null,null,'ADMINUSER1',to_date('21-FEB-15','DD-MON-RR'),'N','123456');
Insert into ADMINSEC.SEC_USERS (COD_USER_LOGIN,COD_EMPLOYEE,DAT_REGISTRATION,IND_ACTIVE,DAT_BEGIN_INACTIVITY,DES_MOTIVE_INACTIVITY,NAM_USER_MODIFY,DAT_LAST_MODIFY,IND_ADMIN_SYSTEM,COD_PASSWORD) values ('MABMCC1021',19,to_date('21-FEB-15','DD-MON-RR'),'N',null,null,'ADMINUSER1',to_date('21-FEB-15','DD-MON-RR'),'N','123456');
Insert into ADMINSEC.SEC_USERS (COD_USER_LOGIN,COD_EMPLOYEE,DAT_REGISTRATION,IND_ACTIVE,DAT_BEGIN_INACTIVITY,DES_MOTIVE_INACTIVITY,NAM_USER_MODIFY,DAT_LAST_MODIFY,IND_ADMIN_SYSTEM,COD_PASSWORD) values ('MABMCC1022',20,to_date('21-FEB-15','DD-MON-RR'),'N',null,null,'ADMINUSER1',to_date('21-FEB-15','DD-MON-RR'),'N','123456');
Insert into ADMINSEC.SEC_USERS (COD_USER_LOGIN,COD_EMPLOYEE,DAT_REGISTRATION,IND_ACTIVE,DAT_BEGIN_INACTIVITY,DES_MOTIVE_INACTIVITY,NAM_USER_MODIFY,DAT_LAST_MODIFY,IND_ADMIN_SYSTEM,COD_PASSWORD) values ('MABMCC1017',21,to_date('21-FEB-15','DD-MON-RR'),'N',null,null,'ADMINUSER1',to_date('21-FEB-15','DD-MON-RR'),'N','123456');
Insert into ADMINSEC.SEC_USERS (COD_USER_LOGIN,COD_EMPLOYEE,DAT_REGISTRATION,IND_ACTIVE,DAT_BEGIN_INACTIVITY,DES_MOTIVE_INACTIVITY,NAM_USER_MODIFY,DAT_LAST_MODIFY,IND_ADMIN_SYSTEM,COD_PASSWORD) values ('MABMCC1025',23,to_date('21-FEB-15','DD-MON-RR'),'N',to_date('20-MAY-15','DD-MON-RR'),'Change to another username','ALZAHER',to_date('20-MAY-15','DD-MON-RR'),'Y','123456');
Insert into ADMINSEC.SEC_USERS (COD_USER_LOGIN,COD_EMPLOYEE,DAT_REGISTRATION,IND_ACTIVE,DAT_BEGIN_INACTIVITY,DES_MOTIVE_INACTIVITY,NAM_USER_MODIFY,DAT_LAST_MODIFY,IND_ADMIN_SYSTEM,COD_PASSWORD) values ('MABMCC1024',26,to_date('21-FEB-15','DD-MON-RR'),'N',to_date('20-MAY-15','DD-MON-RR'),'Change to another username','ALZAHER',to_date('20-MAY-15','DD-MON-RR'),'Y','123456');
Insert into ADMINSEC.SEC_USERS (COD_USER_LOGIN,COD_EMPLOYEE,DAT_REGISTRATION,IND_ACTIVE,DAT_BEGIN_INACTIVITY,DES_MOTIVE_INACTIVITY,NAM_USER_MODIFY,DAT_LAST_MODIFY,IND_ADMIN_SYSTEM,COD_PASSWORD) values ('MABMCC1026',66,to_date('21-FEB-15','DD-MON-RR'),'N',null,null,'ADMINUSER1',to_date('21-FEB-15','DD-MON-RR'),'N','123456');
Insert into ADMINSEC.SEC_USERS (COD_USER_LOGIN,COD_EMPLOYEE,DAT_REGISTRATION,IND_ACTIVE,DAT_BEGIN_INACTIVITY,DES_MOTIVE_INACTIVITY,NAM_USER_MODIFY,DAT_LAST_MODIFY,IND_ADMIN_SYSTEM,COD_PASSWORD) values ('MABMCC1023',76,to_date('21-FEB-15','DD-MON-RR'),'N',null,null,'ADMINUSER1',to_date('21-FEB-15','DD-MON-RR'),'N','123456');
Insert into ADMINSEC.SEC_USERS (COD_USER_LOGIN,COD_EMPLOYEE,DAT_REGISTRATION,IND_ACTIVE,DAT_BEGIN_INACTIVITY,DES_MOTIVE_INACTIVITY,NAM_USER_MODIFY,DAT_LAST_MODIFY,IND_ADMIN_SYSTEM,COD_PASSWORD) values ('MABMCC1016',121,to_date('21-FEB-15','DD-MON-RR'),'N',null,null,'ADMINUSER1',to_date('21-FEB-15','DD-MON-RR'),'N','123456');
Insert into ADMINSEC.SEC_USERS (COD_USER_LOGIN,COD_EMPLOYEE,DAT_REGISTRATION,IND_ACTIVE,DAT_BEGIN_INACTIVITY,DES_MOTIVE_INACTIVITY,NAM_USER_MODIFY,DAT_LAST_MODIFY,IND_ADMIN_SYSTEM,COD_PASSWORD) values ('MABMCC1015',122,to_date('21-FEB-15','DD-MON-RR'),'N',null,null,'ADMINUSER1',to_date('21-FEB-15','DD-MON-RR'),'N','123456');
Insert into ADMINSEC.SEC_USERS (COD_USER_LOGIN,COD_EMPLOYEE,DAT_REGISTRATION,IND_ACTIVE,DAT_BEGIN_INACTIVITY,DES_MOTIVE_INACTIVITY,NAM_USER_MODIFY,DAT_LAST_MODIFY,IND_ADMIN_SYSTEM,COD_PASSWORD) values ('MABMCC1029',126,to_date('14-MAY-15','DD-MON-RR'),'N',null,null,'ADMINUSER1',to_date('21-FEB-15','DD-MON-RR'),'N','123456');
Insert into ADMINSEC.SEC_USERS (COD_USER_LOGIN,COD_EMPLOYEE,DAT_REGISTRATION,IND_ACTIVE,DAT_BEGIN_INACTIVITY,DES_MOTIVE_INACTIVITY,NAM_USER_MODIFY,DAT_LAST_MODIFY,IND_ADMIN_SYSTEM,COD_PASSWORD) values ('MABMCC1027',102,to_date('21-FEB-15','DD-MON-RR'),'N',null,null,'ADMINUSER1',to_date('21-FEB-15','DD-MON-RR'),'N','123456');
Insert into ADMINSEC.SEC_USERS (COD_USER_LOGIN,COD_EMPLOYEE,DAT_REGISTRATION,IND_ACTIVE,DAT_BEGIN_INACTIVITY,DES_MOTIVE_INACTIVITY,NAM_USER_MODIFY,DAT_LAST_MODIFY,IND_ADMIN_SYSTEM,COD_PASSWORD) values ('MABMCC1028',104,to_date('21-FEB-15','DD-MON-RR'),'N',null,null,'ADMINUSER1',to_date('21-FEB-15','DD-MON-RR'),'N','123456');
Insert into ADMINSEC.SEC_USERS (COD_USER_LOGIN,COD_EMPLOYEE,DAT_REGISTRATION,IND_ACTIVE,DAT_BEGIN_INACTIVITY,DES_MOTIVE_INACTIVITY,NAM_USER_MODIFY,DAT_LAST_MODIFY,IND_ADMIN_SYSTEM,COD_PASSWORD) values ('ALMOUTAZ',121,to_date('15-JUN-15','DD-MON-RR'),'Y',null,null,'ALZAHER',to_date('15-JUN-15','DD-MON-RR'),'N','123456');
Insert into ADMINSEC.SEC_USERS (COD_USER_LOGIN,COD_EMPLOYEE,DAT_REGISTRATION,IND_ACTIVE,DAT_BEGIN_INACTIVITY,DES_MOTIVE_INACTIVITY,NAM_USER_MODIFY,DAT_LAST_MODIFY,IND_ADMIN_SYSTEM,COD_PASSWORD) values ('ALNADIM',15,to_date('15-JUN-15','DD-MON-RR'),'Y',null,null,'ALZAHER',to_date('15-JUN-15','DD-MON-RR'),'N','123456');
Insert into ADMINSEC.SEC_USERS (COD_USER_LOGIN,COD_EMPLOYEE,DAT_REGISTRATION,IND_ACTIVE,DAT_BEGIN_INACTIVITY,DES_MOTIVE_INACTIVITY,NAM_USER_MODIFY,DAT_LAST_MODIFY,IND_ADMIN_SYSTEM,COD_PASSWORD) values ('ALRONALD',24,to_date('15-JUN-15','DD-MON-RR'),'Y',null,null,'ALZAHER',to_date('15-JUN-15','DD-MON-RR'),'N','123456');
Insert into ADMINSEC.SEC_USERS (COD_USER_LOGIN,COD_EMPLOYEE,DAT_REGISTRATION,IND_ACTIVE,DAT_BEGIN_INACTIVITY,DES_MOTIVE_INACTIVITY,NAM_USER_MODIFY,DAT_LAST_MODIFY,IND_ADMIN_SYSTEM,COD_PASSWORD) values ('ALYOUSSEF',21,to_date('15-JUN-15','DD-MON-RR'),'Y',null,null,'ALZAHER',to_date('15-JUN-15','DD-MON-RR'),'N','123456');
Insert into ADMINSEC.SEC_USERS (COD_USER_LOGIN,COD_EMPLOYEE,DAT_REGISTRATION,IND_ACTIVE,DAT_BEGIN_INACTIVITY,DES_MOTIVE_INACTIVITY,NAM_USER_MODIFY,DAT_LAST_MODIFY,IND_ADMIN_SYSTEM,COD_PASSWORD) values ('ALIGNACIO',127,to_date('15-JUN-15','DD-MON-RR'),'Y',null,null,'ALZAHER',to_date('15-JUN-15','DD-MON-RR'),'N','123456');
Insert into ADMINSEC.SEC_USERS (COD_USER_LOGIN,COD_EMPLOYEE,DAT_REGISTRATION,IND_ACTIVE,DAT_BEGIN_INACTIVITY,DES_MOTIVE_INACTIVITY,NAM_USER_MODIFY,DAT_LAST_MODIFY,IND_ADMIN_SYSTEM,COD_PASSWORD) values ('ALAHMAD',66,to_date('15-JUN-15','DD-MON-RR'),'Y',null,null,'ALZAHER',to_date('15-JUN-15','DD-MON-RR'),'Y','123456');
Insert into ADMINSEC.SEC_USERS (COD_USER_LOGIN,COD_EMPLOYEE,DAT_REGISTRATION,IND_ACTIVE,DAT_BEGIN_INACTIVITY,DES_MOTIVE_INACTIVITY,NAM_USER_MODIFY,DAT_LAST_MODIFY,IND_ADMIN_SYSTEM,COD_PASSWORD) values ('ALABDULKADER',128,to_date('18-JUN-15','DD-MON-RR'),'Y',null,null,'ALZAHER',to_date('18-JUN-15','DD-MON-RR'),'N','123456');
Insert into ADMINSEC.SEC_USERS (COD_USER_LOGIN,COD_EMPLOYEE,DAT_REGISTRATION,IND_ACTIVE,DAT_BEGIN_INACTIVITY,DES_MOTIVE_INACTIVITY,NAM_USER_MODIFY,DAT_LAST_MODIFY,IND_ADMIN_SYSTEM,COD_PASSWORD) values ('BYZAHER',123,to_date('30-JUL-15','DD-MON-RR'),'Y',null,null,'ZAHER',to_date('30-JUL-15','DD-MON-RR'),'N','123456');
Insert into ADMINSEC.SEC_USERS (COD_USER_LOGIN,COD_EMPLOYEE,DAT_REGISTRATION,IND_ACTIVE,DAT_BEGIN_INACTIVITY,DES_MOTIVE_INACTIVITY,NAM_USER_MODIFY,DAT_LAST_MODIFY,IND_ADMIN_SYSTEM,COD_PASSWORD) values ('BYANA',125,to_date('30-JUL-15','DD-MON-RR'),'Y',null,null,'ZAHER',to_date('30-JUL-15','DD-MON-RR'),'N','123456');
Insert into ADMINSEC.SEC_USERS (COD_USER_LOGIN,COD_EMPLOYEE,DAT_REGISTRATION,IND_ACTIVE,DAT_BEGIN_INACTIVITY,DES_MOTIVE_INACTIVITY,NAM_USER_MODIFY,DAT_LAST_MODIFY,IND_ADMIN_SYSTEM,COD_PASSWORD) values ('BYLILIANA',124,to_date('30-JUL-15','DD-MON-RR'),'N',null,null,'ADMINUSER1',to_date('19-AUG-15','DD-MON-RR'),'N','123456');
Insert into ADMINSEC.SEC_USERS (COD_USER_LOGIN,COD_EMPLOYEE,DAT_REGISTRATION,IND_ACTIVE,DAT_BEGIN_INACTIVITY,DES_MOTIVE_INACTIVITY,NAM_USER_MODIFY,DAT_LAST_MODIFY,IND_ADMIN_SYSTEM,COD_PASSWORD) values ('ADMINUSER1',123,to_date('10-APR-14','DD-MON-RR'),'Y',null,null,'ADMINUSER1',to_date('19-AUG-15','DD-MON-RR'),'Y','zaza#2014');

Insert into ADMINSEC.SEC_APPLICATIONS_GRANTS (NUM_APPLICATION_GRANT,COD_USER_LOGIN,NUM_APPLICATION_COMPANY,COD_PERFIL,DAT_BEGIN_VALIDITY,DAT_END_VALIDITY,DES_OBSERVATION,NAM_USER_MODIFY,DAT_LAST_MODIFY) values (249,'ALZAHER',8051,'FULL',to_date('23-AUG-15','DD-MON-RR'),null,'ADMINUSER1','ADMINUSER1',to_date('23-AUG-15','DD-MON-RR'));
Insert into ADMINSEC.SEC_APPLICATIONS_GRANTS (NUM_APPLICATION_GRANT,COD_USER_LOGIN,NUM_APPLICATION_COMPANY,COD_PERFIL,DAT_BEGIN_VALIDITY,DAT_END_VALIDITY,DES_OBSERVATION,NAM_USER_MODIFY,DAT_LAST_MODIFY) values (250,'ALZAHER',8057,'FULL',to_date('23-AUG-15','DD-MON-RR'),null,'ADMINUSER1','ADMINUSER1',to_date('23-AUG-15','DD-MON-RR'));
Insert into ADMINSEC.SEC_APPLICATIONS_GRANTS (NUM_APPLICATION_GRANT,COD_USER_LOGIN,NUM_APPLICATION_COMPANY,COD_PERFIL,DAT_BEGIN_VALIDITY,DAT_END_VALIDITY,DES_OBSERVATION,NAM_USER_MODIFY,DAT_LAST_MODIFY) values (251,'ALZAHER',8059,'FULL',to_date('23-AUG-15','DD-MON-RR'),null,'ADMINUSER1','ADMINUSER1',to_date('23-AUG-15','DD-MON-RR'));
Insert into ADMINSEC.SEC_APPLICATIONS_GRANTS (NUM_APPLICATION_GRANT,COD_USER_LOGIN,NUM_APPLICATION_COMPANY,COD_PERFIL,DAT_BEGIN_VALIDITY,DAT_END_VALIDITY,DES_OBSERVATION,NAM_USER_MODIFY,DAT_LAST_MODIFY) values (252,'ALZAHER',8060,'FULL',to_date('23-AUG-15','DD-MON-RR'),null,'ADMINUSER1','ADMINUSER1',to_date('23-AUG-15','DD-MON-RR'));
Insert into ADMINSEC.SEC_APPLICATIONS_GRANTS (NUM_APPLICATION_GRANT,COD_USER_LOGIN,NUM_APPLICATION_COMPANY,COD_PERFIL,DAT_BEGIN_VALIDITY,DAT_END_VALIDITY,DES_OBSERVATION,NAM_USER_MODIFY,DAT_LAST_MODIFY) values (247,'ALZAHER',201,'FULL',to_date('23-AUG-15','DD-MON-RR'),null,'ADMINUSER1','ADMINUSER1',to_date('23-AUG-15','DD-MON-RR'));
Insert into ADMINSEC.SEC_APPLICATIONS_GRANTS (NUM_APPLICATION_GRANT,COD_USER_LOGIN,NUM_APPLICATION_COMPANY,COD_PERFIL,DAT_BEGIN_VALIDITY,DAT_END_VALIDITY,DES_OBSERVATION,NAM_USER_MODIFY,DAT_LAST_MODIFY) values (248,'ALZAHER',8050,'FULL',to_date('23-AUG-15','DD-MON-RR'),null,'ADMINUSER1','ADMINUSER1',to_date('23-AUG-15','DD-MON-RR'));
Insert into ADMINSEC.SEC_APPLICATIONS_GRANTS (NUM_APPLICATION_GRANT,COD_USER_LOGIN,NUM_APPLICATION_COMPANY,COD_PERFIL,DAT_BEGIN_VALIDITY,DAT_END_VALIDITY,DES_OBSERVATION,NAM_USER_MODIFY,DAT_LAST_MODIFY) values (1,'ADMINUSER1',1,'FULL',to_date('15-AUG-15','DD-MON-RR'),null,'zaher','ALZAHER',to_date('15-AUG-15','DD-MON-RR'));
Insert into ADMINSEC.SEC_APPLICATIONS_GRANTS (NUM_APPLICATION_GRANT,COD_USER_LOGIN,NUM_APPLICATION_COMPANY,COD_PERFIL,DAT_BEGIN_VALIDITY,DAT_END_VALIDITY,DES_OBSERVATION,NAM_USER_MODIFY,DAT_LAST_MODIFY) values (2,'ADMINUSER1',2,'FULL',to_date('15-AUG-15','DD-MON-RR'),null,'zaher','ALZAHER',to_date('15-AUG-15','DD-MON-RR'));
Insert into ADMINSEC.SEC_APPLICATIONS_GRANTS (NUM_APPLICATION_GRANT,COD_USER_LOGIN,NUM_APPLICATION_COMPANY,COD_PERFIL,DAT_BEGIN_VALIDITY,DAT_END_VALIDITY,DES_OBSERVATION,NAM_USER_MODIFY,DAT_LAST_MODIFY) values (3,'ADMINUSER1',3,'FULL',to_date('15-AUG-15','DD-MON-RR'),null,'zaher','ALZAHER',to_date('15-AUG-15','DD-MON-RR'));
Insert into ADMINSEC.SEC_APPLICATIONS_GRANTS (NUM_APPLICATION_GRANT,COD_USER_LOGIN,NUM_APPLICATION_COMPANY,COD_PERFIL,DAT_BEGIN_VALIDITY,DAT_END_VALIDITY,DES_OBSERVATION,NAM_USER_MODIFY,DAT_LAST_MODIFY) values (4,'ADMINUSER1',4,'FULL',to_date('15-AUG-15','DD-MON-RR'),null,'zaher','ALZAHER',to_date('15-AUG-15','DD-MON-RR'));
Insert into ADMINSEC.SEC_APPLICATIONS_GRANTS (NUM_APPLICATION_GRANT,COD_USER_LOGIN,NUM_APPLICATION_COMPANY,COD_PERFIL,DAT_BEGIN_VALIDITY,DAT_END_VALIDITY,DES_OBSERVATION,NAM_USER_MODIFY,DAT_LAST_MODIFY) values (5,'ADMINUSER1',5,'FULL',to_date('15-AUG-15','DD-MON-RR'),null,'zaher','ALZAHER',to_date('15-AUG-15','DD-MON-RR'));
Insert into ADMINSEC.SEC_APPLICATIONS_GRANTS (NUM_APPLICATION_GRANT,COD_USER_LOGIN,NUM_APPLICATION_COMPANY,COD_PERFIL,DAT_BEGIN_VALIDITY,DAT_END_VALIDITY,DES_OBSERVATION,NAM_USER_MODIFY,DAT_LAST_MODIFY) values (6,'ADMINUSER1',6,'FULL',to_date('15-AUG-15','DD-MON-RR'),null,'zaher','ALZAHER',to_date('15-AUG-15','DD-MON-RR'));
Insert into ADMINSEC.SEC_APPLICATIONS_GRANTS (NUM_APPLICATION_GRANT,COD_USER_LOGIN,NUM_APPLICATION_COMPANY,COD_PERFIL,DAT_BEGIN_VALIDITY,DAT_END_VALIDITY,DES_OBSERVATION,NAM_USER_MODIFY,DAT_LAST_MODIFY) values (7,'ADMINUSER1',7,'FULL',to_date('15-AUG-15','DD-MON-RR'),null,'zaher','ALZAHER',to_date('15-AUG-15','DD-MON-RR'));
Insert into ADMINSEC.SEC_APPLICATIONS_GRANTS (NUM_APPLICATION_GRANT,COD_USER_LOGIN,NUM_APPLICATION_COMPANY,COD_PERFIL,DAT_BEGIN_VALIDITY,DAT_END_VALIDITY,DES_OBSERVATION,NAM_USER_MODIFY,DAT_LAST_MODIFY) values (8,'ADMINUSER1',8,'FULL',to_date('15-AUG-15','DD-MON-RR'),null,'zaher','ALZAHER',to_date('15-AUG-15','DD-MON-RR'));
Insert into ADMINSEC.SEC_APPLICATIONS_GRANTS (NUM_APPLICATION_GRANT,COD_USER_LOGIN,NUM_APPLICATION_COMPANY,COD_PERFIL,DAT_BEGIN_VALIDITY,DAT_END_VALIDITY,DES_OBSERVATION,NAM_USER_MODIFY,DAT_LAST_MODIFY) values (9,'ADMINUSER1',9,'FULL',to_date('15-AUG-15','DD-MON-RR'),null,'zaher','ALZAHER',to_date('15-AUG-15','DD-MON-RR'));
Insert into ADMINSEC.SEC_APPLICATIONS_GRANTS (NUM_APPLICATION_GRANT,COD_USER_LOGIN,NUM_APPLICATION_COMPANY,COD_PERFIL,DAT_BEGIN_VALIDITY,DAT_END_VALIDITY,DES_OBSERVATION,NAM_USER_MODIFY,DAT_LAST_MODIFY) values (10,'ADMINUSER1',10,'FULL',to_date('15-AUG-15','DD-MON-RR'),null,'zaher','ALZAHER',to_date('15-AUG-15','DD-MON-RR'));
Insert into ADMINSEC.SEC_APPLICATIONS_GRANTS (NUM_APPLICATION_GRANT,COD_USER_LOGIN,NUM_APPLICATION_COMPANY,COD_PERFIL,DAT_BEGIN_VALIDITY,DAT_END_VALIDITY,DES_OBSERVATION,NAM_USER_MODIFY,DAT_LAST_MODIFY) values (11,'ADMINUSER1',11,'FULL',to_date('15-AUG-15','DD-MON-RR'),null,'zaher','ALZAHER',to_date('15-AUG-15','DD-MON-RR'));
Insert into ADMINSEC.SEC_APPLICATIONS_GRANTS (NUM_APPLICATION_GRANT,COD_USER_LOGIN,NUM_APPLICATION_COMPANY,COD_PERFIL,DAT_BEGIN_VALIDITY,DAT_END_VALIDITY,DES_OBSERVATION,NAM_USER_MODIFY,DAT_LAST_MODIFY) values (12,'ADMINUSER1',12,'FULL',to_date('15-AUG-15','DD-MON-RR'),null,'zaher','ALZAHER',to_date('15-AUG-15','DD-MON-RR'));
Insert into ADMINSEC.SEC_APPLICATIONS_GRANTS (NUM_APPLICATION_GRANT,COD_USER_LOGIN,NUM_APPLICATION_COMPANY,COD_PERFIL,DAT_BEGIN_VALIDITY,DAT_END_VALIDITY,DES_OBSERVATION,NAM_USER_MODIFY,DAT_LAST_MODIFY) values (13,'ADMINUSER1',13,'FULL',to_date('15-AUG-15','DD-MON-RR'),null,'zaher','ALZAHER',to_date('15-AUG-15','DD-MON-RR'));
Insert into ADMINSEC.SEC_APPLICATIONS_GRANTS (NUM_APPLICATION_GRANT,COD_USER_LOGIN,NUM_APPLICATION_COMPANY,COD_PERFIL,DAT_BEGIN_VALIDITY,DAT_END_VALIDITY,DES_OBSERVATION,NAM_USER_MODIFY,DAT_LAST_MODIFY) values (14,'ADMINUSER1',14,'FULL',to_date('15-AUG-15','DD-MON-RR'),null,'zaher','ALZAHER',to_date('15-AUG-15','DD-MON-RR'));
Insert into ADMINSEC.SEC_APPLICATIONS_GRANTS (NUM_APPLICATION_GRANT,COD_USER_LOGIN,NUM_APPLICATION_COMPANY,COD_PERFIL,DAT_BEGIN_VALIDITY,DAT_END_VALIDITY,DES_OBSERVATION,NAM_USER_MODIFY,DAT_LAST_MODIFY) values (13050,'BYANA',11,'FULL',to_date('19-AUG-15','DD-MON-RR'),null,'ADMINUSER1','ADMINUSER1',to_date('19-AUG-15','DD-MON-RR'));
Insert into ADMINSEC.SEC_APPLICATIONS_GRANTS (NUM_APPLICATION_GRANT,COD_USER_LOGIN,NUM_APPLICATION_COMPANY,COD_PERFIL,DAT_BEGIN_VALIDITY,DAT_END_VALIDITY,DES_OBSERVATION,NAM_USER_MODIFY,DAT_LAST_MODIFY) values (13051,'BYANA',8055,'FULL',to_date('19-AUG-15','DD-MON-RR'),null,'ADMINUSER1','ADMINUSER1',to_date('19-AUG-15','DD-MON-RR'));
Insert into ADMINSEC.SEC_APPLICATIONS_GRANTS (NUM_APPLICATION_GRANT,COD_USER_LOGIN,NUM_APPLICATION_COMPANY,COD_PERFIL,DAT_BEGIN_VALIDITY,DAT_END_VALIDITY,DES_OBSERVATION,NAM_USER_MODIFY,DAT_LAST_MODIFY) values (13052,'BYANA',10052,'FULL',to_date('19-AUG-15','DD-MON-RR'),null,'ADMINUSER1','ADMINUSER1',to_date('19-AUG-15','DD-MON-RR'));


commit;