Insert into ADMINWKF.WOK_CONFIGURATIONS_TYPES (NUM_CONFIGURATION_TYPE,DES_CONFIGURATION_TYPE,NUM_COMPANY,IND_ACTIVE,NAM_USER_MODIFY,DAT_LAST_MODIFY,IND_CATEGORY) values (4,'Network',5,'Y','ADMINWKF',to_date('07-FEB-15','DD-MON-RR'),'T');
Insert into ADMINWKF.WOK_CONFIGURATIONS_TYPES (NUM_CONFIGURATION_TYPE,DES_CONFIGURATION_TYPE,NUM_COMPANY,IND_ACTIVE,NAM_USER_MODIFY,DAT_LAST_MODIFY,IND_CATEGORY) values (1,'Software',5,'Y','ADMINWKF',to_date('07-FEB-15','DD-MON-RR'),'S');
Insert into ADMINWKF.WOK_CONFIGURATIONS_TYPES (NUM_CONFIGURATION_TYPE,DES_CONFIGURATION_TYPE,NUM_COMPANY,IND_ACTIVE,NAM_USER_MODIFY,DAT_LAST_MODIFY,IND_CATEGORY) values (2,'Hardware',5,'Y','ADMINWKF',to_date('07-FEB-15','DD-MON-RR'),'H');
Insert into ADMINWKF.WOK_CONFIGURATIONS_TYPES (NUM_CONFIGURATION_TYPE,DES_CONFIGURATION_TYPE,NUM_COMPANY,IND_ACTIVE,NAM_USER_MODIFY,DAT_LAST_MODIFY,IND_CATEGORY) values (3,'Devices',5,'Y','ADMINWKF',to_date('07-FEB-15','DD-MON-RR'),'D');

Insert into ADMINWKF.WOK_TYPES_ACTIONS (NUM_TYPE_ACTION,DES_TYPE_ACTION,NUM_COMPANY,IND_ACTIVE,NAM_USER_MODIFY,DAT_LAST_MODIFY,IND_PENDING,IND_ALLOW_ACTIVITY) values (6,'Concluded',3,'Y','ADMINWKF',to_date('18-APR-14','DD-MON-RR'),'Y','N');
Insert into ADMINWKF.WOK_TYPES_ACTIONS (NUM_TYPE_ACTION,DES_TYPE_ACTION,NUM_COMPANY,IND_ACTIVE,NAM_USER_MODIFY,DAT_LAST_MODIFY,IND_PENDING,IND_ALLOW_ACTIVITY) values (7,'Closed',3,'Y','ADMINWKF',to_date('18-APR-14','DD-MON-RR'),'N','N');
Insert into ADMINWKF.WOK_TYPES_ACTIONS (NUM_TYPE_ACTION,DES_TYPE_ACTION,NUM_COMPANY,IND_ACTIVE,NAM_USER_MODIFY,DAT_LAST_MODIFY,IND_PENDING,IND_ALLOW_ACTIVITY) values (8,'Refused',3,'Y','ADMINWKF',to_date('18-APR-14','DD-MON-RR'),'Y','N');
Insert into ADMINWKF.WOK_TYPES_ACTIONS (NUM_TYPE_ACTION,DES_TYPE_ACTION,NUM_COMPANY,IND_ACTIVE,NAM_USER_MODIFY,DAT_LAST_MODIFY,IND_PENDING,IND_ALLOW_ACTIVITY) values (0,'Registered',3,'Y','ADMINWKF',to_date('18-APR-14','DD-MON-RR'),'Y','N');
Insert into ADMINWKF.WOK_TYPES_ACTIONS (NUM_TYPE_ACTION,DES_TYPE_ACTION,NUM_COMPANY,IND_ACTIVE,NAM_USER_MODIFY,DAT_LAST_MODIFY,IND_PENDING,IND_ALLOW_ACTIVITY) values (9,'Registered',5,'Y','ADMINWKF',to_date('18-APR-14','DD-MON-RR'),'Y','N');
Insert into ADMINWKF.WOK_TYPES_ACTIONS (NUM_TYPE_ACTION,DES_TYPE_ACTION,NUM_COMPANY,IND_ACTIVE,NAM_USER_MODIFY,DAT_LAST_MODIFY,IND_PENDING,IND_ALLOW_ACTIVITY) values (10,'Assigned',5,'Y','ADMINWKF',to_date('18-APR-14','DD-MON-RR'),'Y','Y');
Insert into ADMINWKF.WOK_TYPES_ACTIONS (NUM_TYPE_ACTION,DES_TYPE_ACTION,NUM_COMPANY,IND_ACTIVE,NAM_USER_MODIFY,DAT_LAST_MODIFY,IND_PENDING,IND_ALLOW_ACTIVITY) values (11,'Forwarded',5,'Y','ADMINWKF',to_date('18-APR-14','DD-MON-RR'),'Y','N');
Insert into ADMINWKF.WOK_TYPES_ACTIONS (NUM_TYPE_ACTION,DES_TYPE_ACTION,NUM_COMPANY,IND_ACTIVE,NAM_USER_MODIFY,DAT_LAST_MODIFY,IND_PENDING,IND_ALLOW_ACTIVITY) values (13,'Concluded',5,'Y','ADMINWKF',to_date('18-APR-14','DD-MON-RR'),'Y','N');
Insert into ADMINWKF.WOK_TYPES_ACTIONS (NUM_TYPE_ACTION,DES_TYPE_ACTION,NUM_COMPANY,IND_ACTIVE,NAM_USER_MODIFY,DAT_LAST_MODIFY,IND_PENDING,IND_ALLOW_ACTIVITY) values (14,'Closed',5,'Y','ADMINWKF',to_date('18-APR-14','DD-MON-RR'),'N','N');
Insert into ADMINWKF.WOK_TYPES_ACTIONS (NUM_TYPE_ACTION,DES_TYPE_ACTION,NUM_COMPANY,IND_ACTIVE,NAM_USER_MODIFY,DAT_LAST_MODIFY,IND_PENDING,IND_ALLOW_ACTIVITY) values (15,'Refused',5,'Y','ADMINWKF',to_date('18-APR-14','DD-MON-RR'),'Y','N');
Insert into ADMINWKF.WOK_TYPES_ACTIONS (NUM_TYPE_ACTION,DES_TYPE_ACTION,NUM_COMPANY,IND_ACTIVE,NAM_USER_MODIFY,DAT_LAST_MODIFY,IND_PENDING,IND_ALLOW_ACTIVITY) values (1,'Assigned',3,'Y','ADMINWKF',to_date('18-APR-14','DD-MON-RR'),'Y','Y');
Insert into ADMINWKF.WOK_TYPES_ACTIONS (NUM_TYPE_ACTION,DES_TYPE_ACTION,NUM_COMPANY,IND_ACTIVE,NAM_USER_MODIFY,DAT_LAST_MODIFY,IND_PENDING,IND_ALLOW_ACTIVITY) values (2,'Forwarded',3,'Y','ADMINWKF',to_date('18-APR-14','DD-MON-RR'),'Y','N');

Insert into ADMINWKF.WOK_TYPES_DEMAND (NUM_TYPE_DEMAND,DES_TYPE_DEMAND,NUM_COMPANY,IND_CATEGORY,IND_ACTIVE,NAM_USER_MODIFY,DAT_LAST_MODIFY) values (7,'Incident',5,'I','Y','ADMINWKF',to_date('19-APR-14','DD-MON-RR'));
Insert into ADMINWKF.WOK_TYPES_DEMAND (NUM_TYPE_DEMAND,DES_TYPE_DEMAND,NUM_COMPANY,IND_CATEGORY,IND_ACTIVE,NAM_USER_MODIFY,DAT_LAST_MODIFY) values (8,'Problem',5,'P','Y','ADMINWKF',to_date('19-APR-14','DD-MON-RR'));
Insert into ADMINWKF.WOK_TYPES_DEMAND (NUM_TYPE_DEMAND,DES_TYPE_DEMAND,NUM_COMPANY,IND_CATEGORY,IND_ACTIVE,NAM_USER_MODIFY,DAT_LAST_MODIFY) values (1,'Incident',3,'I','Y','ADMINWKF',to_date('19-APR-14','DD-MON-RR'));
Insert into ADMINWKF.WOK_TYPES_DEMAND (NUM_TYPE_DEMAND,DES_TYPE_DEMAND,NUM_COMPANY,IND_CATEGORY,IND_ACTIVE,NAM_USER_MODIFY,DAT_LAST_MODIFY) values (2,'Problem',3,'P','Y','ADMINWKF',to_date('19-APR-14','DD-MON-RR'));
Insert into ADMINWKF.WOK_TYPES_DEMAND (NUM_TYPE_DEMAND,DES_TYPE_DEMAND,NUM_COMPANY,IND_CATEGORY,IND_ACTIVE,NAM_USER_MODIFY,DAT_LAST_MODIFY) values (3,'Demand',3,'D','Y','ADMINWKF',to_date('19-APR-14','DD-MON-RR'));
Insert into ADMINWKF.WOK_TYPES_DEMAND (NUM_TYPE_DEMAND,DES_TYPE_DEMAND,NUM_COMPANY,IND_CATEGORY,IND_ACTIVE,NAM_USER_MODIFY,DAT_LAST_MODIFY) values (10,'Demand',5,'D','Y','ADMINWKF',to_date('19-APR-14','DD-MON-RR'));

Insert into ADMINWKF.WOK_TYPES_IMPACT (NUM_TYPE_IMPACT,DES_TYPE_IMPACT,NUM_COMPANY,IND_ACTIVE,NAM_USER_MODIFY,DAT_LAST_MODIFY) values (3,'All Site',5,'Y','zaher',to_date('18-APR-15','DD-MON-RR'));
Insert into ADMINWKF.WOK_TYPES_IMPACT (NUM_TYPE_IMPACT,DES_TYPE_IMPACT,NUM_COMPANY,IND_ACTIVE,NAM_USER_MODIFY,DAT_LAST_MODIFY) values (4,'All Network',5,'Y','zaher',to_date('18-APR-15','DD-MON-RR'));
Insert into ADMINWKF.WOK_TYPES_IMPACT (NUM_TYPE_IMPACT,DES_TYPE_IMPACT,NUM_COMPANY,IND_ACTIVE,NAM_USER_MODIFY,DAT_LAST_MODIFY) values (1,'One Workstation',5,'Y','zaher',to_date('18-APR-15','DD-MON-RR'));
Insert into ADMINWKF.WOK_TYPES_IMPACT (NUM_TYPE_IMPACT,DES_TYPE_IMPACT,NUM_COMPANY,IND_ACTIVE,NAM_USER_MODIFY,DAT_LAST_MODIFY) values (2,'One Server',5,'Y','zaher',to_date('18-APR-15','DD-MON-RR'));

Insert into ADMINWKF.WOK_TYPES_OCCURRENCE (NUM_TYPE_OCCURRENCE,DES_TYPE_OCCURRENCE,IND_NEED_DETAILS,IND_SEND_EMAIL,NUM_COMPANY,IND_ACTIVE,NAM_USER_MODIFY,DAT_LAST_MODIFY) values (1,'Short Stoped Car','N','N',5,'Y','ADMINWKF',to_date('18-FEB-15','DD-MON-RR'));
Insert into ADMINWKF.WOK_TYPES_OCCURRENCE (NUM_TYPE_OCCURRENCE,DES_TYPE_OCCURRENCE,IND_NEED_DETAILS,IND_SEND_EMAIL,NUM_COMPANY,IND_ACTIVE,NAM_USER_MODIFY,DAT_LAST_MODIFY) values (2,'Long Stoped Car','Y','N',5,'Y','ADMINWKF',to_date('18-FEB-15','DD-MON-RR'));
Insert into ADMINWKF.WOK_TYPES_OCCURRENCE (NUM_TYPE_OCCURRENCE,DES_TYPE_OCCURRENCE,IND_NEED_DETAILS,IND_SEND_EMAIL,NUM_COMPANY,IND_ACTIVE,NAM_USER_MODIFY,DAT_LAST_MODIFY) values (3,'Minor Accident','N','N',5,'Y','ADMINWKF',to_date('18-FEB-15','DD-MON-RR'));
Insert into ADMINWKF.WOK_TYPES_OCCURRENCE (NUM_TYPE_OCCURRENCE,DES_TYPE_OCCURRENCE,IND_NEED_DETAILS,IND_SEND_EMAIL,NUM_COMPANY,IND_ACTIVE,NAM_USER_MODIFY,DAT_LAST_MODIFY) values (4,'Big Accident','Y','Y',5,'Y','ADMINWKF',to_date('18-FEB-15','DD-MON-RR'));

Insert into ADMINWKF.WOK_TYPES_PROFILES (NUM_TYPE_PROFILE,DES_TYPE_PROFILE,NUM_COMPANY,IND_ACTIVE,NAM_USER_MODIFY,DAT_LAST_MODIFY) values (6,'Operator Profile',5,'Y','ADMINWKF',to_date('18-APR-14','DD-MON-RR'));
Insert into ADMINWKF.WOK_TYPES_PROFILES (NUM_TYPE_PROFILE,DES_TYPE_PROFILE,NUM_COMPANY,IND_ACTIVE,NAM_USER_MODIFY,DAT_LAST_MODIFY) values (7,'Techniciam Profile',5,'Y','ADMINWKF',to_date('18-APR-14','DD-MON-RR'));
Insert into ADMINWKF.WOK_TYPES_PROFILES (NUM_TYPE_PROFILE,DES_TYPE_PROFILE,NUM_COMPANY,IND_ACTIVE,NAM_USER_MODIFY,DAT_LAST_MODIFY) values (8,'Supervisor Profile',5,'Y','ADMINWKF',to_date('18-APR-14','DD-MON-RR'));
Insert into ADMINWKF.WOK_TYPES_PROFILES (NUM_TYPE_PROFILE,DES_TYPE_PROFILE,NUM_COMPANY,IND_ACTIVE,NAM_USER_MODIFY,DAT_LAST_MODIFY) values (5,'IT Support Analyst',3,'Y','ADMINWKF',to_date('18-APR-14','DD-MON-RR'));
Insert into ADMINWKF.WOK_TYPES_PROFILES (NUM_TYPE_PROFILE,DES_TYPE_PROFILE,NUM_COMPANY,IND_ACTIVE,NAM_USER_MODIFY,DAT_LAST_MODIFY) values (9,'Safety Profile',5,'Y','ADMINWKF',to_date('18-APR-14','DD-MON-RR'));
Insert into ADMINWKF.WOK_TYPES_PROFILES (NUM_TYPE_PROFILE,DES_TYPE_PROFILE,NUM_COMPANY,IND_ACTIVE,NAM_USER_MODIFY,DAT_LAST_MODIFY) values (10,'Call Comunicator',5,'Y','ADMINWKF',to_date('18-APR-14','DD-MON-RR'));

Insert into ADMINWKF.WOK_TYPES_SYMPTOMS (NUM_TYPE_SYMPTOM,DES_TYPE_SYMPTOM,IND_ACTIVE,NAM_USER_MODIFY,DAT_LAST_MODIFY,NUM_COMPANY) values (5,'In Alarm','Y','ADMINWKF',to_date('27-APR-14','DD-MON-RR'),5);
Insert into ADMINWKF.WOK_TYPES_SYMPTOMS (NUM_TYPE_SYMPTOM,DES_TYPE_SYMPTOM,IND_ACTIVE,NAM_USER_MODIFY,DAT_LAST_MODIFY,NUM_COMPANY) values (1,'Application not Responding','Y','ADMINWKF',to_date('27-APR-14','DD-MON-RR'),5);
Insert into ADMINWKF.WOK_TYPES_SYMPTOMS (NUM_TYPE_SYMPTOM,DES_TYPE_SYMPTOM,IND_ACTIVE,NAM_USER_MODIFY,DAT_LAST_MODIFY,NUM_COMPANY) values (2,'Error Message','Y','ADMINWKF',to_date('27-APR-14','DD-MON-RR'),5);
Insert into ADMINWKF.WOK_TYPES_SYMPTOMS (NUM_TYPE_SYMPTOM,DES_TYPE_SYMPTOM,IND_ACTIVE,NAM_USER_MODIFY,DAT_LAST_MODIFY,NUM_COMPANY) values (3,'Slow processing','Y','ADMINWKF',to_date('27-APR-14','DD-MON-RR'),5);
Insert into ADMINWKF.WOK_TYPES_SYMPTOMS (NUM_TYPE_SYMPTOM,DES_TYPE_SYMPTOM,IND_ACTIVE,NAM_USER_MODIFY,DAT_LAST_MODIFY,NUM_COMPANY) values (4,'Wrong processing','Y','ADMINWKF',to_date('27-APR-14','DD-MON-RR'),5);
Insert into ADMINWKF.WOK_TYPES_SYMPTOMS (NUM_TYPE_SYMPTOM,DES_TYPE_SYMPTOM,IND_ACTIVE,NAM_USER_MODIFY,DAT_LAST_MODIFY,NUM_COMPANY) values (8,'Device Switched OFF','Y','ADMINWKF',to_date('27-APR-14','DD-MON-RR'),5);
Insert into ADMINWKF.WOK_TYPES_SYMPTOMS (NUM_TYPE_SYMPTOM,DES_TYPE_SYMPTOM,IND_ACTIVE,NAM_USER_MODIFY,DAT_LAST_MODIFY,NUM_COMPANY) values (9,'Damaged Device','Y','ADMINWKF',to_date('27-APR-14','DD-MON-RR'),5);
Insert into ADMINWKF.WOK_TYPES_SYMPTOMS (NUM_TYPE_SYMPTOM,DES_TYPE_SYMPTOM,IND_ACTIVE,NAM_USER_MODIFY,DAT_LAST_MODIFY,NUM_COMPANY) values (10,'Heating problem ','Y','ADMINWKF',to_date('27-APR-14','DD-MON-RR'),5);
Insert into ADMINWKF.WOK_TYPES_SYMPTOMS (NUM_TYPE_SYMPTOM,DES_TYPE_SYMPTOM,IND_ACTIVE,NAM_USER_MODIFY,DAT_LAST_MODIFY,NUM_COMPANY) values (6,'In Alarm','Y','ADMINWKF',to_date('27-APR-14','DD-MON-RR'),5);
Insert into ADMINWKF.WOK_TYPES_SYMPTOMS (NUM_TYPE_SYMPTOM,DES_TYPE_SYMPTOM,IND_ACTIVE,NAM_USER_MODIFY,DAT_LAST_MODIFY,NUM_COMPANY) values (7,'Missing Device','Y','ADMINWKF',to_date('27-APR-14','DD-MON-RR'),5);


Insert into ADMINWKF.WOK_DEMANDS_PRIORITY (NUM_PRIORITY,DES_PRIORITY,NUM_TYPE_DEMAND,QUT_HOURS_VIOLATION_SLA_INC,IND_ACTIVE,NAM_USER_MODIFY,DAT_LAST_MODIFY,QUT_HOURS_VIOLATION_SLA_PRO,QUT_HOURS_VIOLATION_SLA_DEM) values (1,'LOW',7,48,'Y','ADMINWKF',to_date('24-FEB-15','DD-MON-RR'),336,336);
Insert into ADMINWKF.WOK_DEMANDS_PRIORITY (NUM_PRIORITY,DES_PRIORITY,NUM_TYPE_DEMAND,QUT_HOURS_VIOLATION_SLA_INC,IND_ACTIVE,NAM_USER_MODIFY,DAT_LAST_MODIFY,QUT_HOURS_VIOLATION_SLA_PRO,QUT_HOURS_VIOLATION_SLA_DEM) values (2,'Midium',7,24,'Y','ADMINWKF',to_date('24-FEB-15','DD-MON-RR'),168,168);
Insert into ADMINWKF.WOK_DEMANDS_PRIORITY (NUM_PRIORITY,DES_PRIORITY,NUM_TYPE_DEMAND,QUT_HOURS_VIOLATION_SLA_INC,IND_ACTIVE,NAM_USER_MODIFY,DAT_LAST_MODIFY,QUT_HOURS_VIOLATION_SLA_PRO,QUT_HOURS_VIOLATION_SLA_DEM) values (3,'High',7,12,'Y','ADMINWKF',to_date('24-FEB-15','DD-MON-RR'),96,96);
Insert into ADMINWKF.WOK_DEMANDS_PRIORITY (NUM_PRIORITY,DES_PRIORITY,NUM_TYPE_DEMAND,QUT_HOURS_VIOLATION_SLA_INC,IND_ACTIVE,NAM_USER_MODIFY,DAT_LAST_MODIFY,QUT_HOURS_VIOLATION_SLA_PRO,QUT_HOURS_VIOLATION_SLA_DEM) values (4,'Urgent',7,6,'Y','ADMINWKF',to_date('24-FEB-15','DD-MON-RR'),12,12);
Insert into ADMINWKF.WOK_DEMANDS_PRIORITY (NUM_PRIORITY,DES_PRIORITY,NUM_TYPE_DEMAND,QUT_HOURS_VIOLATION_SLA_INC,IND_ACTIVE,NAM_USER_MODIFY,DAT_LAST_MODIFY,QUT_HOURS_VIOLATION_SLA_PRO,QUT_HOURS_VIOLATION_SLA_DEM) values (5,'LOW',8,48,'Y','ADMINWKF',to_date('24-FEB-15','DD-MON-RR'),336,336);
Insert into ADMINWKF.WOK_DEMANDS_PRIORITY (NUM_PRIORITY,DES_PRIORITY,NUM_TYPE_DEMAND,QUT_HOURS_VIOLATION_SLA_INC,IND_ACTIVE,NAM_USER_MODIFY,DAT_LAST_MODIFY,QUT_HOURS_VIOLATION_SLA_PRO,QUT_HOURS_VIOLATION_SLA_DEM) values (6,'Midium',8,24,'Y','ADMINWKF',to_date('24-FEB-15','DD-MON-RR'),168,168);
Insert into ADMINWKF.WOK_DEMANDS_PRIORITY (NUM_PRIORITY,DES_PRIORITY,NUM_TYPE_DEMAND,QUT_HOURS_VIOLATION_SLA_INC,IND_ACTIVE,NAM_USER_MODIFY,DAT_LAST_MODIFY,QUT_HOURS_VIOLATION_SLA_PRO,QUT_HOURS_VIOLATION_SLA_DEM) values (7,'High',8,12,'Y','ADMINWKF',to_date('24-FEB-15','DD-MON-RR'),96,96);
Insert into ADMINWKF.WOK_DEMANDS_PRIORITY (NUM_PRIORITY,DES_PRIORITY,NUM_TYPE_DEMAND,QUT_HOURS_VIOLATION_SLA_INC,IND_ACTIVE,NAM_USER_MODIFY,DAT_LAST_MODIFY,QUT_HOURS_VIOLATION_SLA_PRO,QUT_HOURS_VIOLATION_SLA_DEM) values (8,'Urgent',8,6,'Y','ADMINWKF',to_date('24-FEB-15','DD-MON-RR'),12,12);
Insert into ADMINWKF.WOK_DEMANDS_PRIORITY (NUM_PRIORITY,DES_PRIORITY,NUM_TYPE_DEMAND,QUT_HOURS_VIOLATION_SLA_INC,IND_ACTIVE,NAM_USER_MODIFY,DAT_LAST_MODIFY,QUT_HOURS_VIOLATION_SLA_PRO,QUT_HOURS_VIOLATION_SLA_DEM) values (9,'LOW',10,48,'Y','ADMINWKF',to_date('24-FEB-15','DD-MON-RR'),336,336);
Insert into ADMINWKF.WOK_DEMANDS_PRIORITY (NUM_PRIORITY,DES_PRIORITY,NUM_TYPE_DEMAND,QUT_HOURS_VIOLATION_SLA_INC,IND_ACTIVE,NAM_USER_MODIFY,DAT_LAST_MODIFY,QUT_HOURS_VIOLATION_SLA_PRO,QUT_HOURS_VIOLATION_SLA_DEM) values (10,'Midium',10,24,'Y','ADMINWKF',to_date('24-FEB-15','DD-MON-RR'),168,168);
Insert into ADMINWKF.WOK_DEMANDS_PRIORITY (NUM_PRIORITY,DES_PRIORITY,NUM_TYPE_DEMAND,QUT_HOURS_VIOLATION_SLA_INC,IND_ACTIVE,NAM_USER_MODIFY,DAT_LAST_MODIFY,QUT_HOURS_VIOLATION_SLA_PRO,QUT_HOURS_VIOLATION_SLA_DEM) values (11,'High',10,12,'Y','ADMINWKF',to_date('24-FEB-15','DD-MON-RR'),96,96);
Insert into ADMINWKF.WOK_DEMANDS_PRIORITY (NUM_PRIORITY,DES_PRIORITY,NUM_TYPE_DEMAND,QUT_HOURS_VIOLATION_SLA_INC,IND_ACTIVE,NAM_USER_MODIFY,DAT_LAST_MODIFY,QUT_HOURS_VIOLATION_SLA_PRO,QUT_HOURS_VIOLATION_SLA_DEM) values (12,'Urgent',10,6,'Y','ADMINWKF',to_date('24-FEB-15','DD-MON-RR'),12,12);


Insert into ADMINWKF.WOK_CONFIGURATIONS_ITEM (NUM_CONFIGURATION_ITEM,DES_CONFIGURATION_ITEM,NUM_CONFIGURATION_TYPE,IND_ACTIVE,NAM_USER_MODIFY,DAT_LAST_MODIFY,COD_CONFIGURATION_ITEM) values (37,'NO Controller',3,'Y','ADMINWKF',to_date('19-APR-14','DD-MON-RR'),'NO');
Insert into ADMINWKF.WOK_CONFIGURATIONS_ITEM (NUM_CONFIGURATION_ITEM,DES_CONFIGURATION_ITEM,NUM_CONFIGURATION_TYPE,IND_ACTIVE,NAM_USER_MODIFY,DAT_LAST_MODIFY,COD_CONFIGURATION_ITEM) values (38,'CO Controller',3,'Y','ADMINWKF',to_date('19-APR-14','DD-MON-RR'),'CO');
Insert into ADMINWKF.WOK_CONFIGURATIONS_ITEM (NUM_CONFIGURATION_ITEM,DES_CONFIGURATION_ITEM,NUM_CONFIGURATION_TYPE,IND_ACTIVE,NAM_USER_MODIFY,DAT_LAST_MODIFY,COD_CONFIGURATION_ITEM) values (39,'Air Velocity',3,'Y','ADMINWKF',to_date('19-APR-14','DD-MON-RR'),'AV');
Insert into ADMINWKF.WOK_CONFIGURATIONS_ITEM (NUM_CONFIGURATION_ITEM,DES_CONFIGURATION_ITEM,NUM_CONFIGURATION_TYPE,IND_ACTIVE,NAM_USER_MODIFY,DAT_LAST_MODIFY,COD_CONFIGURATION_ITEM) values (42,'Tunnel Barrier',3,'Y','ADMINWKF',to_date('19-APR-14','DD-MON-RR'),'BARR');
Insert into ADMINWKF.WOK_CONFIGURATIONS_ITEM (NUM_CONFIGURATION_ITEM,DES_CONFIGURATION_ITEM,NUM_CONFIGURATION_TYPE,IND_ACTIVE,NAM_USER_MODIFY,DAT_LAST_MODIFY,COD_CONFIGURATION_ITEM) values (55,'Electricity and cabling ',2,'Y','ZAHER',to_date('06-JUN-15','DD-MON-RR'),'AC');
Insert into ADMINWKF.WOK_CONFIGURATIONS_ITEM (NUM_CONFIGURATION_ITEM,DES_CONFIGURATION_ITEM,NUM_CONFIGURATION_TYPE,IND_ACTIVE,NAM_USER_MODIFY,DAT_LAST_MODIFY,COD_CONFIGURATION_ITEM) values (1,'SCADA System',1,'Y','ADMINWKF',to_date('19-APR-14','DD-MON-RR'),'SCADA');
Insert into ADMINWKF.WOK_CONFIGURATIONS_ITEM (NUM_CONFIGURATION_ITEM,DES_CONFIGURATION_ITEM,NUM_CONFIGURATION_TYPE,IND_ACTIVE,NAM_USER_MODIFY,DAT_LAST_MODIFY,COD_CONFIGURATION_ITEM) values (7,'Gateway',2,'Y','ADMINWKF',to_date('19-APR-14','DD-MON-RR'),'GATEWAY');
Insert into ADMINWKF.WOK_CONFIGURATIONS_ITEM (NUM_CONFIGURATION_ITEM,DES_CONFIGURATION_ITEM,NUM_CONFIGURATION_TYPE,IND_ACTIVE,NAM_USER_MODIFY,DAT_LAST_MODIFY,COD_CONFIGURATION_ITEM) values (2,'Switch',2,'Y','ADMINWKF',to_date('19-APR-14','DD-MON-RR'),'SWITCH');
Insert into ADMINWKF.WOK_CONFIGURATIONS_ITEM (NUM_CONFIGURATION_ITEM,DES_CONFIGURATION_ITEM,NUM_CONFIGURATION_TYPE,IND_ACTIVE,NAM_USER_MODIFY,DAT_LAST_MODIFY,COD_CONFIGURATION_ITEM) values (8,'Virtual Server',2,'Y','ADMINWKF',to_date('19-APR-14','DD-MON-RR'),'VIRSERV');
Insert into ADMINWKF.WOK_CONFIGURATIONS_ITEM (NUM_CONFIGURATION_ITEM,DES_CONFIGURATION_ITEM,NUM_CONFIGURATION_TYPE,IND_ACTIVE,NAM_USER_MODIFY,DAT_LAST_MODIFY,COD_CONFIGURATION_ITEM) values (4,'Flux System',1,'Y','ADMINWKF',to_date('19-APR-14','DD-MON-RR'),'Flux');
Insert into ADMINWKF.WOK_CONFIGURATIONS_ITEM (NUM_CONFIGURATION_ITEM,DES_CONFIGURATION_ITEM,NUM_CONFIGURATION_TYPE,IND_ACTIVE,NAM_USER_MODIFY,DAT_LAST_MODIFY,COD_CONFIGURATION_ITEM) values (5,'Physical Server',2,'Y','ADMINWKF',to_date('19-APR-14','DD-MON-RR'),'PHYSERV');
Insert into ADMINWKF.WOK_CONFIGURATIONS_ITEM (NUM_CONFIGURATION_ITEM,DES_CONFIGURATION_ITEM,NUM_CONFIGURATION_TYPE,IND_ACTIVE,NAM_USER_MODIFY,DAT_LAST_MODIFY,COD_CONFIGURATION_ITEM) values (6,'LCS',3,'Y','ADMINWKF',to_date('19-APR-14','DD-MON-RR'),'LCS');
Insert into ADMINWKF.WOK_CONFIGURATIONS_ITEM (NUM_CONFIGURATION_ITEM,DES_CONFIGURATION_ITEM,NUM_CONFIGURATION_TYPE,IND_ACTIVE,NAM_USER_MODIFY,DAT_LAST_MODIFY,COD_CONFIGURATION_ITEM) values (13,'Fixed Camera',3,'Y','ADMINWKF',to_date('19-APR-14','DD-MON-RR'),'FIXCAM');
Insert into ADMINWKF.WOK_CONFIGURATIONS_ITEM (NUM_CONFIGURATION_ITEM,DES_CONFIGURATION_ITEM,NUM_CONFIGURATION_TYPE,IND_ACTIVE,NAM_USER_MODIFY,DAT_LAST_MODIFY,COD_CONFIGURATION_ITEM) values (14,'PTZ Camera',3,'Y','ADMINWKF',to_date('19-APR-14','DD-MON-RR'),'PTZCAM');
Insert into ADMINWKF.WOK_CONFIGURATIONS_ITEM (NUM_CONFIGURATION_ITEM,DES_CONFIGURATION_ITEM,NUM_CONFIGURATION_TYPE,IND_ACTIVE,NAM_USER_MODIFY,DAT_LAST_MODIFY,COD_CONFIGURATION_ITEM) values (15,'Jet fans',3,'Y','ADMINWKF',to_date('19-APR-14','DD-MON-RR'),'JFN');
Insert into ADMINWKF.WOK_CONFIGURATIONS_ITEM (NUM_CONFIGURATION_ITEM,DES_CONFIGURATION_ITEM,NUM_CONFIGURATION_TYPE,IND_ACTIVE,NAM_USER_MODIFY,DAT_LAST_MODIFY,COD_CONFIGURATION_ITEM) values (17,'Server Storage',3,'Y','ADMINWKF',to_date('19-APR-14','DD-MON-RR'),'VRM');
Insert into ADMINWKF.WOK_CONFIGURATIONS_ITEM (NUM_CONFIGURATION_ITEM,DES_CONFIGURATION_ITEM,NUM_CONFIGURATION_TYPE,IND_ACTIVE,NAM_USER_MODIFY,DAT_LAST_MODIFY,COD_CONFIGURATION_ITEM) values (20,'ECS',3,'Y','ADMINWKF',to_date('19-APR-14','DD-MON-RR'),'ECS');
Insert into ADMINWKF.WOK_CONFIGURATIONS_ITEM (NUM_CONFIGURATION_ITEM,DES_CONFIGURATION_ITEM,NUM_CONFIGURATION_TYPE,IND_ACTIVE,NAM_USER_MODIFY,DAT_LAST_MODIFY,COD_CONFIGURATION_ITEM) values (21,'Section Controle',3,'Y','ADMINWKF',to_date('19-APR-14','DD-MON-RR'),'SCC');
Insert into ADMINWKF.WOK_CONFIGURATIONS_ITEM (NUM_CONFIGURATION_ITEM,DES_CONFIGURATION_ITEM,NUM_CONFIGURATION_TYPE,IND_ACTIVE,NAM_USER_MODIFY,DAT_LAST_MODIFY,COD_CONFIGURATION_ITEM) values (22,'Red Light',3,'Y','ADMINWKF',to_date('19-APR-14','DD-MON-RR'),'RL');
Insert into ADMINWKF.WOK_CONFIGURATIONS_ITEM (NUM_CONFIGURATION_ITEM,DES_CONFIGURATION_ITEM,NUM_CONFIGURATION_TYPE,IND_ACTIVE,NAM_USER_MODIFY,DAT_LAST_MODIFY,COD_CONFIGURATION_ITEM) values (27,'PLC',3,'Y','ADMINWKF',to_date('19-APR-14','DD-MON-RR'),'PLC');
Insert into ADMINWKF.WOK_CONFIGURATIONS_ITEM (NUM_CONFIGURATION_ITEM,DES_CONFIGURATION_ITEM,NUM_CONFIGURATION_TYPE,IND_ACTIVE,NAM_USER_MODIFY,DAT_LAST_MODIFY,COD_CONFIGURATION_ITEM) values (29,'UPS',3,'Y','ADMINWKF',to_date('19-APR-14','DD-MON-RR'),'UPS');
Insert into ADMINWKF.WOK_CONFIGURATIONS_ITEM (NUM_CONFIGURATION_ITEM,DES_CONFIGURATION_ITEM,NUM_CONFIGURATION_TYPE,IND_ACTIVE,NAM_USER_MODIFY,DAT_LAST_MODIFY,COD_CONFIGURATION_ITEM) values (33,'Traffic Counter',3,'Y','ADMINWKF',to_date('19-APR-14','DD-MON-RR'),'TSS');
Insert into ADMINWKF.WOK_CONFIGURATIONS_ITEM (NUM_CONFIGURATION_ITEM,DES_CONFIGURATION_ITEM,NUM_CONFIGURATION_TYPE,IND_ACTIVE,NAM_USER_MODIFY,DAT_LAST_MODIFY,COD_CONFIGURATION_ITEM) values (34,'Worksation',2,'Y','ADMINWKF',to_date('19-APR-14','DD-MON-RR'),'WORK');
Insert into ADMINWKF.WOK_CONFIGURATIONS_ITEM (NUM_CONFIGURATION_ITEM,DES_CONFIGURATION_ITEM,NUM_CONFIGURATION_TYPE,IND_ACTIVE,NAM_USER_MODIFY,DAT_LAST_MODIFY,COD_CONFIGURATION_ITEM) values (35,'Video Recorder',2,'Y','ADMINWKF',to_date('19-APR-14','DD-MON-RR'),'STOR');
Insert into ADMINWKF.WOK_CONFIGURATIONS_ITEM (NUM_CONFIGURATION_ITEM,DES_CONFIGURATION_ITEM,NUM_CONFIGURATION_TYPE,IND_ACTIVE,NAM_USER_MODIFY,DAT_LAST_MODIFY,COD_CONFIGURATION_ITEM) values (36,'Fiber Network',4,'Y','ADMINWKF',to_date('19-APR-14','DD-MON-RR'),'FIBER');
Insert into ADMINWKF.WOK_CONFIGURATIONS_ITEM (NUM_CONFIGURATION_ITEM,DES_CONFIGURATION_ITEM,NUM_CONFIGURATION_TYPE,IND_ACTIVE,NAM_USER_MODIFY,DAT_LAST_MODIFY,COD_CONFIGURATION_ITEM) values (9,'SOS System',1,'Y','ADMINWKF',to_date('19-APR-14','DD-MON-RR'),'SOS');
Insert into ADMINWKF.WOK_CONFIGURATIONS_ITEM (NUM_CONFIGURATION_ITEM,DES_CONFIGURATION_ITEM,NUM_CONFIGURATION_TYPE,IND_ACTIVE,NAM_USER_MODIFY,DAT_LAST_MODIFY,COD_CONFIGURATION_ITEM) values (10,'VMSA',3,'Y','ADMINWKF',to_date('19-APR-14','DD-MON-RR'),'VMSA');
Insert into ADMINWKF.WOK_CONFIGURATIONS_ITEM (NUM_CONFIGURATION_ITEM,DES_CONFIGURATION_ITEM,NUM_CONFIGURATION_TYPE,IND_ACTIVE,NAM_USER_MODIFY,DAT_LAST_MODIFY,COD_CONFIGURATION_ITEM) values (11,'VMSB',3,'Y','ADMINWKF',to_date('19-APR-14','DD-MON-RR'),'VMSB');
Insert into ADMINWKF.WOK_CONFIGURATIONS_ITEM (NUM_CONFIGURATION_ITEM,DES_CONFIGURATION_ITEM,NUM_CONFIGURATION_TYPE,IND_ACTIVE,NAM_USER_MODIFY,DAT_LAST_MODIFY,COD_CONFIGURATION_ITEM) values (12,'VMSI',3,'Y','ADMINWKF',to_date('19-APR-14','DD-MON-RR'),'VMSI');
Insert into ADMINWKF.WOK_CONFIGURATIONS_ITEM (NUM_CONFIGURATION_ITEM,DES_CONFIGURATION_ITEM,NUM_CONFIGURATION_TYPE,IND_ACTIVE,NAM_USER_MODIFY,DAT_LAST_MODIFY,COD_CONFIGURATION_ITEM) values (40,'Traffic Controller',3,'Y','ADMINWKF',to_date('19-APR-14','DD-MON-RR'),'TC');
Insert into ADMINWKF.WOK_CONFIGURATIONS_ITEM (NUM_CONFIGURATION_ITEM,DES_CONFIGURATION_ITEM,NUM_CONFIGURATION_TYPE,IND_ACTIVE,NAM_USER_MODIFY,DAT_LAST_MODIFY,COD_CONFIGURATION_ITEM) values (41,'CCTV Cabinet',3,'Y','ADMINWKF',to_date('19-APR-14','DD-MON-RR'),'VSB');
Insert into ADMINWKF.WOK_CONFIGURATIONS_ITEM (NUM_CONFIGURATION_ITEM,DES_CONFIGURATION_ITEM,NUM_CONFIGURATION_TYPE,IND_ACTIVE,NAM_USER_MODIFY,DAT_LAST_MODIFY,COD_CONFIGURATION_ITEM) values (43,'Generator',3,'Y','ADMINWKF',to_date('19-APR-14','DD-MON-RR'),'GEN');
Insert into ADMINWKF.WOK_CONFIGURATIONS_ITEM (NUM_CONFIGURATION_ITEM,DES_CONFIGURATION_ITEM,NUM_CONFIGURATION_TYPE,IND_ACTIVE,NAM_USER_MODIFY,DAT_LAST_MODIFY,COD_CONFIGURATION_ITEM) values (50,'SubStation',3,'Y','ADMINWKF',to_date('19-APR-14','DD-MON-RR'),'SS');
Insert into ADMINWKF.WOK_CONFIGURATIONS_ITEM (NUM_CONFIGURATION_ITEM,DES_CONFIGURATION_ITEM,NUM_CONFIGURATION_TYPE,IND_ACTIVE,NAM_USER_MODIFY,DAT_LAST_MODIFY,COD_CONFIGURATION_ITEM) values (51,'Fire PumpController',3,'Y','ADMINWKF',to_date('19-APR-14','DD-MON-RR'),'FFPC');
Insert into ADMINWKF.WOK_CONFIGURATIONS_ITEM (NUM_CONFIGURATION_ITEM,DES_CONFIGURATION_ITEM,NUM_CONFIGURATION_TYPE,IND_ACTIVE,NAM_USER_MODIFY,DAT_LAST_MODIFY,COD_CONFIGURATION_ITEM) values (52,'Guidance Light',3,'Y','ADMINWKF',to_date('19-APR-14','DD-MON-RR'),'GUILI');
Insert into ADMINWKF.WOK_CONFIGURATIONS_ITEM (NUM_CONFIGURATION_ITEM,DES_CONFIGURATION_ITEM,NUM_CONFIGURATION_TYPE,IND_ACTIVE,NAM_USER_MODIFY,DAT_LAST_MODIFY,COD_CONFIGURATION_ITEM) values (53,'Fire Bay',3,'Y','ZAHER',to_date('06-JUN-15','DD-MON-RR'),'FIBE');
Insert into ADMINWKF.WOK_CONFIGURATIONS_ITEM (NUM_CONFIGURATION_ITEM,DES_CONFIGURATION_ITEM,NUM_CONFIGURATION_TYPE,IND_ACTIVE,NAM_USER_MODIFY,DAT_LAST_MODIFY,COD_CONFIGURATION_ITEM) values (54,'Air Conditioning',3,'Y','ZAHER',to_date('06-JUN-15','DD-MON-RR'),'AC');


Insert into ADMINWKF.WOK_NEXT_ACTIONS (NUM_TYPE_ACTION,NUM_TYPE_ACTION_NEXT_FIRST,DES_NEXT_ACTION,NUM_TYPE_ACTION_NEXT_SECOND,IND_REQUEST_USER,IND_ACTIVE,NAM_USER_MODIFY,DAT_LAST_MODIFY,IND_CONCLUDE) values (9,10,'ASSIGN',null,'Y','Y','ZAHER',to_date('21-FEB-15','DD-MON-RR'),'N');
Insert into ADMINWKF.WOK_NEXT_ACTIONS (NUM_TYPE_ACTION,NUM_TYPE_ACTION_NEXT_FIRST,DES_NEXT_ACTION,NUM_TYPE_ACTION_NEXT_SECOND,IND_REQUEST_USER,IND_ACTIVE,NAM_USER_MODIFY,DAT_LAST_MODIFY,IND_CONCLUDE) values (10,11,'FORWARD',10,'Y','Y','ZAHER',to_date('21-FEB-15','DD-MON-RR'),'N');
Insert into ADMINWKF.WOK_NEXT_ACTIONS (NUM_TYPE_ACTION,NUM_TYPE_ACTION_NEXT_FIRST,DES_NEXT_ACTION,NUM_TYPE_ACTION_NEXT_SECOND,IND_REQUEST_USER,IND_ACTIVE,NAM_USER_MODIFY,DAT_LAST_MODIFY,IND_CONCLUDE) values (10,13,'CONCLUDE',null,'N','Y','ZAHER',to_date('21-FEB-15','DD-MON-RR'),'Y');
Insert into ADMINWKF.WOK_NEXT_ACTIONS (NUM_TYPE_ACTION,NUM_TYPE_ACTION_NEXT_FIRST,DES_NEXT_ACTION,NUM_TYPE_ACTION_NEXT_SECOND,IND_REQUEST_USER,IND_ACTIVE,NAM_USER_MODIFY,DAT_LAST_MODIFY,IND_CONCLUDE) values (13,15,'REFUSE',10,'N','Y','ZAHER',to_date('21-FEB-15','DD-MON-RR'),'N');
Insert into ADMINWKF.WOK_NEXT_ACTIONS (NUM_TYPE_ACTION,NUM_TYPE_ACTION_NEXT_FIRST,DES_NEXT_ACTION,NUM_TYPE_ACTION_NEXT_SECOND,IND_REQUEST_USER,IND_ACTIVE,NAM_USER_MODIFY,DAT_LAST_MODIFY,IND_CONCLUDE) values (13,14,'ACCEPT',null,'N','Y','ZAHER',to_date('21-FEB-15','DD-MON-RR'),'N');
Insert into ADMINWKF.WOK_NEXT_ACTIONS (NUM_TYPE_ACTION,NUM_TYPE_ACTION_NEXT_FIRST,DES_NEXT_ACTION,NUM_TYPE_ACTION_NEXT_SECOND,IND_REQUEST_USER,IND_ACTIVE,NAM_USER_MODIFY,DAT_LAST_MODIFY,IND_CONCLUDE) values (0,1,'ASSIGN',null,'Y','Y','ZAHER',to_date('21-FEB-15','DD-MON-RR'),'N');
Insert into ADMINWKF.WOK_NEXT_ACTIONS (NUM_TYPE_ACTION,NUM_TYPE_ACTION_NEXT_FIRST,DES_NEXT_ACTION,NUM_TYPE_ACTION_NEXT_SECOND,IND_REQUEST_USER,IND_ACTIVE,NAM_USER_MODIFY,DAT_LAST_MODIFY,IND_CONCLUDE) values (1,2,'FORWARD',1,'Y','Y','ZAHER',to_date('21-FEB-15','DD-MON-RR'),'N');
Insert into ADMINWKF.WOK_NEXT_ACTIONS (NUM_TYPE_ACTION,NUM_TYPE_ACTION_NEXT_FIRST,DES_NEXT_ACTION,NUM_TYPE_ACTION_NEXT_SECOND,IND_REQUEST_USER,IND_ACTIVE,NAM_USER_MODIFY,DAT_LAST_MODIFY,IND_CONCLUDE) values (1,6,'CONCLUDE',null,'N','Y','ZAHER',to_date('21-FEB-15','DD-MON-RR'),'Y');
Insert into ADMINWKF.WOK_NEXT_ACTIONS (NUM_TYPE_ACTION,NUM_TYPE_ACTION_NEXT_FIRST,DES_NEXT_ACTION,NUM_TYPE_ACTION_NEXT_SECOND,IND_REQUEST_USER,IND_ACTIVE,NAM_USER_MODIFY,DAT_LAST_MODIFY,IND_CONCLUDE) values (6,7,'ACCEPT',null,'N','Y','ZAHER',to_date('21-FEB-15','DD-MON-RR'),'N');
Insert into ADMINWKF.WOK_NEXT_ACTIONS (NUM_TYPE_ACTION,NUM_TYPE_ACTION_NEXT_FIRST,DES_NEXT_ACTION,NUM_TYPE_ACTION_NEXT_SECOND,IND_REQUEST_USER,IND_ACTIVE,NAM_USER_MODIFY,DAT_LAST_MODIFY,IND_CONCLUDE) values (6,8,'REFUSE',1,'N','Y','ZAHER',to_date('21-FEB-15','DD-MON-RR'),'N');

Insert into ADMINWKF.WOK_WORKING_GROUPS (NUM_WORKING_GROUP,COD_WORKING_GROUP,DES_WORKING_GROUP,DAT_BEGIN_VALIDITY,DAT_END_VALIDITY,NAM_USER_MODIFY,DAT_LAST_MODIFY,DAT_HOUR_START_OPERATION,DAT_HOUR_END_OPERATION,IND_TYPE_WORKING_DAYS,NUM_PROJECT) values (6,'IT_SUPPORT_IND','INDIA-FACTORY SUPPORT',to_date('19-APR-14','DD-MON-RR'),null,'ADMINWKF',to_date('19-APR-14','DD-MON-RR'),null,null,null,2);
Insert into ADMINWKF.WOK_WORKING_GROUPS (NUM_WORKING_GROUP,COD_WORKING_GROUP,DES_WORKING_GROUP,DAT_BEGIN_VALIDITY,DAT_END_VALIDITY,NAM_USER_MODIFY,DAT_LAST_MODIFY,DAT_HOUR_START_OPERATION,DAT_HOUR_END_OPERATION,IND_TYPE_WORKING_DAYS,NUM_PROJECT) values (5,'IT_SUPPORT_BRA','It Support Beyond Publicidade',to_date('19-APR-14','DD-MON-RR'),null,'ADMINWKF',to_date('19-APR-14','DD-MON-RR'),null,null,null,2);
Insert into ADMINWKF.WOK_WORKING_GROUPS (NUM_WORKING_GROUP,COD_WORKING_GROUP,DES_WORKING_GROUP,DAT_BEGIN_VALIDITY,DAT_END_VALIDITY,NAM_USER_MODIFY,DAT_LAST_MODIFY,DAT_HOUR_START_OPERATION,DAT_HOUR_END_OPERATION,IND_TYPE_WORKING_DAYS,NUM_PROJECT) values (9,'MCC1_IT','MCC1 IT',to_date('19-APR-14','DD-MON-RR'),null,'ADMINWKF',to_date('19-APR-14','DD-MON-RR'),null,null,null,1);
Insert into ADMINWKF.WOK_WORKING_GROUPS (NUM_WORKING_GROUP,COD_WORKING_GROUP,DES_WORKING_GROUP,DAT_BEGIN_VALIDITY,DAT_END_VALIDITY,NAM_USER_MODIFY,DAT_LAST_MODIFY,DAT_HOUR_START_OPERATION,DAT_HOUR_END_OPERATION,IND_TYPE_WORKING_DAYS,NUM_PROJECT) values (7,'ALL_USERS','ALL COMPANY USERS',to_date('19-APR-14','DD-MON-RR'),null,'ADMINWKF',to_date('19-APR-14','DD-MON-RR'),null,null,null,2);
Insert into ADMINWKF.WOK_WORKING_GROUPS (NUM_WORKING_GROUP,COD_WORKING_GROUP,DES_WORKING_GROUP,DAT_BEGIN_VALIDITY,DAT_END_VALIDITY,NAM_USER_MODIFY,DAT_LAST_MODIFY,DAT_HOUR_START_OPERATION,DAT_HOUR_END_OPERATION,IND_TYPE_WORKING_DAYS,NUM_PROJECT) values (10,'MCC1_MECH','MCC1 Mechanicals',to_date('19-APR-14','DD-MON-RR'),null,'ADMINWKF',to_date('19-APR-14','DD-MON-RR'),null,null,null,1);
Insert into ADMINWKF.WOK_WORKING_GROUPS (NUM_WORKING_GROUP,COD_WORKING_GROUP,DES_WORKING_GROUP,DAT_BEGIN_VALIDITY,DAT_END_VALIDITY,NAM_USER_MODIFY,DAT_LAST_MODIFY,DAT_HOUR_START_OPERATION,DAT_HOUR_END_OPERATION,IND_TYPE_WORKING_DAYS,NUM_PROJECT) values (11,'MCC1_ELETR','MCC1 Eletronics',to_date('19-APR-14','DD-MON-RR'),null,'ADMINWKF',to_date('19-APR-14','DD-MON-RR'),null,null,null,1);
Insert into ADMINWKF.WOK_WORKING_GROUPS (NUM_WORKING_GROUP,COD_WORKING_GROUP,DES_WORKING_GROUP,DAT_BEGIN_VALIDITY,DAT_END_VALIDITY,NAM_USER_MODIFY,DAT_LAST_MODIFY,DAT_HOUR_START_OPERATION,DAT_HOUR_END_OPERATION,IND_TYPE_WORKING_DAYS,NUM_PROJECT) values (8,'MCC1_OPETECH','MCC1 Operators   technicians',to_date('19-APR-14','DD-MON-RR'),null,'ADMINWKF',to_date('19-APR-14','DD-MON-RR'),null,null,null,1);

Insert into ADMINWKF.WOK_PROFILES_ACTIONS (NUM_PROFILE_ACTION,NUM_TYPE_ACTION,NUM_TYPE_PROFILE,DAT_BEGIN_VALIDITY,DAT_END_VALIDITY,NUM_PROFILE_ACTION_ANTECESSOR,NAM_USER_MODIFY,DAT_LAST_MODIFY,IND_REQUIRE_JUSTIFY) values (22,9,8,to_date('18-APR-14','DD-MON-RR'),null,null,'ADMINWKF',to_date('18-APR-14','DD-MON-RR'),'Y');
Insert into ADMINWKF.WOK_PROFILES_ACTIONS (NUM_PROFILE_ACTION,NUM_TYPE_ACTION,NUM_TYPE_PROFILE,DAT_BEGIN_VALIDITY,DAT_END_VALIDITY,NUM_PROFILE_ACTION_ANTECESSOR,NAM_USER_MODIFY,DAT_LAST_MODIFY,IND_REQUIRE_JUSTIFY) values (10,10,6,to_date('18-APR-14','DD-MON-RR'),null,null,'ADMINWKF',to_date('18-APR-14','DD-MON-RR'),'N');
Insert into ADMINWKF.WOK_PROFILES_ACTIONS (NUM_PROFILE_ACTION,NUM_TYPE_ACTION,NUM_TYPE_PROFILE,DAT_BEGIN_VALIDITY,DAT_END_VALIDITY,NUM_PROFILE_ACTION_ANTECESSOR,NAM_USER_MODIFY,DAT_LAST_MODIFY,IND_REQUIRE_JUSTIFY) values (11,11,7,to_date('18-APR-14','DD-MON-RR'),null,null,'ADMINWKF',to_date('18-APR-14','DD-MON-RR'),'N');
Insert into ADMINWKF.WOK_PROFILES_ACTIONS (NUM_PROFILE_ACTION,NUM_TYPE_ACTION,NUM_TYPE_PROFILE,DAT_BEGIN_VALIDITY,DAT_END_VALIDITY,NUM_PROFILE_ACTION_ANTECESSOR,NAM_USER_MODIFY,DAT_LAST_MODIFY,IND_REQUIRE_JUSTIFY) values (12,10,8,to_date('18-APR-14','DD-MON-RR'),null,null,'ADMINWKF',to_date('18-APR-14','DD-MON-RR'),'N');
Insert into ADMINWKF.WOK_PROFILES_ACTIONS (NUM_PROFILE_ACTION,NUM_TYPE_ACTION,NUM_TYPE_PROFILE,DAT_BEGIN_VALIDITY,DAT_END_VALIDITY,NUM_PROFILE_ACTION_ANTECESSOR,NAM_USER_MODIFY,DAT_LAST_MODIFY,IND_REQUIRE_JUSTIFY) values (13,11,6,to_date('18-APR-14','DD-MON-RR'),null,null,'ADMINWKF',to_date('18-APR-14','DD-MON-RR'),'N');
Insert into ADMINWKF.WOK_PROFILES_ACTIONS (NUM_PROFILE_ACTION,NUM_TYPE_ACTION,NUM_TYPE_PROFILE,DAT_BEGIN_VALIDITY,DAT_END_VALIDITY,NUM_PROFILE_ACTION_ANTECESSOR,NAM_USER_MODIFY,DAT_LAST_MODIFY,IND_REQUIRE_JUSTIFY) values (14,11,8,to_date('18-APR-14','DD-MON-RR'),null,null,'ADMINWKF',to_date('18-APR-14','DD-MON-RR'),'N');
Insert into ADMINWKF.WOK_PROFILES_ACTIONS (NUM_PROFILE_ACTION,NUM_TYPE_ACTION,NUM_TYPE_PROFILE,DAT_BEGIN_VALIDITY,DAT_END_VALIDITY,NUM_PROFILE_ACTION_ANTECESSOR,NAM_USER_MODIFY,DAT_LAST_MODIFY,IND_REQUIRE_JUSTIFY) values (17,13,6,to_date('18-APR-14','DD-MON-RR'),null,null,'ADMINWKF',to_date('18-APR-14','DD-MON-RR'),'N');
Insert into ADMINWKF.WOK_PROFILES_ACTIONS (NUM_PROFILE_ACTION,NUM_TYPE_ACTION,NUM_TYPE_PROFILE,DAT_BEGIN_VALIDITY,DAT_END_VALIDITY,NUM_PROFILE_ACTION_ANTECESSOR,NAM_USER_MODIFY,DAT_LAST_MODIFY,IND_REQUIRE_JUSTIFY) values (18,13,7,to_date('18-APR-14','DD-MON-RR'),null,null,'ADMINWKF',to_date('18-APR-14','DD-MON-RR'),'N');
Insert into ADMINWKF.WOK_PROFILES_ACTIONS (NUM_PROFILE_ACTION,NUM_TYPE_ACTION,NUM_TYPE_PROFILE,DAT_BEGIN_VALIDITY,DAT_END_VALIDITY,NUM_PROFILE_ACTION_ANTECESSOR,NAM_USER_MODIFY,DAT_LAST_MODIFY,IND_REQUIRE_JUSTIFY) values (19,13,8,to_date('18-APR-14','DD-MON-RR'),null,null,'ADMINWKF',to_date('18-APR-14','DD-MON-RR'),'N');
Insert into ADMINWKF.WOK_PROFILES_ACTIONS (NUM_PROFILE_ACTION,NUM_TYPE_ACTION,NUM_TYPE_PROFILE,DAT_BEGIN_VALIDITY,DAT_END_VALIDITY,NUM_PROFILE_ACTION_ANTECESSOR,NAM_USER_MODIFY,DAT_LAST_MODIFY,IND_REQUIRE_JUSTIFY) values (20,14,8,to_date('18-APR-14','DD-MON-RR'),null,null,'ADMINWKF',to_date('18-APR-14','DD-MON-RR'),'N');
Insert into ADMINWKF.WOK_PROFILES_ACTIONS (NUM_PROFILE_ACTION,NUM_TYPE_ACTION,NUM_TYPE_PROFILE,DAT_BEGIN_VALIDITY,DAT_END_VALIDITY,NUM_PROFILE_ACTION_ANTECESSOR,NAM_USER_MODIFY,DAT_LAST_MODIFY,IND_REQUIRE_JUSTIFY) values (21,15,8,to_date('18-APR-14','DD-MON-RR'),null,null,'ADMINWKF',to_date('18-APR-14','DD-MON-RR'),'Y');


Insert into ADMINWKF.WOK_USERS_GROUP (NUM_USER_GROUP,COD_USER_LOGIN,NUM_WORKING_GROUP,NUM_TYPE_PROFILE,DAT_BEGIN_VALIDITY,DAT_END_VALIDITY,NAM_USER_MODIFY,DAT_LAST_MODIFY,IND_RESPONSIBLE_GROUP,IND_RECEIVE_NOTIFICATION,IND_INTERACTION_DEMANDS,IND_RECEIVE_EMAIL_OCCURRENCE,IND_INTERACTION_OCCURRENCES) values (60,'ALRON',8,8,to_date('19-APR-14','DD-MON-RR'),null,'ADMINWKF',to_date('19-APR-14','DD-MON-RR'),'N','Y','Y','N','N');
Insert into ADMINWKF.WOK_USERS_GROUP (NUM_USER_GROUP,COD_USER_LOGIN,NUM_WORKING_GROUP,NUM_TYPE_PROFILE,DAT_BEGIN_VALIDITY,DAT_END_VALIDITY,NAM_USER_MODIFY,DAT_LAST_MODIFY,IND_RESPONSIBLE_GROUP,IND_RECEIVE_NOTIFICATION,IND_INTERACTION_DEMANDS,IND_RECEIVE_EMAIL_OCCURRENCE,IND_INTERACTION_OCCURRENCES) values (61,'ALELENO',8,8,to_date('19-APR-14','DD-MON-RR'),null,'ADMINWKF',to_date('19-APR-14','DD-MON-RR'),'N','Y','Y','N','N');
Insert into ADMINWKF.WOK_USERS_GROUP (NUM_USER_GROUP,COD_USER_LOGIN,NUM_WORKING_GROUP,NUM_TYPE_PROFILE,DAT_BEGIN_VALIDITY,DAT_END_VALIDITY,NAM_USER_MODIFY,DAT_LAST_MODIFY,IND_RESPONSIBLE_GROUP,IND_RECEIVE_NOTIFICATION,IND_INTERACTION_DEMANDS,IND_RECEIVE_EMAIL_OCCURRENCE,IND_INTERACTION_OCCURRENCES) values (62,'ALDINDO',8,8,to_date('19-APR-14','DD-MON-RR'),null,'ADMINWKF',to_date('19-APR-14','DD-MON-RR'),'N','Y','Y','N','N');
Insert into ADMINWKF.WOK_USERS_GROUP (NUM_USER_GROUP,COD_USER_LOGIN,NUM_WORKING_GROUP,NUM_TYPE_PROFILE,DAT_BEGIN_VALIDITY,DAT_END_VALIDITY,NAM_USER_MODIFY,DAT_LAST_MODIFY,IND_RESPONSIBLE_GROUP,IND_RECEIVE_NOTIFICATION,IND_INTERACTION_DEMANDS,IND_RECEIVE_EMAIL_OCCURRENCE,IND_INTERACTION_OCCURRENCES) values (63,'ALALDRIN',8,8,to_date('19-APR-14','DD-MON-RR'),null,'ADMINWKF',to_date('19-APR-14','DD-MON-RR'),'N','Y','Y','N','N');
Insert into ADMINWKF.WOK_USERS_GROUP (NUM_USER_GROUP,COD_USER_LOGIN,NUM_WORKING_GROUP,NUM_TYPE_PROFILE,DAT_BEGIN_VALIDITY,DAT_END_VALIDITY,NAM_USER_MODIFY,DAT_LAST_MODIFY,IND_RESPONSIBLE_GROUP,IND_RECEIVE_NOTIFICATION,IND_INTERACTION_DEMANDS,IND_RECEIVE_EMAIL_OCCURRENCE,IND_INTERACTION_OCCURRENCES) values (64,'ALAYOUBI',8,8,to_date('19-APR-14','DD-MON-RR'),null,'ADMINWKF',to_date('19-APR-14','DD-MON-RR'),'N','N','N','N','N');
Insert into ADMINWKF.WOK_USERS_GROUP (NUM_USER_GROUP,COD_USER_LOGIN,NUM_WORKING_GROUP,NUM_TYPE_PROFILE,DAT_BEGIN_VALIDITY,DAT_END_VALIDITY,NAM_USER_MODIFY,DAT_LAST_MODIFY,IND_RESPONSIBLE_GROUP,IND_RECEIVE_NOTIFICATION,IND_INTERACTION_DEMANDS,IND_RECEIVE_EMAIL_OCCURRENCE,IND_INTERACTION_OCCURRENCES) values (59,'ALALEX',8,8,to_date('19-APR-14','DD-MON-RR'),null,'ADMINWKF',to_date('19-APR-14','DD-MON-RR'),'N','N','Y','N','Y');
Insert into ADMINWKF.WOK_USERS_GROUP (NUM_USER_GROUP,COD_USER_LOGIN,NUM_WORKING_GROUP,NUM_TYPE_PROFILE,DAT_BEGIN_VALIDITY,DAT_END_VALIDITY,NAM_USER_MODIFY,DAT_LAST_MODIFY,IND_RESPONSIBLE_GROUP,IND_RECEIVE_NOTIFICATION,IND_INTERACTION_DEMANDS,IND_RECEIVE_EMAIL_OCCURRENCE,IND_INTERACTION_OCCURRENCES) values (51,'ALAQEEL',8,8,to_date('19-APR-14','DD-MON-RR'),null,'ADMINWKF',to_date('19-APR-14','DD-MON-RR'),'N','Y','Y','N','Y');
Insert into ADMINWKF.WOK_USERS_GROUP (NUM_USER_GROUP,COD_USER_LOGIN,NUM_WORKING_GROUP,NUM_TYPE_PROFILE,DAT_BEGIN_VALIDITY,DAT_END_VALIDITY,NAM_USER_MODIFY,DAT_LAST_MODIFY,IND_RESPONSIBLE_GROUP,IND_RECEIVE_NOTIFICATION,IND_INTERACTION_DEMANDS,IND_RECEIVE_EMAIL_OCCURRENCE,IND_INTERACTION_OCCURRENCES) values (52,'ALFAUSTINO',8,8,to_date('19-APR-14','DD-MON-RR'),null,'ADMINWKF',to_date('19-APR-14','DD-MON-RR'),'N','N','Y','N','Y');
Insert into ADMINWKF.WOK_USERS_GROUP (NUM_USER_GROUP,COD_USER_LOGIN,NUM_WORKING_GROUP,NUM_TYPE_PROFILE,DAT_BEGIN_VALIDITY,DAT_END_VALIDITY,NAM_USER_MODIFY,DAT_LAST_MODIFY,IND_RESPONSIBLE_GROUP,IND_RECEIVE_NOTIFICATION,IND_INTERACTION_DEMANDS,IND_RECEIVE_EMAIL_OCCURRENCE,IND_INTERACTION_OCCURRENCES) values (53,'ALGAREEN',8,8,to_date('19-APR-14','DD-MON-RR'),null,'ADMINWKF',to_date('19-APR-14','DD-MON-RR'),'N','N','Y','N','Y');
Insert into ADMINWKF.WOK_USERS_GROUP (NUM_USER_GROUP,COD_USER_LOGIN,NUM_WORKING_GROUP,NUM_TYPE_PROFILE,DAT_BEGIN_VALIDITY,DAT_END_VALIDITY,NAM_USER_MODIFY,DAT_LAST_MODIFY,IND_RESPONSIBLE_GROUP,IND_RECEIVE_NOTIFICATION,IND_INTERACTION_DEMANDS,IND_RECEIVE_EMAIL_OCCURRENCE,IND_INTERACTION_OCCURRENCES) values (54,'ALJALIL',8,8,to_date('19-APR-14','DD-MON-RR'),null,'ADMINWKF',to_date('19-APR-14','DD-MON-RR'),'N','N','Y','N','Y');
Insert into ADMINWKF.WOK_USERS_GROUP (NUM_USER_GROUP,COD_USER_LOGIN,NUM_WORKING_GROUP,NUM_TYPE_PROFILE,DAT_BEGIN_VALIDITY,DAT_END_VALIDITY,NAM_USER_MODIFY,DAT_LAST_MODIFY,IND_RESPONSIBLE_GROUP,IND_RECEIVE_NOTIFICATION,IND_INTERACTION_DEMANDS,IND_RECEIVE_EMAIL_OCCURRENCE,IND_INTERACTION_OCCURRENCES) values (55,'ALJERRY',8,8,to_date('19-APR-14','DD-MON-RR'),null,'ADMINWKF',to_date('19-APR-14','DD-MON-RR'),'N','N','Y','N','N');
Insert into ADMINWKF.WOK_USERS_GROUP (NUM_USER_GROUP,COD_USER_LOGIN,NUM_WORKING_GROUP,NUM_TYPE_PROFILE,DAT_BEGIN_VALIDITY,DAT_END_VALIDITY,NAM_USER_MODIFY,DAT_LAST_MODIFY,IND_RESPONSIBLE_GROUP,IND_RECEIVE_NOTIFICATION,IND_INTERACTION_DEMANDS,IND_RECEIVE_EMAIL_OCCURRENCE,IND_INTERACTION_OCCURRENCES) values (56,'ALJOEL',8,8,to_date('19-APR-14','DD-MON-RR'),null,'ADMINWKF',to_date('19-APR-14','DD-MON-RR'),'N','N','Y','N','N');
Insert into ADMINWKF.WOK_USERS_GROUP (NUM_USER_GROUP,COD_USER_LOGIN,NUM_WORKING_GROUP,NUM_TYPE_PROFILE,DAT_BEGIN_VALIDITY,DAT_END_VALIDITY,NAM_USER_MODIFY,DAT_LAST_MODIFY,IND_RESPONSIBLE_GROUP,IND_RECEIVE_NOTIFICATION,IND_INTERACTION_DEMANDS,IND_RECEIVE_EMAIL_OCCURRENCE,IND_INTERACTION_OCCURRENCES) values (57,'ALREXIE',8,8,to_date('19-APR-14','DD-MON-RR'),null,'ADMINWKF',to_date('19-APR-14','DD-MON-RR'),'N','Y','Y','N','Y');
Insert into ADMINWKF.WOK_USERS_GROUP (NUM_USER_GROUP,COD_USER_LOGIN,NUM_WORKING_GROUP,NUM_TYPE_PROFILE,DAT_BEGIN_VALIDITY,DAT_END_VALIDITY,NAM_USER_MODIFY,DAT_LAST_MODIFY,IND_RESPONSIBLE_GROUP,IND_RECEIVE_NOTIFICATION,IND_INTERACTION_DEMANDS,IND_RECEIVE_EMAIL_OCCURRENCE,IND_INTERACTION_OCCURRENCES) values (65,'ALMOUTAZ',8,8,to_date('19-APR-14','DD-MON-RR'),null,'ADMINWKF',to_date('19-APR-14','DD-MON-RR'),'N','Y','N','Y','N');
Insert into ADMINWKF.WOK_USERS_GROUP (NUM_USER_GROUP,COD_USER_LOGIN,NUM_WORKING_GROUP,NUM_TYPE_PROFILE,DAT_BEGIN_VALIDITY,DAT_END_VALIDITY,NAM_USER_MODIFY,DAT_LAST_MODIFY,IND_RESPONSIBLE_GROUP,IND_RECEIVE_NOTIFICATION,IND_INTERACTION_DEMANDS,IND_RECEIVE_EMAIL_OCCURRENCE,IND_INTERACTION_OCCURRENCES) values (66,'ALYOUSSEF',8,8,to_date('19-APR-14','DD-MON-RR'),null,'ADMINWKF',to_date('19-APR-14','DD-MON-RR'),'N','Y','N','Y','N');
Insert into ADMINWKF.WOK_USERS_GROUP (NUM_USER_GROUP,COD_USER_LOGIN,NUM_WORKING_GROUP,NUM_TYPE_PROFILE,DAT_BEGIN_VALIDITY,DAT_END_VALIDITY,NAM_USER_MODIFY,DAT_LAST_MODIFY,IND_RESPONSIBLE_GROUP,IND_RECEIVE_NOTIFICATION,IND_INTERACTION_DEMANDS,IND_RECEIVE_EMAIL_OCCURRENCE,IND_INTERACTION_OCCURRENCES) values (67,'ALNADIM',8,8,to_date('19-APR-14','DD-MON-RR'),null,'ADMINWKF',to_date('19-APR-14','DD-MON-RR'),'N','Y','N','N','N');
Insert into ADMINWKF.WOK_USERS_GROUP (NUM_USER_GROUP,COD_USER_LOGIN,NUM_WORKING_GROUP,NUM_TYPE_PROFILE,DAT_BEGIN_VALIDITY,DAT_END_VALIDITY,NAM_USER_MODIFY,DAT_LAST_MODIFY,IND_RESPONSIBLE_GROUP,IND_RECEIVE_NOTIFICATION,IND_INTERACTION_DEMANDS,IND_RECEIVE_EMAIL_OCCURRENCE,IND_INTERACTION_OCCURRENCES) values (68,'ALAHMAD',8,8,to_date('19-APR-14','DD-MON-RR'),null,'ADMINWKF',to_date('19-APR-14','DD-MON-RR'),'N','N','N','N','N');
Insert into ADMINWKF.WOK_USERS_GROUP (NUM_USER_GROUP,COD_USER_LOGIN,NUM_WORKING_GROUP,NUM_TYPE_PROFILE,DAT_BEGIN_VALIDITY,DAT_END_VALIDITY,NAM_USER_MODIFY,DAT_LAST_MODIFY,IND_RESPONSIBLE_GROUP,IND_RECEIVE_NOTIFICATION,IND_INTERACTION_DEMANDS,IND_RECEIVE_EMAIL_OCCURRENCE,IND_INTERACTION_OCCURRENCES) values (70,'ALRONALD',8,8,to_date('19-APR-14','DD-MON-RR'),null,'ADMINWKF',to_date('19-APR-14','DD-MON-RR'),'N','Y','N','N','N');
Insert into ADMINWKF.WOK_USERS_GROUP (NUM_USER_GROUP,COD_USER_LOGIN,NUM_WORKING_GROUP,NUM_TYPE_PROFILE,DAT_BEGIN_VALIDITY,DAT_END_VALIDITY,NAM_USER_MODIFY,DAT_LAST_MODIFY,IND_RESPONSIBLE_GROUP,IND_RECEIVE_NOTIFICATION,IND_INTERACTION_DEMANDS,IND_RECEIVE_EMAIL_OCCURRENCE,IND_INTERACTION_OCCURRENCES) values (449,'MABMCC1028',8,9,to_date('19-APR-14','DD-MON-RR'),null,'ADMINWKF',to_date('19-APR-14','DD-MON-RR'),'N','N','N','N','N');
Insert into ADMINWKF.WOK_USERS_GROUP (NUM_USER_GROUP,COD_USER_LOGIN,NUM_WORKING_GROUP,NUM_TYPE_PROFILE,DAT_BEGIN_VALIDITY,DAT_END_VALIDITY,NAM_USER_MODIFY,DAT_LAST_MODIFY,IND_RESPONSIBLE_GROUP,IND_RECEIVE_NOTIFICATION,IND_INTERACTION_DEMANDS,IND_RECEIVE_EMAIL_OCCURRENCE,IND_INTERACTION_OCCURRENCES) values (48,'MABMCC1027',8,9,to_date('19-APR-14','DD-MON-RR'),null,'ADMINWKF',to_date('19-APR-14','DD-MON-RR'),'N','N','N','N','N');
Insert into ADMINWKF.WOK_USERS_GROUP (NUM_USER_GROUP,COD_USER_LOGIN,NUM_WORKING_GROUP,NUM_TYPE_PROFILE,DAT_BEGIN_VALIDITY,DAT_END_VALIDITY,NAM_USER_MODIFY,DAT_LAST_MODIFY,IND_RESPONSIBLE_GROUP,IND_RECEIVE_NOTIFICATION,IND_INTERACTION_DEMANDS,IND_RECEIVE_EMAIL_OCCURRENCE,IND_INTERACTION_OCCURRENCES) values (69,'ALIGNACIO',8,8,to_date('19-APR-14','DD-MON-RR'),null,'ADMINWKF',to_date('19-APR-14','DD-MON-RR'),'N','N','N','N','N');
Insert into ADMINWKF.WOK_USERS_GROUP (NUM_USER_GROUP,COD_USER_LOGIN,NUM_WORKING_GROUP,NUM_TYPE_PROFILE,DAT_BEGIN_VALIDITY,DAT_END_VALIDITY,NAM_USER_MODIFY,DAT_LAST_MODIFY,IND_RESPONSIBLE_GROUP,IND_RECEIVE_NOTIFICATION,IND_INTERACTION_DEMANDS,IND_RECEIVE_EMAIL_OCCURRENCE,IND_INTERACTION_OCCURRENCES) values (71,'ALABDULKADER',8,8,to_date('19-APR-14','DD-MON-RR'),null,'ADMINWKF',to_date('19-APR-14','DD-MON-RR'),'N','Y','N','Y','N');
Insert into ADMINWKF.WOK_USERS_GROUP (NUM_USER_GROUP,COD_USER_LOGIN,NUM_WORKING_GROUP,NUM_TYPE_PROFILE,DAT_BEGIN_VALIDITY,DAT_END_VALIDITY,NAM_USER_MODIFY,DAT_LAST_MODIFY,IND_RESPONSIBLE_GROUP,IND_RECEIVE_NOTIFICATION,IND_INTERACTION_DEMANDS,IND_RECEIVE_EMAIL_OCCURRENCE,IND_INTERACTION_OCCURRENCES) values (58,'ALZAHER',8,8,to_date('19-APR-14','DD-MON-RR'),null,'ADMINWKF',to_date('19-APR-14','DD-MON-RR'),'Y','Y','Y','Y','Y');
Insert into ADMINWKF.WOK_USERS_GROUP (NUM_USER_GROUP,COD_USER_LOGIN,NUM_WORKING_GROUP,NUM_TYPE_PROFILE,DAT_BEGIN_VALIDITY,DAT_END_VALIDITY,NAM_USER_MODIFY,DAT_LAST_MODIFY,IND_RESPONSIBLE_GROUP,IND_RECEIVE_NOTIFICATION,IND_INTERACTION_DEMANDS,IND_RECEIVE_EMAIL_OCCURRENCE,IND_INTERACTION_OCCURRENCES) values (49,'ALADEEL',8,8,to_date('19-APR-14','DD-MON-RR'),null,'ADMINWKF',to_date('19-APR-14','DD-MON-RR'),'Y','Y','Y','Y','Y');

commit;


Insert into ADMINWKF.WOK_DEMANDS (NUM_DEMAND,DAT_DEMAND,NUM_TYPE_DEMAND,NUM_USER_GROUP,NUM_ZONE_DEVICE,NUM_PRIORITY,NAM_USER_MODIFY,DAT_LAST_MODIFY,NUM_CONFIGURATION_ITEM,DES_SUMMARY_DEMAND,DES_DETAIL_DEMAND,NUM_SITE_LOCATION,DAT_ESTIMATED_CONCLUSION,DAT_REAL_CONCLUSION,DAT_VIOLATION_SLA,NUM_TYPE_SYMPTOM,NUM_TYPE_IMPACT,NUM_MAXIMO) values (1126,to_date('02-JUN-15','DD-MON-RR'),8,54,292,3,'ALJALIL',to_date('02-JUN-15','DD-MON-RR'),14,'3 PTZ CAMERAS NOT IN RIGHT INFO.','3 PTZ CAMERAS NOT CORRECT AND\OR NOT IN RIGHT INFORMATION CAMERA DISPLAY. 1. PTZ 04 VIEW PTZ 08, 2. PTZ 05 VIEW PTZ 04, 3. PTZ 08 VIEW PTZ 05...SUBJECT TO CHECK.',8,null,null,to_date('03-JUN-15','DD-MON-RR'),5,1,153049237);
Insert into ADMINWKF.WOK_DEMANDS (NUM_DEMAND,DAT_DEMAND,NUM_TYPE_DEMAND,NUM_USER_GROUP,NUM_ZONE_DEVICE,NUM_PRIORITY,NAM_USER_MODIFY,DAT_LAST_MODIFY,NUM_CONFIGURATION_ITEM,DES_SUMMARY_DEMAND,DES_DETAIL_DEMAND,NUM_SITE_LOCATION,DAT_ESTIMATED_CONCLUSION,DAT_REAL_CONCLUSION,DAT_VIOLATION_SLA,NUM_TYPE_SYMPTOM,NUM_TYPE_IMPACT,NUM_MAXIMO) values (1127,to_date('02-JUN-15','DD-MON-RR'),8,54,292,3,'ALJALIL',to_date('04-JUN-15','DD-MON-RR'),14,'3 PTZ CAMERAS HAVING INCORRECT NAMES','3 PTZ CAMERAS HAVING INCORRECT NAMES IN BOSCH OPERATOR CLIENT APPLICATION SINCE MAY 31, 2015. THIS ISSUE WERE ALREADY INFORMED TO AQEEL, THIS PTZ CAMERAS ARE THE PTZ_OR_WE_04,05 AND 08',8,null,null,to_date('03-JUN-15','DD-MON-RR'),5,1,153049237);
Insert into ADMINWKF.WOK_DEMANDS (NUM_DEMAND,DAT_DEMAND,NUM_TYPE_DEMAND,NUM_USER_GROUP,NUM_ZONE_DEVICE,NUM_PRIORITY,NAM_USER_MODIFY,DAT_LAST_MODIFY,NUM_CONFIGURATION_ITEM,DES_SUMMARY_DEMAND,DES_DETAIL_DEMAND,NUM_SITE_LOCATION,DAT_ESTIMATED_CONCLUSION,DAT_REAL_CONCLUSION,DAT_VIOLATION_SLA,NUM_TYPE_SYMPTOM,NUM_TYPE_IMPACT,NUM_MAXIMO) values (1128,to_date('03-JUN-15','DD-MON-RR'),8,54,296,3,'ALJALIL',to_date('03-JUN-15','DD-MON-RR'),14,'PTZ_OR_WE_08 NO DISPLAY','PTZ_OR_WE_08 HAS A DISPLAY PROBLEM. THERE IS WHITE APPEARING ON THE SCREEN SINCE 11:32AM THEN OFF AFTER A FEW MINUTES.',12,null,null,to_date('04-JUN-15','DD-MON-RR'),5,1,153049323);
Insert into ADMINWKF.WOK_DEMANDS (NUM_DEMAND,DAT_DEMAND,NUM_TYPE_DEMAND,NUM_USER_GROUP,NUM_ZONE_DEVICE,NUM_PRIORITY,NAM_USER_MODIFY,DAT_LAST_MODIFY,NUM_CONFIGURATION_ITEM,DES_SUMMARY_DEMAND,DES_DETAIL_DEMAND,NUM_SITE_LOCATION,DAT_ESTIMATED_CONCLUSION,DAT_REAL_CONCLUSION,DAT_VIOLATION_SLA,NUM_TYPE_SYMPTOM,NUM_TYPE_IMPACT,NUM_MAXIMO) values (1130,to_date('04-JUN-15','DD-MON-RR'),8,54,null,3,'ALJALIL',to_date('04-JUN-15','DD-MON-RR'),20,'SOS Log In problem','SOS having a log in problem, the operators don''t have an access on the SOS Application',57,null,null,to_date('05-JUN-15','DD-MON-RR'),2,2,null);
Insert into ADMINWKF.WOK_DEMANDS (NUM_DEMAND,DAT_DEMAND,NUM_TYPE_DEMAND,NUM_USER_GROUP,NUM_ZONE_DEVICE,NUM_PRIORITY,NAM_USER_MODIFY,DAT_LAST_MODIFY,NUM_CONFIGURATION_ITEM,DES_SUMMARY_DEMAND,DES_DETAIL_DEMAND,NUM_SITE_LOCATION,DAT_ESTIMATED_CONCLUSION,DAT_REAL_CONCLUSION,DAT_VIOLATION_SLA,NUM_TYPE_SYMPTOM,NUM_TYPE_IMPACT,NUM_MAXIMO) values (1165,to_date('08-JUN-15','DD-MON-RR'),8,54,171,3,'ALJALIL',to_date('08-JUN-15','DD-MON-RR'),13,'FOUR FIX CAMERAS ARE NOT RECORDING','FOUR FIX CAMERAS ARE NOT RECORDING SINCE 08\JUNE\2015 13:39:33, THIS CAMERAS ARE CAM_OR_EW_50,51 AND CAM_OR_WE_01,02. ALREADY INFORMED TO MR. ZAHER',2,null,null,to_date('09-JUN-15','DD-MON-RR'),5,1,null);
Insert into ADMINWKF.WOK_DEMANDS (NUM_DEMAND,DAT_DEMAND,NUM_TYPE_DEMAND,NUM_USER_GROUP,NUM_ZONE_DEVICE,NUM_PRIORITY,NAM_USER_MODIFY,DAT_LAST_MODIFY,NUM_CONFIGURATION_ITEM,DES_SUMMARY_DEMAND,DES_DETAIL_DEMAND,NUM_SITE_LOCATION,DAT_ESTIMATED_CONCLUSION,DAT_REAL_CONCLUSION,DAT_VIOLATION_SLA,NUM_TYPE_SYMPTOM,NUM_TYPE_IMPACT,NUM_MAXIMO) values (1366,to_date('01-JUL-15','DD-MON-RR'),7,54,null,4,'ALJALIL',to_date('01-JUL-15','DD-MON-RR'),4,'Flux application is not working','Flux application is not working, Everytime we put the the Username and Password an error appear saying "A CONNECTION WITH THE  SERVER COULD NOT BE MADE." ALREADY INFORMED TO MR. AQEEL..',57,null,null,to_date('01-JUL-15','DD-MON-RR'),2,1,null);
Insert into ADMINWKF.WOK_DEMANDS (NUM_DEMAND,DAT_DEMAND,NUM_TYPE_DEMAND,NUM_USER_GROUP,NUM_ZONE_DEVICE,NUM_PRIORITY,NAM_USER_MODIFY,DAT_LAST_MODIFY,NUM_CONFIGURATION_ITEM,DES_SUMMARY_DEMAND,DES_DETAIL_DEMAND,NUM_SITE_LOCATION,DAT_ESTIMATED_CONCLUSION,DAT_REAL_CONCLUSION,DAT_VIOLATION_SLA,NUM_TYPE_SYMPTOM,NUM_TYPE_IMPACT,NUM_MAXIMO) values (1189,to_date('10-JUN-15','DD-MON-RR'),8,54,1177,3,'aljalil',to_date('10-JUN-15','DD-MON-RR'),10,'VMSA\B in tunnel 3 NS had weak bond between the wall','VMSA\B in tunnel 3 NS had a weak bond on the wall due to bolt loosing according to the technicians this device must detach from the wall for it might fall down. according to them after they detach, they will properly install it again.',45,null,null,to_date('10-JUN-15','DD-MON-RR'),1,1,155007491);
Insert into ADMINWKF.WOK_DEMANDS (NUM_DEMAND,DAT_DEMAND,NUM_TYPE_DEMAND,NUM_USER_GROUP,NUM_ZONE_DEVICE,NUM_PRIORITY,NAM_USER_MODIFY,DAT_LAST_MODIFY,NUM_CONFIGURATION_ITEM,DES_SUMMARY_DEMAND,DES_DETAIL_DEMAND,NUM_SITE_LOCATION,DAT_ESTIMATED_CONCLUSION,DAT_REAL_CONCLUSION,DAT_VIOLATION_SLA,NUM_TYPE_SYMPTOM,NUM_TYPE_IMPACT,NUM_MAXIMO) values (1368,to_date('01-JUL-15','DD-MON-RR'),7,54,806,4,'ALJALIL',to_date('01-JUL-15','DD-MON-RR'),35,'DISK 9 VRM STORAGE 172.16.2.13 FAIL','DISK 9 VRM STORAGE 172.16.2.13 FAIL',57,null,null,to_date('01-JUL-15','DD-MON-RR'),1,1,null);
Insert into ADMINWKF.WOK_DEMANDS (NUM_DEMAND,DAT_DEMAND,NUM_TYPE_DEMAND,NUM_USER_GROUP,NUM_ZONE_DEVICE,NUM_PRIORITY,NAM_USER_MODIFY,DAT_LAST_MODIFY,NUM_CONFIGURATION_ITEM,DES_SUMMARY_DEMAND,DES_DETAIL_DEMAND,NUM_SITE_LOCATION,DAT_ESTIMATED_CONCLUSION,DAT_REAL_CONCLUSION,DAT_VIOLATION_SLA,NUM_TYPE_SYMPTOM,NUM_TYPE_IMPACT,NUM_MAXIMO) values (1107,to_date('31-MAY-15','DD-MON-RR'),8,54,140,3,'ALJALIL',to_date('31-MAY-15','DD-MON-RR'),13,'CAM_T1_EW_03 has do display','CAM_T1_EW_03 has do display since 31\05\2015 at 09:46 in the morning, already informed to the technicians.',21,null,null,to_date('31-MAY-15','DD-MON-RR'),5,1,153049238);
Insert into ADMINWKF.WOK_DEMANDS (NUM_DEMAND,DAT_DEMAND,NUM_TYPE_DEMAND,NUM_USER_GROUP,NUM_ZONE_DEVICE,NUM_PRIORITY,NAM_USER_MODIFY,DAT_LAST_MODIFY,NUM_CONFIGURATION_ITEM,DES_SUMMARY_DEMAND,DES_DETAIL_DEMAND,NUM_SITE_LOCATION,DAT_ESTIMATED_CONCLUSION,DAT_REAL_CONCLUSION,DAT_VIOLATION_SLA,NUM_TYPE_SYMPTOM,NUM_TYPE_IMPACT,NUM_MAXIMO) values (1011,to_date('20-MAY-15','DD-MON-RR'),8,54,86,1,'ALJALIL',to_date('20-MAY-15','DD-MON-RR'),13,'CAM_T3_SN_10 Camera has a display problem','CAM_T3_SN_10 Camera has a display problem',53,null,null,to_date('22-MAY-15','DD-MON-RR'),5,1,null);
Insert into ADMINWKF.WOK_DEMANDS (NUM_DEMAND,DAT_DEMAND,NUM_TYPE_DEMAND,NUM_USER_GROUP,NUM_ZONE_DEVICE,NUM_PRIORITY,NAM_USER_MODIFY,DAT_LAST_MODIFY,NUM_CONFIGURATION_ITEM,DES_SUMMARY_DEMAND,DES_DETAIL_DEMAND,NUM_SITE_LOCATION,DAT_ESTIMATED_CONCLUSION,DAT_REAL_CONCLUSION,DAT_VIOLATION_SLA,NUM_TYPE_SYMPTOM,NUM_TYPE_IMPACT,NUM_MAXIMO) values (1305,to_date('23-JUN-15','DD-MON-RR'),8,49,250,4,'ALADEEL',to_date('23-JUN-15','DD-MON-RR'),13,'Some Fix Cameras that is not recording','Some Fix Cameras that is not recording, This Cameras are as follows: CAM_R3_EW_01-03, CAM_T3_SN_03-10, CAM_OR_WE_18,19,45,46. CAM_AB_NS_30, CAM_AB_SN_04, CAM_R4_NS_02.',69,null,null,to_date('23-JUN-15','DD-MON-RR'),5,1,155007688);
Insert into ADMINWKF.WOK_DEMANDS (NUM_DEMAND,DAT_DEMAND,NUM_TYPE_DEMAND,NUM_USER_GROUP,NUM_ZONE_DEVICE,NUM_PRIORITY,NAM_USER_MODIFY,DAT_LAST_MODIFY,NUM_CONFIGURATION_ITEM,DES_SUMMARY_DEMAND,DES_DETAIL_DEMAND,NUM_SITE_LOCATION,DAT_ESTIMATED_CONCLUSION,DAT_REAL_CONCLUSION,DAT_VIOLATION_SLA,NUM_TYPE_SYMPTOM,NUM_TYPE_IMPACT,NUM_MAXIMO) values (1306,to_date('23-JUN-15','DD-MON-RR'),8,54,293,4,'ALJALIL',to_date('23-JUN-15','DD-MON-RR'),14,'SOME PTZ CAMERAS ARE NOT RECORDING','SOME PTZ_CAMERAS ARE NOT RECORDING, THIS CAMERAS ARE AS FOLLOWS: PTZ_OR_WE_04,05,09',9,null,null,to_date('23-JUN-15','DD-MON-RR'),5,1,155007689);
Insert into ADMINWKF.WOK_DEMANDS (NUM_DEMAND,DAT_DEMAND,NUM_TYPE_DEMAND,NUM_USER_GROUP,NUM_ZONE_DEVICE,NUM_PRIORITY,NAM_USER_MODIFY,DAT_LAST_MODIFY,NUM_CONFIGURATION_ITEM,DES_SUMMARY_DEMAND,DES_DETAIL_DEMAND,NUM_SITE_LOCATION,DAT_ESTIMATED_CONCLUSION,DAT_REAL_CONCLUSION,DAT_VIOLATION_SLA,NUM_TYPE_SYMPTOM,NUM_TYPE_IMPACT,NUM_MAXIMO) values (1021,to_date('21-MAY-15','DD-MON-RR'),8,54,10061,1,'ALJALIL',to_date('21-MAY-15','DD-MON-RR'),43,'Generator main breaker not functioning','Main breaker of West Int. Generator not functioning',2,null,null,to_date('23-MAY-15','DD-MON-RR'),4,2,153048159);
Insert into ADMINWKF.WOK_DEMANDS (NUM_DEMAND,DAT_DEMAND,NUM_TYPE_DEMAND,NUM_USER_GROUP,NUM_ZONE_DEVICE,NUM_PRIORITY,NAM_USER_MODIFY,DAT_LAST_MODIFY,NUM_CONFIGURATION_ITEM,DES_SUMMARY_DEMAND,DES_DETAIL_DEMAND,NUM_SITE_LOCATION,DAT_ESTIMATED_CONCLUSION,DAT_REAL_CONCLUSION,DAT_VIOLATION_SLA,NUM_TYPE_SYMPTOM,NUM_TYPE_IMPACT,NUM_MAXIMO) values (1245,to_date('21-JUN-15','DD-MON-RR'),8,54,null,2,'ALJALIL',to_date('21-JUN-15','DD-MON-RR'),12,'VMSI_AB_NS_02_01 NO DISPLAY','VMSI_AB_NS_02_01 HAS NO DISPLAY SINCE 21\06\2015, INFORMED TO THE TECHNICIAN',43,null,null,to_date('22-JUN-15','DD-MON-RR'),5,1,null);
Insert into ADMINWKF.WOK_DEMANDS (NUM_DEMAND,DAT_DEMAND,NUM_TYPE_DEMAND,NUM_USER_GROUP,NUM_ZONE_DEVICE,NUM_PRIORITY,NAM_USER_MODIFY,DAT_LAST_MODIFY,NUM_CONFIGURATION_ITEM,DES_SUMMARY_DEMAND,DES_DETAIL_DEMAND,NUM_SITE_LOCATION,DAT_ESTIMATED_CONCLUSION,DAT_REAL_CONCLUSION,DAT_VIOLATION_SLA,NUM_TYPE_SYMPTOM,NUM_TYPE_IMPACT,NUM_MAXIMO) values (1105,to_date('30-MAY-15','DD-MON-RR'),8,58,10072,1,'ALZAHER',to_date('30-MAY-15','DD-MON-RR'),52,'Some of the Guidance lights Bulbs are not working ','Some of the Guidance lights Bulbs are not working ',53,null,null,to_date('01-JUN-15','DD-MON-RR'),5,1,143019499);
Insert into ADMINWKF.WOK_DEMANDS (NUM_DEMAND,DAT_DEMAND,NUM_TYPE_DEMAND,NUM_USER_GROUP,NUM_ZONE_DEVICE,NUM_PRIORITY,NAM_USER_MODIFY,DAT_LAST_MODIFY,NUM_CONFIGURATION_ITEM,DES_SUMMARY_DEMAND,DES_DETAIL_DEMAND,NUM_SITE_LOCATION,DAT_ESTIMATED_CONCLUSION,DAT_REAL_CONCLUSION,DAT_VIOLATION_SLA,NUM_TYPE_SYMPTOM,NUM_TYPE_IMPACT,NUM_MAXIMO) values (1186,to_date('09-JUN-15','DD-MON-RR'),8,54,321,2,'ALJALIL',to_date('09-JUN-15','DD-MON-RR'),20,'SOS PROBLEM (FIELD) BAD COMMUNICATION','ECS_T2_EW_05 HAS A BAD COMMUNICATION',24,null,null,to_date('10-JUN-15','DD-MON-RR'),6,1,155007483);
Insert into ADMINWKF.WOK_DEMANDS (NUM_DEMAND,DAT_DEMAND,NUM_TYPE_DEMAND,NUM_USER_GROUP,NUM_ZONE_DEVICE,NUM_PRIORITY,NAM_USER_MODIFY,DAT_LAST_MODIFY,NUM_CONFIGURATION_ITEM,DES_SUMMARY_DEMAND,DES_DETAIL_DEMAND,NUM_SITE_LOCATION,DAT_ESTIMATED_CONCLUSION,DAT_REAL_CONCLUSION,DAT_VIOLATION_SLA,NUM_TYPE_SYMPTOM,NUM_TYPE_IMPACT,NUM_MAXIMO) values (1187,to_date('09-JUN-15','DD-MON-RR'),8,54,350,3,'ALJALIL',to_date('09-JUN-15','DD-MON-RR'),20,'SOS PROBLEM (FIELD) BAD POWER','THERE ARE SOS DEVICE IN THE FIELD THAT HAS A BAD POWER ALARM THIS DEVICES ARE ECS_OR_EW_03 AND ECS_OR_WE_01',18,null,null,to_date('10-JUN-15','DD-MON-RR'),6,1,155007484);
Insert into ADMINWKF.WOK_DEMANDS (NUM_DEMAND,DAT_DEMAND,NUM_TYPE_DEMAND,NUM_USER_GROUP,NUM_ZONE_DEVICE,NUM_PRIORITY,NAM_USER_MODIFY,DAT_LAST_MODIFY,NUM_CONFIGURATION_ITEM,DES_SUMMARY_DEMAND,DES_DETAIL_DEMAND,NUM_SITE_LOCATION,DAT_ESTIMATED_CONCLUSION,DAT_REAL_CONCLUSION,DAT_VIOLATION_SLA,NUM_TYPE_SYMPTOM,NUM_TYPE_IMPACT,NUM_MAXIMO) values (1129,to_date('03-JUN-15','DD-MON-RR'),8,54,1742,2,'ALJALIL',to_date('03-JUN-15','DD-MON-RR'),15,'JFN_T3_NS_10 TECHSTATE BAD','JFN_T3_NS_10 TECHSTATE BAD, IN ALARM',45,null,null,to_date('04-JUN-15','DD-MON-RR'),6,1,null);
Insert into ADMINWKF.WOK_DEMANDS (NUM_DEMAND,DAT_DEMAND,NUM_TYPE_DEMAND,NUM_USER_GROUP,NUM_ZONE_DEVICE,NUM_PRIORITY,NAM_USER_MODIFY,DAT_LAST_MODIFY,NUM_CONFIGURATION_ITEM,DES_SUMMARY_DEMAND,DES_DETAIL_DEMAND,NUM_SITE_LOCATION,DAT_ESTIMATED_CONCLUSION,DAT_REAL_CONCLUSION,DAT_VIOLATION_SLA,NUM_TYPE_SYMPTOM,NUM_TYPE_IMPACT,NUM_MAXIMO) values (1188,to_date('10-JUN-15','DD-MON-RR'),8,54,1184,3,'ALJALIL',to_date('10-JUN-15','DD-MON-RR'),39,'AVC_T1_WE_02 NOT OPERATIONAL','AVC_T1_WE_02 IN ALARM NOT OPERATIONAL LAST KRUNCH 06\10\2015 07;05',7,null,null,to_date('10-JUN-15','DD-MON-RR'),6,1,null);
Insert into ADMINWKF.WOK_DEMANDS (NUM_DEMAND,DAT_DEMAND,NUM_TYPE_DEMAND,NUM_USER_GROUP,NUM_ZONE_DEVICE,NUM_PRIORITY,NAM_USER_MODIFY,DAT_LAST_MODIFY,NUM_CONFIGURATION_ITEM,DES_SUMMARY_DEMAND,DES_DETAIL_DEMAND,NUM_SITE_LOCATION,DAT_ESTIMATED_CONCLUSION,DAT_REAL_CONCLUSION,DAT_VIOLATION_SLA,NUM_TYPE_SYMPTOM,NUM_TYPE_IMPACT,NUM_MAXIMO) values (1005,to_date('20-MAY-15','DD-MON-RR'),8,54,10070,2,'aljalil',to_date('21-MAY-15','DD-MON-RR'),50,'SubStation In Alarm and Trpped','SubStation In Alarm and Tripped',25,null,null,to_date('21-MAY-15','DD-MON-RR'),6,1,153049111);
Insert into ADMINWKF.WOK_DEMANDS (NUM_DEMAND,DAT_DEMAND,NUM_TYPE_DEMAND,NUM_USER_GROUP,NUM_ZONE_DEVICE,NUM_PRIORITY,NAM_USER_MODIFY,DAT_LAST_MODIFY,NUM_CONFIGURATION_ITEM,DES_SUMMARY_DEMAND,DES_DETAIL_DEMAND,NUM_SITE_LOCATION,DAT_ESTIMATED_CONCLUSION,DAT_REAL_CONCLUSION,DAT_VIOLATION_SLA,NUM_TYPE_SYMPTOM,NUM_TYPE_IMPACT,NUM_MAXIMO) values (1006,to_date('20-MAY-15','DD-MON-RR'),8,54,10069,1,'ALJALIL',to_date('20-MAY-15','DD-MON-RR'),51,'Fire PumpController Technicaly Bad and stopped','Fire PumpController Technicaly Bad and stopped',45,null,null,to_date('22-MAY-15','DD-MON-RR'),6,1,153049113);
Insert into ADMINWKF.WOK_DEMANDS (NUM_DEMAND,DAT_DEMAND,NUM_TYPE_DEMAND,NUM_USER_GROUP,NUM_ZONE_DEVICE,NUM_PRIORITY,NAM_USER_MODIFY,DAT_LAST_MODIFY,NUM_CONFIGURATION_ITEM,DES_SUMMARY_DEMAND,DES_DETAIL_DEMAND,NUM_SITE_LOCATION,DAT_ESTIMATED_CONCLUSION,DAT_REAL_CONCLUSION,DAT_VIOLATION_SLA,NUM_TYPE_SYMPTOM,NUM_TYPE_IMPACT,NUM_MAXIMO) values (1007,to_date('20-MAY-15','DD-MON-RR'),8,54,10068,1,'ALJALIL',to_date('20-MAY-15','DD-MON-RR'),51,'Fire PumpController Technicaly Bad and stopped','Fire PumpController Technicaly Bad and stopped',7,null,null,to_date('22-MAY-15','DD-MON-RR'),6,1,153049112);
Insert into ADMINWKF.WOK_DEMANDS (NUM_DEMAND,DAT_DEMAND,NUM_TYPE_DEMAND,NUM_USER_GROUP,NUM_ZONE_DEVICE,NUM_PRIORITY,NAM_USER_MODIFY,DAT_LAST_MODIFY,NUM_CONFIGURATION_ITEM,DES_SUMMARY_DEMAND,DES_DETAIL_DEMAND,NUM_SITE_LOCATION,DAT_ESTIMATED_CONCLUSION,DAT_REAL_CONCLUSION,DAT_VIOLATION_SLA,NUM_TYPE_SYMPTOM,NUM_TYPE_IMPACT,NUM_MAXIMO) values (1185,to_date('09-JUN-15','DD-MON-RR'),8,54,308,4,'algareen',to_date('09-JUN-15','DD-MON-RR'),20,'SOS PROBLEM (FIELD) INCOMING CALL ALARM','THERE ARE SOS DEVICE IN THE FIELD THAT HAS AN INCOMING CALL ALARMS, THIS DEVICES ARE ECS_T1_EW_01, 03. ECS_T2_WE_01, ECS_T2_EW_01, ECS_T3_SN_01, ECS_OR_WE_01,02,03. ECS_AB_NS_01, 02',21,null,null,to_date('11-JUN-15','DD-MON-RR'),6,1,155007482);
Insert into ADMINWKF.WOK_DEMANDS (NUM_DEMAND,DAT_DEMAND,NUM_TYPE_DEMAND,NUM_USER_GROUP,NUM_ZONE_DEVICE,NUM_PRIORITY,NAM_USER_MODIFY,DAT_LAST_MODIFY,NUM_CONFIGURATION_ITEM,DES_SUMMARY_DEMAND,DES_DETAIL_DEMAND,NUM_SITE_LOCATION,DAT_ESTIMATED_CONCLUSION,DAT_REAL_CONCLUSION,DAT_VIOLATION_SLA,NUM_TYPE_SYMPTOM,NUM_TYPE_IMPACT,NUM_MAXIMO) values (1087,to_date('28-MAY-15','DD-MON-RR'),8,54,293,4,'ALJALIL',to_date('28-MAY-15','DD-MON-RR'),14,'FOUR PTZ CAMERAS ARE MISSING IN THE BOSCH OPERATOR CLIENT','FOUR PTZ CAMERAS ARE MISSING IN THE BOSCH OPERATOR CLIENT APPLICATION, THIS PTZ CAMERAS ARE PTZ_OR_WE_04, 05, 08, 09',9,null,null,to_date('28-MAY-15','DD-MON-RR'),7,1,153049171);
Insert into ADMINWKF.WOK_DEMANDS (NUM_DEMAND,DAT_DEMAND,NUM_TYPE_DEMAND,NUM_USER_GROUP,NUM_ZONE_DEVICE,NUM_PRIORITY,NAM_USER_MODIFY,DAT_LAST_MODIFY,NUM_CONFIGURATION_ITEM,DES_SUMMARY_DEMAND,DES_DETAIL_DEMAND,NUM_SITE_LOCATION,DAT_ESTIMATED_CONCLUSION,DAT_REAL_CONCLUSION,DAT_VIOLATION_SLA,NUM_TYPE_SYMPTOM,NUM_TYPE_IMPACT,NUM_MAXIMO) values (1045,to_date('24-MAY-15','DD-MON-RR'),8,54,759,3,'aljalil',to_date('24-MAY-15','DD-MON-RR'),10,'VMSA_OR_EW_03 no display due to ventilation issue.','VMSA_OR_EW_03 no display due to ventilation issue.',23,null,null,to_date('25-MAY-15','DD-MON-RR'),8,1,153048218);
Insert into ADMINWKF.WOK_DEMANDS (NUM_DEMAND,DAT_DEMAND,NUM_TYPE_DEMAND,NUM_USER_GROUP,NUM_ZONE_DEVICE,NUM_PRIORITY,NAM_USER_MODIFY,DAT_LAST_MODIFY,NUM_CONFIGURATION_ITEM,DES_SUMMARY_DEMAND,DES_DETAIL_DEMAND,NUM_SITE_LOCATION,DAT_ESTIMATED_CONCLUSION,DAT_REAL_CONCLUSION,DAT_VIOLATION_SLA,NUM_TYPE_SYMPTOM,NUM_TYPE_IMPACT,NUM_MAXIMO) values (1106,to_date('31-MAY-15','DD-MON-RR'),8,54,292,3,'ALJALIL',to_date('31-MAY-15','DD-MON-RR'),14,'PTZ Cameras missing in the General Map in Bosch Application','PTZ Cameras missing in the General Map in Bosch Application since Thursday May 28, 2015. already informed to Mr. Zaher and Aqeel. This ptz cameras are PTZ_OR_WE_04,05,08,09',8,null,null,to_date('31-MAY-15','DD-MON-RR'),7,1,153049237);
Insert into ADMINWKF.WOK_DEMANDS (NUM_DEMAND,DAT_DEMAND,NUM_TYPE_DEMAND,NUM_USER_GROUP,NUM_ZONE_DEVICE,NUM_PRIORITY,NAM_USER_MODIFY,DAT_LAST_MODIFY,NUM_CONFIGURATION_ITEM,DES_SUMMARY_DEMAND,DES_DETAIL_DEMAND,NUM_SITE_LOCATION,DAT_ESTIMATED_CONCLUSION,DAT_REAL_CONCLUSION,DAT_VIOLATION_SLA,NUM_TYPE_SYMPTOM,NUM_TYPE_IMPACT,NUM_MAXIMO) values (1225,to_date('20-JUN-15','DD-MON-RR'),8,58,817,1,'ALZAHER',to_date('20-JUN-15','DD-MON-RR'),34,'One of the screens of the video wall is dark','One of the screens of the video wall is dark',57,null,null,to_date('22-JUN-15','DD-MON-RR'),5,1,null);
Insert into ADMINWKF.WOK_DEMANDS (NUM_DEMAND,DAT_DEMAND,NUM_TYPE_DEMAND,NUM_USER_GROUP,NUM_ZONE_DEVICE,NUM_PRIORITY,NAM_USER_MODIFY,DAT_LAST_MODIFY,NUM_CONFIGURATION_ITEM,DES_SUMMARY_DEMAND,DES_DETAIL_DEMAND,NUM_SITE_LOCATION,DAT_ESTIMATED_CONCLUSION,DAT_REAL_CONCLUSION,DAT_VIOLATION_SLA,NUM_TYPE_SYMPTOM,NUM_TYPE_IMPACT,NUM_MAXIMO) values (1145,to_date('06-JUN-15','DD-MON-RR'),8,58,1803,1,'ALZAHER',to_date('06-JUN-15','DD-MON-RR'),53,'Fire Detection in alarm in Scada','Fire Detection in alarm in Scada',21,null,null,to_date('08-JUN-15','DD-MON-RR'),6,1,null);
Insert into ADMINWKF.WOK_DEMANDS (NUM_DEMAND,DAT_DEMAND,NUM_TYPE_DEMAND,NUM_USER_GROUP,NUM_ZONE_DEVICE,NUM_PRIORITY,NAM_USER_MODIFY,DAT_LAST_MODIFY,NUM_CONFIGURATION_ITEM,DES_SUMMARY_DEMAND,DES_DETAIL_DEMAND,NUM_SITE_LOCATION,DAT_ESTIMATED_CONCLUSION,DAT_REAL_CONCLUSION,DAT_VIOLATION_SLA,NUM_TYPE_SYMPTOM,NUM_TYPE_IMPACT,NUM_MAXIMO) values (1385,to_date('07-JUL-15','DD-MON-RR'),10,58,null,9,'ALZAHER',to_date('07-JUL-15','DD-MON-RR'),29,'Installation of new UPS in for the West Intersection','Installation of new UPS in for the West Intersection',16,null,null,to_date('21-JUL-15','DD-MON-RR'),7,1,null);
Insert into ADMINWKF.WOK_DEMANDS (NUM_DEMAND,DAT_DEMAND,NUM_TYPE_DEMAND,NUM_USER_GROUP,NUM_ZONE_DEVICE,NUM_PRIORITY,NAM_USER_MODIFY,DAT_LAST_MODIFY,NUM_CONFIGURATION_ITEM,DES_SUMMARY_DEMAND,DES_DETAIL_DEMAND,NUM_SITE_LOCATION,DAT_ESTIMATED_CONCLUSION,DAT_REAL_CONCLUSION,DAT_VIOLATION_SLA,NUM_TYPE_SYMPTOM,NUM_TYPE_IMPACT,NUM_MAXIMO) values (1387,to_date('07-JUL-15','DD-MON-RR'),10,58,null,9,'ALZAHER',to_date('07-JUL-15','DD-MON-RR'),55,'Installation of Cable Tray  in MCC1','Installation of Cable Tray  in MCC1 control Room and data Center',57,null,null,to_date('21-JUL-15','DD-MON-RR'),7,1,null);
Insert into ADMINWKF.WOK_DEMANDS (NUM_DEMAND,DAT_DEMAND,NUM_TYPE_DEMAND,NUM_USER_GROUP,NUM_ZONE_DEVICE,NUM_PRIORITY,NAM_USER_MODIFY,DAT_LAST_MODIFY,NUM_CONFIGURATION_ITEM,DES_SUMMARY_DEMAND,DES_DETAIL_DEMAND,NUM_SITE_LOCATION,DAT_ESTIMATED_CONCLUSION,DAT_REAL_CONCLUSION,DAT_VIOLATION_SLA,NUM_TYPE_SYMPTOM,NUM_TYPE_IMPACT,NUM_MAXIMO) values (1388,to_date('07-JUL-15','DD-MON-RR'),10,58,null,9,'ALZAHER',to_date('07-JUL-15','DD-MON-RR'),55,'Installation of UPS connection for Oracle Server','Installation of UPS connection for Oracle Server',57,null,null,to_date('21-JUL-15','DD-MON-RR'),7,2,null);
Insert into ADMINWKF.WOK_DEMANDS (NUM_DEMAND,DAT_DEMAND,NUM_TYPE_DEMAND,NUM_USER_GROUP,NUM_ZONE_DEVICE,NUM_PRIORITY,NAM_USER_MODIFY,DAT_LAST_MODIFY,NUM_CONFIGURATION_ITEM,DES_SUMMARY_DEMAND,DES_DETAIL_DEMAND,NUM_SITE_LOCATION,DAT_ESTIMATED_CONCLUSION,DAT_REAL_CONCLUSION,DAT_VIOLATION_SLA,NUM_TYPE_SYMPTOM,NUM_TYPE_IMPACT,NUM_MAXIMO) values (1390,to_date('08-JUL-15','DD-MON-RR'),7,58,169,1,'ALZAHER',to_date('08-JUL-15','DD-MON-RR'),13,'4 Cameras are Off after installation of the Pole','4 Cameras are Off after installation of the Pole',16,null,null,to_date('10-JUL-15','DD-MON-RR'),8,1,null);
Insert into ADMINWKF.WOK_DEMANDS (NUM_DEMAND,DAT_DEMAND,NUM_TYPE_DEMAND,NUM_USER_GROUP,NUM_ZONE_DEVICE,NUM_PRIORITY,NAM_USER_MODIFY,DAT_LAST_MODIFY,NUM_CONFIGURATION_ITEM,DES_SUMMARY_DEMAND,DES_DETAIL_DEMAND,NUM_SITE_LOCATION,DAT_ESTIMATED_CONCLUSION,DAT_REAL_CONCLUSION,DAT_VIOLATION_SLA,NUM_TYPE_SYMPTOM,NUM_TYPE_IMPACT,NUM_MAXIMO) values (1405,to_date('11-JUL-15','DD-MON-RR'),7,58,null,1,'ALZAHER',to_date('11-JUL-15','DD-MON-RR'),4,'Error Generation Event Report','Error Generation Event Report',57,null,null,to_date('13-JUL-15','DD-MON-RR'),2,1,null);
Insert into ADMINWKF.WOK_DEMANDS (NUM_DEMAND,DAT_DEMAND,NUM_TYPE_DEMAND,NUM_USER_GROUP,NUM_ZONE_DEVICE,NUM_PRIORITY,NAM_USER_MODIFY,DAT_LAST_MODIFY,NUM_CONFIGURATION_ITEM,DES_SUMMARY_DEMAND,DES_DETAIL_DEMAND,NUM_SITE_LOCATION,DAT_ESTIMATED_CONCLUSION,DAT_REAL_CONCLUSION,DAT_VIOLATION_SLA,NUM_TYPE_SYMPTOM,NUM_TYPE_IMPACT,NUM_MAXIMO) values (1205,to_date('15-JUN-15','DD-MON-RR'),8,58,290,1,'ALZAHER',to_date('15-JUN-15','DD-MON-RR'),14,'PTZ_OR_WE_02 Display OFF when camera rotates','PTZ_OR_WE_02 Display OFF when camera rotates',4,null,null,to_date('17-JUN-15','DD-MON-RR'),5,1,155007559);
Insert into ADMINWKF.WOK_DEMANDS (NUM_DEMAND,DAT_DEMAND,NUM_TYPE_DEMAND,NUM_USER_GROUP,NUM_ZONE_DEVICE,NUM_PRIORITY,NAM_USER_MODIFY,DAT_LAST_MODIFY,NUM_CONFIGURATION_ITEM,DES_SUMMARY_DEMAND,DES_DETAIL_DEMAND,NUM_SITE_LOCATION,DAT_ESTIMATED_CONCLUSION,DAT_REAL_CONCLUSION,DAT_VIOLATION_SLA,NUM_TYPE_SYMPTOM,NUM_TYPE_IMPACT,NUM_MAXIMO) values (1014,to_date('21-MAY-15','DD-MON-RR'),8,58,289,3,'ALZAHER',to_date('21-MAY-15','DD-MON-RR'),14,'PTZ_OR_WE_01 and Box are damaged','PTZ_OR_WE_01 and Box including all the compenents are damaged',2,null,null,to_date('21-MAY-15','DD-MON-RR'),7,1,153049014);
Insert into ADMINWKF.WOK_DEMANDS (NUM_DEMAND,DAT_DEMAND,NUM_TYPE_DEMAND,NUM_USER_GROUP,NUM_ZONE_DEVICE,NUM_PRIORITY,NAM_USER_MODIFY,DAT_LAST_MODIFY,NUM_CONFIGURATION_ITEM,DES_SUMMARY_DEMAND,DES_DETAIL_DEMAND,NUM_SITE_LOCATION,DAT_ESTIMATED_CONCLUSION,DAT_REAL_CONCLUSION,DAT_VIOLATION_SLA,NUM_TYPE_SYMPTOM,NUM_TYPE_IMPACT,NUM_MAXIMO) values (1015,to_date('21-MAY-15','DD-MON-RR'),8,58,948,1,'Alzaher',to_date('21-MAY-15','DD-MON-RR'),41,'VSB cabinet in R4_EW is damaged due to accident','CCTV cabinet  in R4_EW is damaged due to accident',70,null,null,to_date('23-MAY-15','DD-MON-RR'),8,1,153048216);
Insert into ADMINWKF.WOK_DEMANDS (NUM_DEMAND,DAT_DEMAND,NUM_TYPE_DEMAND,NUM_USER_GROUP,NUM_ZONE_DEVICE,NUM_PRIORITY,NAM_USER_MODIFY,DAT_LAST_MODIFY,NUM_CONFIGURATION_ITEM,DES_SUMMARY_DEMAND,DES_DETAIL_DEMAND,NUM_SITE_LOCATION,DAT_ESTIMATED_CONCLUSION,DAT_REAL_CONCLUSION,DAT_VIOLATION_SLA,NUM_TYPE_SYMPTOM,NUM_TYPE_IMPACT,NUM_MAXIMO) values (1016,to_date('21-MAY-15','DD-MON-RR'),8,58,950,2,'ALZAHER',to_date('21-MAY-15','DD-MON-RR'),41,'VSB cabinet in R6_EW is damaged due to accident','VSB cabinet in R6_EW is damaged due to accident',72,null,null,to_date('22-MAY-15','DD-MON-RR'),7,1,142988490);
Insert into ADMINWKF.WOK_DEMANDS (NUM_DEMAND,DAT_DEMAND,NUM_TYPE_DEMAND,NUM_USER_GROUP,NUM_ZONE_DEVICE,NUM_PRIORITY,NAM_USER_MODIFY,DAT_LAST_MODIFY,NUM_CONFIGURATION_ITEM,DES_SUMMARY_DEMAND,DES_DETAIL_DEMAND,NUM_SITE_LOCATION,DAT_ESTIMATED_CONCLUSION,DAT_REAL_CONCLUSION,DAT_VIOLATION_SLA,NUM_TYPE_SYMPTOM,NUM_TYPE_IMPACT,NUM_MAXIMO) values (1017,to_date('21-MAY-15','DD-MON-RR'),8,58,1096,1,'ALZAHER',to_date('21-MAY-15','DD-MON-RR'),10,'VMSA and VMSB in Tunnel 2 hit by a truck','VMSA and VMSA in Tunnel 2 hit by a truck',24,null,null,to_date('23-MAY-15','DD-MON-RR'),7,1,153048217);
Insert into ADMINWKF.WOK_DEMANDS (NUM_DEMAND,DAT_DEMAND,NUM_TYPE_DEMAND,NUM_USER_GROUP,NUM_ZONE_DEVICE,NUM_PRIORITY,NAM_USER_MODIFY,DAT_LAST_MODIFY,NUM_CONFIGURATION_ITEM,DES_SUMMARY_DEMAND,DES_DETAIL_DEMAND,NUM_SITE_LOCATION,DAT_ESTIMATED_CONCLUSION,DAT_REAL_CONCLUSION,DAT_VIOLATION_SLA,NUM_TYPE_SYMPTOM,NUM_TYPE_IMPACT,NUM_MAXIMO) values (1018,to_date('21-MAY-15','DD-MON-RR'),8,58,10057,3,'ALZAHER',to_date('21-MAY-15','DD-MON-RR'),42,'BARR_T3_S_01 is damaged and Broken','BARR_T3_S_01 is damaged and Broken',53,null,null,to_date('21-MAY-15','DD-MON-RR'),7,1,153048924);
Insert into ADMINWKF.WOK_DEMANDS (NUM_DEMAND,DAT_DEMAND,NUM_TYPE_DEMAND,NUM_USER_GROUP,NUM_ZONE_DEVICE,NUM_PRIORITY,NAM_USER_MODIFY,DAT_LAST_MODIFY,NUM_CONFIGURATION_ITEM,DES_SUMMARY_DEMAND,DES_DETAIL_DEMAND,NUM_SITE_LOCATION,DAT_ESTIMATED_CONCLUSION,DAT_REAL_CONCLUSION,DAT_VIOLATION_SLA,NUM_TYPE_SYMPTOM,NUM_TYPE_IMPACT,NUM_MAXIMO) values (1023,to_date('21-MAY-15','DD-MON-RR'),8,58,1186,1,'ALZAHER',to_date('21-MAY-15','DD-MON-RR'),39,'Air Velocity AV_T2_EW_01 need replacement ','Air Velocity AV_T2_EW_01 need replacement ',24,null,null,to_date('23-MAY-15','DD-MON-RR'),4,1,153019539);
Insert into ADMINWKF.WOK_DEMANDS (NUM_DEMAND,DAT_DEMAND,NUM_TYPE_DEMAND,NUM_USER_GROUP,NUM_ZONE_DEVICE,NUM_PRIORITY,NAM_USER_MODIFY,DAT_LAST_MODIFY,NUM_CONFIGURATION_ITEM,DES_SUMMARY_DEMAND,DES_DETAIL_DEMAND,NUM_SITE_LOCATION,DAT_ESTIMATED_CONCLUSION,DAT_REAL_CONCLUSION,DAT_VIOLATION_SLA,NUM_TYPE_SYMPTOM,NUM_TYPE_IMPACT,NUM_MAXIMO) values (1065,to_date('26-MAY-15','DD-MON-RR'),8,58,806,2,'ALZAHER',to_date('26-MAY-15','DD-MON-RR'),35,'Video recording of PTZ cameras has 40 seconds delay','Video recording of PTZ cameras has 40 seconds delay',57,null,null,to_date('27-MAY-15','DD-MON-RR'),3,1,153049110);
Insert into ADMINWKF.WOK_DEMANDS (NUM_DEMAND,DAT_DEMAND,NUM_TYPE_DEMAND,NUM_USER_GROUP,NUM_ZONE_DEVICE,NUM_PRIORITY,NAM_USER_MODIFY,DAT_LAST_MODIFY,NUM_CONFIGURATION_ITEM,DES_SUMMARY_DEMAND,DES_DETAIL_DEMAND,NUM_SITE_LOCATION,DAT_ESTIMATED_CONCLUSION,DAT_REAL_CONCLUSION,DAT_VIOLATION_SLA,NUM_TYPE_SYMPTOM,NUM_TYPE_IMPACT,NUM_MAXIMO) values (1365,to_date('30-JUN-15','DD-MON-RR'),7,58,803,5,'ALZAHER',to_date('30-JUN-15','DD-MON-RR'),8,'No data in Enforcenter after 19 of June','No data in Enforcenter after 19 of June',57,null,null,to_date('14-JUL-15','DD-MON-RR'),4,1,null);
Insert into ADMINWKF.WOK_DEMANDS (NUM_DEMAND,DAT_DEMAND,NUM_TYPE_DEMAND,NUM_USER_GROUP,NUM_ZONE_DEVICE,NUM_PRIORITY,NAM_USER_MODIFY,DAT_LAST_MODIFY,NUM_CONFIGURATION_ITEM,DES_SUMMARY_DEMAND,DES_DETAIL_DEMAND,NUM_SITE_LOCATION,DAT_ESTIMATED_CONCLUSION,DAT_REAL_CONCLUSION,DAT_VIOLATION_SLA,NUM_TYPE_SYMPTOM,NUM_TYPE_IMPACT,NUM_MAXIMO) values (1296,to_date('22-JUN-15','DD-MON-RR'),8,58,630,1,'alzaher',to_date('22-JUN-15','DD-MON-RR'),12,'VMSI_AB_NS_02_01 Has no display due to heating problem','VMSI_AB_NS_02_01 Has no display due to heating problem',56,null,null,to_date('24-JUN-15','DD-MON-RR'),5,1,155007687);
Insert into ADMINWKF.WOK_DEMANDS (NUM_DEMAND,DAT_DEMAND,NUM_TYPE_DEMAND,NUM_USER_GROUP,NUM_ZONE_DEVICE,NUM_PRIORITY,NAM_USER_MODIFY,DAT_LAST_MODIFY,NUM_CONFIGURATION_ITEM,DES_SUMMARY_DEMAND,DES_DETAIL_DEMAND,NUM_SITE_LOCATION,DAT_ESTIMATED_CONCLUSION,DAT_REAL_CONCLUSION,DAT_VIOLATION_SLA,NUM_TYPE_SYMPTOM,NUM_TYPE_IMPACT,NUM_MAXIMO) values (1019,to_date('21-MAY-15','DD-MON-RR'),8,58,796,1,'ALZAHER',to_date('21-MAY-15','DD-MON-RR'),8,'MILRT and MILHIS down due to electricity problem in MCC2','MILRT and MILHIS down due electricity problem in MCC2',58,null,null,to_date('23-MAY-15','DD-MON-RR'),8,2,null);
Insert into ADMINWKF.WOK_DEMANDS (NUM_DEMAND,DAT_DEMAND,NUM_TYPE_DEMAND,NUM_USER_GROUP,NUM_ZONE_DEVICE,NUM_PRIORITY,NAM_USER_MODIFY,DAT_LAST_MODIFY,NUM_CONFIGURATION_ITEM,DES_SUMMARY_DEMAND,DES_DETAIL_DEMAND,NUM_SITE_LOCATION,DAT_ESTIMATED_CONCLUSION,DAT_REAL_CONCLUSION,DAT_VIOLATION_SLA,NUM_TYPE_SYMPTOM,NUM_TYPE_IMPACT,NUM_MAXIMO) values (1020,to_date('21-MAY-15','DD-MON-RR'),8,58,806,2,'ALZAHER',to_date('21-MAY-15','DD-MON-RR'),35,'VRM 172.16.0.13 IS Down','VRM 172.16.0.13 IS Down',57,null,null,to_date('22-MAY-15','DD-MON-RR'),1,1,null);
Insert into ADMINWKF.WOK_DEMANDS (NUM_DEMAND,DAT_DEMAND,NUM_TYPE_DEMAND,NUM_USER_GROUP,NUM_ZONE_DEVICE,NUM_PRIORITY,NAM_USER_MODIFY,DAT_LAST_MODIFY,NUM_CONFIGURATION_ITEM,DES_SUMMARY_DEMAND,DES_DETAIL_DEMAND,NUM_SITE_LOCATION,DAT_ESTIMATED_CONCLUSION,DAT_REAL_CONCLUSION,DAT_VIOLATION_SLA,NUM_TYPE_SYMPTOM,NUM_TYPE_IMPACT,NUM_MAXIMO) values (1047,to_date('24-MAY-15','DD-MON-RR'),8,58,349,3,'ALZAHER',to_date('24-MAY-15','DD-MON-RR'),20,'Need to replace the damaged SOS Cabinet','Need to replace the damaged SOS Cabinet',22,null,null,to_date('25-MAY-15','DD-MON-RR'),9,1,153047410);
Insert into ADMINWKF.WOK_DEMANDS (NUM_DEMAND,DAT_DEMAND,NUM_TYPE_DEMAND,NUM_USER_GROUP,NUM_ZONE_DEVICE,NUM_PRIORITY,NAM_USER_MODIFY,DAT_LAST_MODIFY,NUM_CONFIGURATION_ITEM,DES_SUMMARY_DEMAND,DES_DETAIL_DEMAND,NUM_SITE_LOCATION,DAT_ESTIMATED_CONCLUSION,DAT_REAL_CONCLUSION,DAT_VIOLATION_SLA,NUM_TYPE_SYMPTOM,NUM_TYPE_IMPACT,NUM_MAXIMO) values (1022,to_date('21-MAY-15','DD-MON-RR'),8,58,null,3,'ALZAHER',to_date('21-MAY-15','DD-MON-RR'),12,'Overheating VMSI in Abu Baker and Oruba Road','Overheating VMSI in Abu Baker and Oruba Road',59,null,null,to_date('22-MAY-15','DD-MON-RR'),6,1,153048218);
Insert into ADMINWKF.WOK_DEMANDS (NUM_DEMAND,DAT_DEMAND,NUM_TYPE_DEMAND,NUM_USER_GROUP,NUM_ZONE_DEVICE,NUM_PRIORITY,NAM_USER_MODIFY,DAT_LAST_MODIFY,NUM_CONFIGURATION_ITEM,DES_SUMMARY_DEMAND,DES_DETAIL_DEMAND,NUM_SITE_LOCATION,DAT_ESTIMATED_CONCLUSION,DAT_REAL_CONCLUSION,DAT_VIOLATION_SLA,NUM_TYPE_SYMPTOM,NUM_TYPE_IMPACT,NUM_MAXIMO) values (1027,to_date('23-MAY-15','DD-MON-RR'),8,58,678,2,'ALZAHER',to_date('23-MAY-15','DD-MON-RR'),10,'Missing VMSA\B due to accident of January 11 2015','Missing VMSA\B due to accident of January 11 2015',8,null,null,to_date('24-MAY-15','DD-MON-RR'),7,1,153048217);
Insert into ADMINWKF.WOK_DEMANDS (NUM_DEMAND,DAT_DEMAND,NUM_TYPE_DEMAND,NUM_USER_GROUP,NUM_ZONE_DEVICE,NUM_PRIORITY,NAM_USER_MODIFY,DAT_LAST_MODIFY,NUM_CONFIGURATION_ITEM,DES_SUMMARY_DEMAND,DES_DETAIL_DEMAND,NUM_SITE_LOCATION,DAT_ESTIMATED_CONCLUSION,DAT_REAL_CONCLUSION,DAT_VIOLATION_SLA,NUM_TYPE_SYMPTOM,NUM_TYPE_IMPACT,NUM_MAXIMO) values (1025,to_date('23-MAY-15','DD-MON-RR'),8,58,781,2,'ALZAHER',to_date('23-MAY-15','DD-MON-RR'),15,'JFN_T2_WE_10 in Alarm and totaly stopped, Missing VFD','JFN_T2_WE_10 in Alarm and totaly stopped, Missing VFD',10,null,null,to_date('24-MAY-15','DD-MON-RR'),6,1,143175342);
Insert into ADMINWKF.WOK_DEMANDS (NUM_DEMAND,DAT_DEMAND,NUM_TYPE_DEMAND,NUM_USER_GROUP,NUM_ZONE_DEVICE,NUM_PRIORITY,NAM_USER_MODIFY,DAT_LAST_MODIFY,NUM_CONFIGURATION_ITEM,DES_SUMMARY_DEMAND,DES_DETAIL_DEMAND,NUM_SITE_LOCATION,DAT_ESTIMATED_CONCLUSION,DAT_REAL_CONCLUSION,DAT_VIOLATION_SLA,NUM_TYPE_SYMPTOM,NUM_TYPE_IMPACT,NUM_MAXIMO) values (1026,to_date('23-MAY-15','DD-MON-RR'),8,58,297,3,'Alzaher',to_date('26-MAY-15','DD-MON-RR'),14,'Some of the PTZ cameras have incomplete recording','Some of the PTZ cameras have incomplete recording',12,null,null,to_date('23-MAY-15','DD-MON-RR'),4,1,null);
Insert into ADMINWKF.WOK_DEMANDS (NUM_DEMAND,DAT_DEMAND,NUM_TYPE_DEMAND,NUM_USER_GROUP,NUM_ZONE_DEVICE,NUM_PRIORITY,NAM_USER_MODIFY,DAT_LAST_MODIFY,NUM_CONFIGURATION_ITEM,DES_SUMMARY_DEMAND,DES_DETAIL_DEMAND,NUM_SITE_LOCATION,DAT_ESTIMATED_CONCLUSION,DAT_REAL_CONCLUSION,DAT_VIOLATION_SLA,NUM_TYPE_SYMPTOM,NUM_TYPE_IMPACT,NUM_MAXIMO) values (1028,to_date('23-MAY-15','DD-MON-RR'),8,58,1046,1,'ALZAHER',to_date('23-MAY-15','DD-MON-RR'),10,'Missing VMSA\B due to accident of 22 January 2015','Missing VMSA\B due to accident of 22 January 2015',21,null,null,to_date('25-MAY-15','DD-MON-RR'),7,1,153048217);
Insert into ADMINWKF.WOK_DEMANDS (NUM_DEMAND,DAT_DEMAND,NUM_TYPE_DEMAND,NUM_USER_GROUP,NUM_ZONE_DEVICE,NUM_PRIORITY,NAM_USER_MODIFY,DAT_LAST_MODIFY,NUM_CONFIGURATION_ITEM,DES_SUMMARY_DEMAND,DES_DETAIL_DEMAND,NUM_SITE_LOCATION,DAT_ESTIMATED_CONCLUSION,DAT_REAL_CONCLUSION,DAT_VIOLATION_SLA,NUM_TYPE_SYMPTOM,NUM_TYPE_IMPACT,NUM_MAXIMO) values (1029,to_date('23-MAY-15','DD-MON-RR'),8,58,806,1,'ALZAHER',to_date('23-MAY-15','DD-MON-RR'),35,'Some of the Cameras have playback problems','Some of the Cameras have playback problems',57,null,null,to_date('25-MAY-15','DD-MON-RR'),5,1,null);
Insert into ADMINWKF.WOK_DEMANDS (NUM_DEMAND,DAT_DEMAND,NUM_TYPE_DEMAND,NUM_USER_GROUP,NUM_ZONE_DEVICE,NUM_PRIORITY,NAM_USER_MODIFY,DAT_LAST_MODIFY,NUM_CONFIGURATION_ITEM,DES_SUMMARY_DEMAND,DES_DETAIL_DEMAND,NUM_SITE_LOCATION,DAT_ESTIMATED_CONCLUSION,DAT_REAL_CONCLUSION,DAT_VIOLATION_SLA,NUM_TYPE_SYMPTOM,NUM_TYPE_IMPACT,NUM_MAXIMO) values (1345,to_date('28-JUN-15','DD-MON-RR'),8,58,null,4,'ALZAHER',to_date('28-JUN-15','DD-MON-RR'),54,'AC in Electronic room of Ancillary Bld Not working properly','AC in Electronic room of Ancillary Bld Not working properly',24,null,null,to_date('30-JUN-15','DD-MON-RR'),10,2,155007743);
Insert into ADMINWKF.WOK_DEMANDS (NUM_DEMAND,DAT_DEMAND,NUM_TYPE_DEMAND,NUM_USER_GROUP,NUM_ZONE_DEVICE,NUM_PRIORITY,NAM_USER_MODIFY,DAT_LAST_MODIFY,NUM_CONFIGURATION_ITEM,DES_SUMMARY_DEMAND,DES_DETAIL_DEMAND,NUM_SITE_LOCATION,DAT_ESTIMATED_CONCLUSION,DAT_REAL_CONCLUSION,DAT_VIOLATION_SLA,NUM_TYPE_SYMPTOM,NUM_TYPE_IMPACT,NUM_MAXIMO) values (985,to_date('20-MAY-15','DD-MON-RR'),10,58,10061,2,'ALZAHER',to_date('20-MAY-15','DD-MON-RR'),43,'Generator of WE not connected to Scada','Generator of WE not connected to Scada',2,null,null,to_date('21-MAY-15','DD-MON-RR'),6,1,153048159);
Insert into ADMINWKF.WOK_DEMANDS (NUM_DEMAND,DAT_DEMAND,NUM_TYPE_DEMAND,NUM_USER_GROUP,NUM_ZONE_DEVICE,NUM_PRIORITY,NAM_USER_MODIFY,DAT_LAST_MODIFY,NUM_CONFIGURATION_ITEM,DES_SUMMARY_DEMAND,DES_DETAIL_DEMAND,NUM_SITE_LOCATION,DAT_ESTIMATED_CONCLUSION,DAT_REAL_CONCLUSION,DAT_VIOLATION_SLA,NUM_TYPE_SYMPTOM,NUM_TYPE_IMPACT,NUM_MAXIMO) values (1346,to_date('28-JUN-15','DD-MON-RR'),8,58,null,1,'ALZAHER',to_date('28-JUN-15','DD-MON-RR'),52,'Solid Sate relay of underpass guidance Lights is damaged','Solid Sate relay of underpass guidance Lights is damaged',16,null,null,to_date('30-JUN-15','DD-MON-RR'),5,1,155007709);
Insert into ADMINWKF.WOK_DEMANDS (NUM_DEMAND,DAT_DEMAND,NUM_TYPE_DEMAND,NUM_USER_GROUP,NUM_ZONE_DEVICE,NUM_PRIORITY,NAM_USER_MODIFY,DAT_LAST_MODIFY,NUM_CONFIGURATION_ITEM,DES_SUMMARY_DEMAND,DES_DETAIL_DEMAND,NUM_SITE_LOCATION,DAT_ESTIMATED_CONCLUSION,DAT_REAL_CONCLUSION,DAT_VIOLATION_SLA,NUM_TYPE_SYMPTOM,NUM_TYPE_IMPACT,NUM_MAXIMO) values (1370,to_date('01-JUL-15','DD-MON-RR'),10,58,null,9,'ALZAHER',to_date('01-JUL-15','DD-MON-RR'),36,'Need to Install IP telephone in all ancillary blgs','Need to Install IP telephone in all ancillary blgs',63,null,null,to_date('15-JUL-15','DD-MON-RR'),1,1,153034387);
Insert into ADMINWKF.WOK_DEMANDS (NUM_DEMAND,DAT_DEMAND,NUM_TYPE_DEMAND,NUM_USER_GROUP,NUM_ZONE_DEVICE,NUM_PRIORITY,NAM_USER_MODIFY,DAT_LAST_MODIFY,NUM_CONFIGURATION_ITEM,DES_SUMMARY_DEMAND,DES_DETAIL_DEMAND,NUM_SITE_LOCATION,DAT_ESTIMATED_CONCLUSION,DAT_REAL_CONCLUSION,DAT_VIOLATION_SLA,NUM_TYPE_SYMPTOM,NUM_TYPE_IMPACT,NUM_MAXIMO) values (1371,to_date('01-JUL-15','DD-MON-RR'),10,58,10060,11,'ALZAHER',to_date('01-JUL-15','DD-MON-RR'),43,'Generator of MCC1 not connected to Scada','Generator of MCC1 not connected to Scada',57,null,null,to_date('05-JUL-15','DD-MON-RR'),7,1,155007797);
commit;
Insert into ADMINWKF.WOK_DEMANDS_ACTIVITIES (NUM_ACTIVITY,NUM_DEMAND,NUM_USER_GROUP_ACTIVITY,DAT_INSERT_ACTIVITY,DAT_UPDATE_ACTIVITY,NAM_USER_MODIFY,DAT_LAST_MODIFY,DES_ACTIVITY,DAT_ESTIMATED_BEGIN,DAT_ESTIMATED_END,DAT_REAL_BEGIN,DAT_REAL_END,PER_REALIZED,DES_ATT_POINTS) values (451,1245,56,to_date('21-JUN-15','DD-MON-RR'),null,'ALJOEL',to_date('21-JUN-15','DD-MON-RR'),'CHECK SOLARI WEB INTERFACE STATUS - PS - KO, ALL MATRIX ERROR THEN REBOOT\RESTART THE SYSTEM AFTER RESULT BACK TO WORKING NORMALLY',null,null,to_date('21-JUN-15','DD-MON-RR'),to_date('21-JUN-15','DD-MON-RR'),0,null);
Insert into ADMINWKF.WOK_DEMANDS_ACTIVITIES (NUM_ACTIVITY,NUM_DEMAND,NUM_USER_GROUP_ACTIVITY,DAT_INSERT_ACTIVITY,DAT_UPDATE_ACTIVITY,NAM_USER_MODIFY,DAT_LAST_MODIFY,DES_ACTIVITY,DAT_ESTIMATED_BEGIN,DAT_ESTIMATED_END,DAT_REAL_BEGIN,DAT_REAL_END,PER_REALIZED,DES_ATT_POINTS) values (383,1128,56,to_date('09-JUN-15','DD-MON-RR'),null,'ALJOEL',to_date('09-JUN-15','DD-MON-RR'),'we found out that the PTZ Mic cable lose contact on the male and female connector on the camera unit',null,null,to_date('09-JUN-15','DD-MON-RR'),to_date('09-JUN-15','DD-MON-RR'),0,null);
Insert into ADMINWKF.WOK_DEMANDS_ACTIVITIES (NUM_ACTIVITY,NUM_DEMAND,NUM_USER_GROUP_ACTIVITY,DAT_INSERT_ACTIVITY,DAT_UPDATE_ACTIVITY,NAM_USER_MODIFY,DAT_LAST_MODIFY,DES_ACTIVITY,DAT_ESTIMATED_BEGIN,DAT_ESTIMATED_END,DAT_REAL_BEGIN,DAT_REAL_END,PER_REALIZED,DES_ATT_POINTS) values (321,1107,56,to_date('02-JUN-15','DD-MON-RR'),null,'ALJALIL',to_date('02-JUN-15','DD-MON-RR'),'Checked the lan cable connection with the VSB',null,null,to_date('01-JUN-15','DD-MON-RR'),to_date('01-JUN-15','DD-MON-RR'),0,null);
Insert into ADMINWKF.WOK_DEMANDS_ACTIVITIES (NUM_ACTIVITY,NUM_DEMAND,NUM_USER_GROUP_ACTIVITY,DAT_INSERT_ACTIVITY,DAT_UPDATE_ACTIVITY,NAM_USER_MODIFY,DAT_LAST_MODIFY,DES_ACTIVITY,DAT_ESTIMATED_BEGIN,DAT_ESTIMATED_END,DAT_REAL_BEGIN,DAT_REAL_END,PER_REALIZED,DES_ATT_POINTS) values (342,1126,51,to_date('04-JUN-15','DD-MON-RR'),null,'ALAQEEL',to_date('04-JUN-15','DD-MON-RR'),'Reconfigure the parameter of 3 PTZ using client BVMS, changed the ID and renamed the cameras',null,null,to_date('28-MAY-15','DD-MON-RR'),to_date('04-JUN-15','DD-MON-RR'),0,null);
Insert into ADMINWKF.WOK_DEMANDS_ACTIVITIES (NUM_ACTIVITY,NUM_DEMAND,NUM_USER_GROUP_ACTIVITY,DAT_INSERT_ACTIVITY,DAT_UPDATE_ACTIVITY,NAM_USER_MODIFY,DAT_LAST_MODIFY,DES_ACTIVITY,DAT_ESTIMATED_BEGIN,DAT_ESTIMATED_END,DAT_REAL_BEGIN,DAT_REAL_END,PER_REALIZED,DES_ATT_POINTS) values (343,1127,51,to_date('04-JUN-15','DD-MON-RR'),null,'ALAQEEL',to_date('04-JUN-15','DD-MON-RR'),'Reconfigure the parameter of 3 PTZ using client BVMS, changed the ID and renamed the cameras',null,null,to_date('28-MAY-15','DD-MON-RR'),to_date('04-JUN-15','DD-MON-RR'),0,null);
Insert into ADMINWKF.WOK_DEMANDS_ACTIVITIES (NUM_ACTIVITY,NUM_DEMAND,NUM_USER_GROUP_ACTIVITY,DAT_INSERT_ACTIVITY,DAT_UPDATE_ACTIVITY,NAM_USER_MODIFY,DAT_LAST_MODIFY,DES_ACTIVITY,DAT_ESTIMATED_BEGIN,DAT_ESTIMATED_END,DAT_REAL_BEGIN,DAT_REAL_END,PER_REALIZED,DES_ATT_POINTS) values (345,1128,56,to_date('04-JUN-15','DD-MON-RR'),null,'ALJOEL',to_date('04-JUN-15','DD-MON-RR'),'Need to replace the BNC and the power supply',null,null,to_date('04-JUN-15','DD-MON-RR'),to_date('04-JUN-15','DD-MON-RR'),0,null);
Insert into ADMINWKF.WOK_DEMANDS_ACTIVITIES (NUM_ACTIVITY,NUM_DEMAND,NUM_USER_GROUP_ACTIVITY,DAT_INSERT_ACTIVITY,DAT_UPDATE_ACTIVITY,NAM_USER_MODIFY,DAT_LAST_MODIFY,DES_ACTIVITY,DAT_ESTIMATED_BEGIN,DAT_ESTIMATED_END,DAT_REAL_BEGIN,DAT_REAL_END,PER_REALIZED,DES_ATT_POINTS) values (346,1128,56,to_date('04-JUN-15','DD-MON-RR'),null,'ALJOEL',to_date('04-JUN-15','DD-MON-RR'),'Need to replace the BNC and the power supply, assigned to night shift',null,null,to_date('04-JUN-15','DD-MON-RR'),to_date('04-JUN-15','DD-MON-RR'),0,null);
Insert into ADMINWKF.WOK_DEMANDS_ACTIVITIES (NUM_ACTIVITY,NUM_DEMAND,NUM_USER_GROUP_ACTIVITY,DAT_INSERT_ACTIVITY,DAT_UPDATE_ACTIVITY,NAM_USER_MODIFY,DAT_LAST_MODIFY,DES_ACTIVITY,DAT_ESTIMATED_BEGIN,DAT_ESTIMATED_END,DAT_REAL_BEGIN,DAT_REAL_END,PER_REALIZED,DES_ATT_POINTS) values (381,1165,51,to_date('08-JUN-15','DD-MON-RR'),null,'ALAQEEL',to_date('08-JUN-15','DD-MON-RR'),'Recording in was stopped in BOSCH Video Management System, Now it''s ok.',null,null,to_date('08-JUN-15','DD-MON-RR'),to_date('08-JUN-15','DD-MON-RR'),0,null);
Insert into ADMINWKF.WOK_DEMANDS_ACTIVITIES (NUM_ACTIVITY,NUM_DEMAND,NUM_USER_GROUP_ACTIVITY,DAT_INSERT_ACTIVITY,DAT_UPDATE_ACTIVITY,NAM_USER_MODIFY,DAT_LAST_MODIFY,DES_ACTIVITY,DAT_ESTIMATED_BEGIN,DAT_ESTIMATED_END,DAT_REAL_BEGIN,DAT_REAL_END,PER_REALIZED,DES_ATT_POINTS) values (582,1021,62,to_date('09-JUL-15','DD-MON-RR'),null,'ALDINDO',to_date('09-JUL-15','DD-MON-RR'),'Problem fixed by electrical team',null,null,to_date('09-JUL-15','DD-MON-RR'),to_date('09-JUL-15','DD-MON-RR'),0,null);
Insert into ADMINWKF.WOK_DEMANDS_ACTIVITIES (NUM_ACTIVITY,NUM_DEMAND,NUM_USER_GROUP_ACTIVITY,DAT_INSERT_ACTIVITY,DAT_UPDATE_ACTIVITY,NAM_USER_MODIFY,DAT_LAST_MODIFY,DES_ACTIVITY,DAT_ESTIMATED_BEGIN,DAT_ESTIMATED_END,DAT_REAL_BEGIN,DAT_REAL_END,PER_REALIZED,DES_ATT_POINTS) values (361,1130,52,to_date('07-JUN-15','DD-MON-RR'),null,'ALFAUSTINO',to_date('07-JUN-15','DD-MON-RR'),'Not match the username and password which is (Username - Telvent and Password TELVENT) and\or operator: Telvent, Password: TELVENTRe-enter the correct username and password',null,null,to_date('04-JUN-15','DD-MON-RR'),to_date('04-JUN-15','DD-MON-RR'),0,null);
Insert into ADMINWKF.WOK_DEMANDS_ACTIVITIES (NUM_ACTIVITY,NUM_DEMAND,NUM_USER_GROUP_ACTIVITY,DAT_INSERT_ACTIVITY,DAT_UPDATE_ACTIVITY,NAM_USER_MODIFY,DAT_LAST_MODIFY,DES_ACTIVITY,DAT_ESTIMATED_BEGIN,DAT_ESTIMATED_END,DAT_REAL_BEGIN,DAT_REAL_END,PER_REALIZED,DES_ATT_POINTS) values (421,1189,56,to_date('15-JUN-15','DD-MON-RR'),null,'ALJOEL',to_date('15-JUN-15','DD-MON-RR'),'Waiting to Fix the holes and the brakets by civil dep.',null,null,to_date('15-JUN-15','DD-MON-RR'),to_date('15-JUN-15','DD-MON-RR'),0,null);
Insert into ADMINWKF.WOK_DEMANDS_ACTIVITIES (NUM_ACTIVITY,NUM_DEMAND,NUM_USER_GROUP_ACTIVITY,DAT_INSERT_ACTIVITY,DAT_UPDATE_ACTIVITY,NAM_USER_MODIFY,DAT_LAST_MODIFY,DES_ACTIVITY,DAT_ESTIMATED_BEGIN,DAT_ESTIMATED_END,DAT_REAL_BEGIN,DAT_REAL_END,PER_REALIZED,DES_ATT_POINTS) values (201,1011,56,to_date('21-MAY-15','DD-MON-RR'),null,'ALJOEL',to_date('21-MAY-15','DD-MON-RR'),'It come back to normal without any action',null,null,to_date('20-MAY-15','DD-MON-RR'),to_date('20-MAY-15','DD-MON-RR'),0,null);
Insert into ADMINWKF.WOK_DEMANDS_ACTIVITIES (NUM_ACTIVITY,NUM_DEMAND,NUM_USER_GROUP_ACTIVITY,DAT_INSERT_ACTIVITY,DAT_UPDATE_ACTIVITY,NAM_USER_MODIFY,DAT_LAST_MODIFY,DES_ACTIVITY,DAT_ESTIMATED_BEGIN,DAT_ESTIMATED_END,DAT_REAL_BEGIN,DAT_REAL_END,PER_REALIZED,DES_ATT_POINTS) values (208,1021,56,to_date('21-MAY-15','DD-MON-RR'),null,'ALJOEL',to_date('21-MAY-15','DD-MON-RR'),'Eletronic Team checked and identified no problem with PLC, suspect prob. is voltage monitor relay ( VMR ), Ayoubi to follow-UP',null,null,to_date('20-MAY-15','DD-MON-RR'),to_date('20-MAY-15','DD-MON-RR'),0,null);
Insert into ADMINWKF.WOK_DEMANDS_ACTIVITIES (NUM_ACTIVITY,NUM_DEMAND,NUM_USER_GROUP_ACTIVITY,DAT_INSERT_ACTIVITY,DAT_UPDATE_ACTIVITY,NAM_USER_MODIFY,DAT_LAST_MODIFY,DES_ACTIVITY,DAT_ESTIMATED_BEGIN,DAT_ESTIMATED_END,DAT_REAL_BEGIN,DAT_REAL_END,PER_REALIZED,DES_ATT_POINTS) values (281,1021,62,to_date('27-MAY-15','DD-MON-RR'),null,'ALDINDO',to_date('27-MAY-15','DD-MON-RR'),'Waiting for Material',null,null,to_date('27-MAY-15','DD-MON-RR'),to_date('27-MAY-15','DD-MON-RR'),0,null);
Insert into ADMINWKF.WOK_DEMANDS_ACTIVITIES (NUM_ACTIVITY,NUM_DEMAND,NUM_USER_GROUP_ACTIVITY,DAT_INSERT_ACTIVITY,DAT_UPDATE_ACTIVITY,NAM_USER_MODIFY,DAT_LAST_MODIFY,DES_ACTIVITY,DAT_ESTIMATED_BEGIN,DAT_ESTIMATED_END,DAT_REAL_BEGIN,DAT_REAL_END,PER_REALIZED,DES_ATT_POINTS) values (544,1368,51,to_date('01-JUL-15','DD-MON-RR'),null,'ALAQEEL',to_date('01-JUL-15','DD-MON-RR'),'Technicians restated the device in T2, it is working after the restart',null,null,to_date('01-JUL-15','DD-MON-RR'),to_date('01-JUL-15','DD-MON-RR'),0,null);
Insert into ADMINWKF.WOK_DEMANDS_ACTIVITIES (NUM_ACTIVITY,NUM_DEMAND,NUM_USER_GROUP_ACTIVITY,DAT_INSERT_ACTIVITY,DAT_UPDATE_ACTIVITY,NAM_USER_MODIFY,DAT_LAST_MODIFY,DES_ACTIVITY,DAT_ESTIMATED_BEGIN,DAT_ESTIMATED_END,DAT_REAL_BEGIN,DAT_REAL_END,PER_REALIZED,DES_ATT_POINTS) values (447,1128,56,to_date('20-JUN-15','DD-MON-RR'),null,'ALJOEL',to_date('20-JUN-15','DD-MON-RR'),'Try to repair the camera and test the display is ok, but when it is installed in the site the ptz camera cannot be move. For further troubleshooting and testing',null,null,to_date('20-JUN-15','DD-MON-RR'),to_date('20-JUN-15','DD-MON-RR'),0,null);
Insert into ADMINWKF.WOK_DEMANDS_ACTIVITIES (NUM_ACTIVITY,NUM_DEMAND,NUM_USER_GROUP_ACTIVITY,DAT_INSERT_ACTIVITY,DAT_UPDATE_ACTIVITY,NAM_USER_MODIFY,DAT_LAST_MODIFY,DES_ACTIVITY,DAT_ESTIMATED_BEGIN,DAT_ESTIMATED_END,DAT_REAL_BEGIN,DAT_REAL_END,PER_REALIZED,DES_ATT_POINTS) values (448,1189,56,to_date('20-JUN-15','DD-MON-RR'),null,'ALJOEL',to_date('20-JUN-15','DD-MON-RR'),'Remove VMS and bracket. Check vms for damage, no damage found. Ready for installation. Need to drill new hole in tha wall to install the device',null,null,to_date('20-JUN-15','DD-MON-RR'),to_date('20-JUN-15','DD-MON-RR'),0,null);
Insert into ADMINWKF.WOK_DEMANDS_ACTIVITIES (NUM_ACTIVITY,NUM_DEMAND,NUM_USER_GROUP_ACTIVITY,DAT_INSERT_ACTIVITY,DAT_UPDATE_ACTIVITY,NAM_USER_MODIFY,DAT_LAST_MODIFY,DES_ACTIVITY,DAT_ESTIMATED_BEGIN,DAT_ESTIMATED_END,DAT_REAL_BEGIN,DAT_REAL_END,PER_REALIZED,DES_ATT_POINTS) values (521,1305,51,to_date('25-JUN-15','DD-MON-RR'),null,'ALAQEEL',to_date('25-JUN-15','DD-MON-RR'),'Recording was stop due to 2 vrm was down. When 2 vrm come up all the PTZ cemaras recording was ok.',null,null,to_date('25-JUN-15','DD-MON-RR'),to_date('25-JUN-15','DD-MON-RR'),0,null);
Insert into ADMINWKF.WOK_DEMANDS_ACTIVITIES (NUM_ACTIVITY,NUM_DEMAND,NUM_USER_GROUP_ACTIVITY,DAT_INSERT_ACTIVITY,DAT_UPDATE_ACTIVITY,NAM_USER_MODIFY,DAT_LAST_MODIFY,DES_ACTIVITY,DAT_ESTIMATED_BEGIN,DAT_ESTIMATED_END,DAT_REAL_BEGIN,DAT_REAL_END,PER_REALIZED,DES_ATT_POINTS) values (502,1306,51,to_date('24-JUN-15','DD-MON-RR'),null,'ALAQEEL',to_date('24-JUN-15','DD-MON-RR'),'Recording was stop due to 2 vrm was down. When 2 vrm come up all the PTZ cemaras recording was ok.',null,null,to_date('23-JUN-15','DD-MON-RR'),to_date('23-JUN-15','DD-MON-RR'),0,null);
Insert into ADMINWKF.WOK_DEMANDS_ACTIVITIES (NUM_ACTIVITY,NUM_DEMAND,NUM_USER_GROUP_ACTIVITY,DAT_INSERT_ACTIVITY,DAT_UPDATE_ACTIVITY,NAM_USER_MODIFY,DAT_LAST_MODIFY,DES_ACTIVITY,DAT_ESTIMATED_BEGIN,DAT_ESTIMATED_END,DAT_REAL_BEGIN,DAT_REAL_END,PER_REALIZED,DES_ATT_POINTS) values (462,1007,61,to_date('21-JUN-15','DD-MON-RR'),null,'ALELENO',to_date('21-JUN-15','DD-MON-RR'),'Pump was checked and in working condition if in case needed. Alarm from panel Overfrequency. Need to check by supplier.',null,null,to_date('21-JUN-15','DD-MON-RR'),to_date('21-JUN-15','DD-MON-RR'),0,null);
Insert into ADMINWKF.WOK_DEMANDS_ACTIVITIES (NUM_ACTIVITY,NUM_DEMAND,NUM_USER_GROUP_ACTIVITY,DAT_INSERT_ACTIVITY,DAT_UPDATE_ACTIVITY,NAM_USER_MODIFY,DAT_LAST_MODIFY,DES_ACTIVITY,DAT_ESTIMATED_BEGIN,DAT_ESTIMATED_END,DAT_REAL_BEGIN,DAT_REAL_END,PER_REALIZED,DES_ATT_POINTS) values (301,1087,51,to_date('30-MAY-15','DD-MON-RR'),null,'ALAQEEL',to_date('30-MAY-15','DD-MON-RR'),'All PTZ are back and have display in Bosch Video Management system.',null,null,to_date('28-MAY-15','DD-MON-RR'),to_date('28-MAY-15','DD-MON-RR'),0,null);
Insert into ADMINWKF.WOK_DEMANDS_ACTIVITIES (NUM_ACTIVITY,NUM_DEMAND,NUM_USER_GROUP_ACTIVITY,DAT_INSERT_ACTIVITY,DAT_UPDATE_ACTIVITY,NAM_USER_MODIFY,DAT_LAST_MODIFY,DES_ACTIVITY,DAT_ESTIMATED_BEGIN,DAT_ESTIMATED_END,DAT_REAL_BEGIN,DAT_REAL_END,PER_REALIZED,DES_ATT_POINTS) values (581,1005,62,to_date('09-JUL-15','DD-MON-RR'),null,'ALDINDO',to_date('09-JUL-15','DD-MON-RR'),'Checked the military bldg MCC2, No alarm',null,null,to_date('09-JUL-15','DD-MON-RR'),to_date('09-JUL-15','DD-MON-RR'),0,null);
Insert into ADMINWKF.WOK_DEMANDS_ACTIVITIES (NUM_ACTIVITY,NUM_DEMAND,NUM_USER_GROUP_ACTIVITY,DAT_INSERT_ACTIVITY,DAT_UPDATE_ACTIVITY,NAM_USER_MODIFY,DAT_LAST_MODIFY,DES_ACTIVITY,DAT_ESTIMATED_BEGIN,DAT_ESTIMATED_END,DAT_REAL_BEGIN,DAT_REAL_END,PER_REALIZED,DES_ATT_POINTS) values (401,1188,54,to_date('10-JUN-15','DD-MON-RR'),null,'ALJALIL',to_date('10-JUN-15','DD-MON-RR'),'The technicians restarted the air velocity controller',null,null,to_date('10-JUN-15','DD-MON-RR'),to_date('10-JUN-15','DD-MON-RR'),0,null);
Insert into ADMINWKF.WOK_DEMANDS_ACTIVITIES (NUM_ACTIVITY,NUM_DEMAND,NUM_USER_GROUP_ACTIVITY,DAT_INSERT_ACTIVITY,DAT_UPDATE_ACTIVITY,NAM_USER_MODIFY,DAT_LAST_MODIFY,DES_ACTIVITY,DAT_ESTIMATED_BEGIN,DAT_ESTIMATED_END,DAT_REAL_BEGIN,DAT_REAL_END,PER_REALIZED,DES_ATT_POINTS) values (344,1129,54,to_date('04-JUN-15','DD-MON-RR'),null,'ALJALIL',to_date('04-JUN-15','DD-MON-RR'),'Technician reset the device',null,null,to_date('04-JUN-15','DD-MON-RR'),to_date('04-JUN-15','DD-MON-RR'),0,null);
Insert into ADMINWKF.WOK_DEMANDS_ACTIVITIES (NUM_ACTIVITY,NUM_DEMAND,NUM_USER_GROUP_ACTIVITY,DAT_INSERT_ACTIVITY,DAT_UPDATE_ACTIVITY,NAM_USER_MODIFY,DAT_LAST_MODIFY,DES_ACTIVITY,DAT_ESTIMATED_BEGIN,DAT_ESTIMATED_END,DAT_REAL_BEGIN,DAT_REAL_END,PER_REALIZED,DES_ATT_POINTS) values (322,1045,56,to_date('02-JUN-15','DD-MON-RR'),null,'ALJOEL',to_date('02-JUN-15','DD-MON-RR'),'Replaced with new assembled VMS',null,null,to_date('01-JUN-15','DD-MON-RR'),to_date('01-JUN-15','DD-MON-RR'),0,null);
Insert into ADMINWKF.WOK_DEMANDS_ACTIVITIES (NUM_ACTIVITY,NUM_DEMAND,NUM_USER_GROUP_ACTIVITY,DAT_INSERT_ACTIVITY,DAT_UPDATE_ACTIVITY,NAM_USER_MODIFY,DAT_LAST_MODIFY,DES_ACTIVITY,DAT_ESTIMATED_BEGIN,DAT_ESTIMATED_END,DAT_REAL_BEGIN,DAT_REAL_END,PER_REALIZED,DES_ATT_POINTS) values (341,1106,51,to_date('03-JUN-15','DD-MON-RR'),null,'ALAQEEL',to_date('03-JUN-15','DD-MON-RR'),'Calibrated the configurations using Bosh Configuration Management',null,null,to_date('03-JUN-15','DD-MON-RR'),to_date('03-JUN-15','DD-MON-RR'),0,null);
Insert into ADMINWKF.WOK_DEMANDS_ACTIVITIES (NUM_ACTIVITY,NUM_DEMAND,NUM_USER_GROUP_ACTIVITY,DAT_INSERT_ACTIVITY,DAT_UPDATE_ACTIVITY,NAM_USER_MODIFY,DAT_LAST_MODIFY,DES_ACTIVITY,DAT_ESTIMATED_BEGIN,DAT_ESTIMATED_END,DAT_REAL_BEGIN,DAT_REAL_END,PER_REALIZED,DES_ATT_POINTS) values (211,1005,64,to_date('21-MAY-15','DD-MON-RR'),null,'ALAYOUBI',to_date('21-MAY-15','DD-MON-RR'),'Need to check the military bldg MCC2, waiting for next visit',null,null,to_date('21-MAY-15','DD-MON-RR'),to_date('21-MAY-15','DD-MON-RR'),0,null);
Insert into ADMINWKF.WOK_DEMANDS_ACTIVITIES (NUM_ACTIVITY,NUM_DEMAND,NUM_USER_GROUP_ACTIVITY,DAT_INSERT_ACTIVITY,DAT_UPDATE_ACTIVITY,NAM_USER_MODIFY,DAT_LAST_MODIFY,DES_ACTIVITY,DAT_ESTIMATED_BEGIN,DAT_ESTIMATED_END,DAT_REAL_BEGIN,DAT_REAL_END,PER_REALIZED,DES_ATT_POINTS) values (461,1006,62,to_date('21-JUN-15','DD-MON-RR'),null,'ALDINDO',to_date('21-JUN-15','DD-MON-RR'),'Pump was checked and in working condition if in case needed. Alarm from panel Overfrequency. Need to check by supplier. ',null,null,to_date('21-JUN-15','DD-MON-RR'),to_date('21-JUN-15','DD-MON-RR'),0,null);
Insert into ADMINWKF.WOK_DEMANDS_ACTIVITIES (NUM_ACTIVITY,NUM_DEMAND,NUM_USER_GROUP_ACTIVITY,DAT_INSERT_ACTIVITY,DAT_UPDATE_ACTIVITY,NAM_USER_MODIFY,DAT_LAST_MODIFY,DES_ACTIVITY,DAT_ESTIMATED_BEGIN,DAT_ESTIMATED_END,DAT_REAL_BEGIN,DAT_REAL_END,PER_REALIZED,DES_ATT_POINTS) values (283,1045,56,to_date('27-MAY-15','DD-MON-RR'),null,'ALJOEL',to_date('27-MAY-15','DD-MON-RR'),'Waiting for purchase order approval',null,null,to_date('27-MAY-15','DD-MON-RR'),to_date('27-MAY-15','DD-MON-RR'),0,null);
Insert into ADMINWKF.WOK_DEMANDS_ACTIVITIES (NUM_ACTIVITY,NUM_DEMAND,NUM_USER_GROUP_ACTIVITY,DAT_INSERT_ACTIVITY,DAT_UPDATE_ACTIVITY,NAM_USER_MODIFY,DAT_LAST_MODIFY,DES_ACTIVITY,DAT_ESTIMATED_BEGIN,DAT_ESTIMATED_END,DAT_REAL_BEGIN,DAT_REAL_END,PER_REALIZED,DES_ATT_POINTS) values (241,1045,56,to_date('24-MAY-15','DD-MON-RR'),null,'ALJOEL',to_date('24-MAY-15','DD-MON-RR'),'4 of the 8 vent. fans are nor working, need to be replaced',null,null,to_date('24-MAY-15','DD-MON-RR'),to_date('24-MAY-15','DD-MON-RR'),0,null);
Insert into ADMINWKF.WOK_DEMANDS_ACTIVITIES (NUM_ACTIVITY,NUM_DEMAND,NUM_USER_GROUP_ACTIVITY,DAT_INSERT_ACTIVITY,DAT_UPDATE_ACTIVITY,NAM_USER_MODIFY,DAT_LAST_MODIFY,DES_ACTIVITY,DAT_ESTIMATED_BEGIN,DAT_ESTIMATED_END,DAT_REAL_BEGIN,DAT_REAL_END,PER_REALIZED,DES_ATT_POINTS) values (449,1186,56,to_date('20-JUN-15','DD-MON-RR'),null,'ALJOEL',to_date('20-JUN-15','DD-MON-RR'),'Restarted the SOS server, back to normal',null,null,to_date('20-JUN-15','DD-MON-RR'),to_date('20-JUN-15','DD-MON-RR'),0,null);
Insert into ADMINWKF.WOK_DEMANDS_ACTIVITIES (NUM_ACTIVITY,NUM_DEMAND,NUM_USER_GROUP_ACTIVITY,DAT_INSERT_ACTIVITY,DAT_UPDATE_ACTIVITY,NAM_USER_MODIFY,DAT_LAST_MODIFY,DES_ACTIVITY,DAT_ESTIMATED_BEGIN,DAT_ESTIMATED_END,DAT_REAL_BEGIN,DAT_REAL_END,PER_REALIZED,DES_ATT_POINTS) values (463,1187,56,to_date('21-JUN-15','DD-MON-RR'),null,'ALJOEL',to_date('21-JUN-15','DD-MON-RR'),'No Battery. Waiting for materials',null,null,to_date('21-JUN-15','DD-MON-RR'),to_date('21-JUN-15','DD-MON-RR'),0,null);
Insert into ADMINWKF.WOK_DEMANDS_ACTIVITIES (NUM_ACTIVITY,NUM_DEMAND,NUM_USER_GROUP_ACTIVITY,DAT_INSERT_ACTIVITY,DAT_UPDATE_ACTIVITY,NAM_USER_MODIFY,DAT_LAST_MODIFY,DES_ACTIVITY,DAT_ESTIMATED_BEGIN,DAT_ESTIMATED_END,DAT_REAL_BEGIN,DAT_REAL_END,PER_REALIZED,DES_ATT_POINTS) values (501,1022,56,to_date('24-JUN-15','DD-MON-RR'),null,'ALJOEL',to_date('24-JUN-15','DD-MON-RR'),'Vent. fan, need to be replaced, Waiting for material',null,null,to_date('24-JUN-15','DD-MON-RR'),to_date('24-JUN-15','DD-MON-RR'),0,null);
Insert into ADMINWKF.WOK_DEMANDS_ACTIVITIES (NUM_ACTIVITY,NUM_DEMAND,NUM_USER_GROUP_ACTIVITY,DAT_INSERT_ACTIVITY,DAT_UPDATE_ACTIVITY,NAM_USER_MODIFY,DAT_LAST_MODIFY,DES_ACTIVITY,DAT_ESTIMATED_BEGIN,DAT_ESTIMATED_END,DAT_REAL_BEGIN,DAT_REAL_END,PER_REALIZED,DES_ATT_POINTS) values (382,1145,56,to_date('09-JUN-15','DD-MON-RR'),null,'ALJOEL',to_date('09-JUN-15','DD-MON-RR'),'Civil Dep cleaned the location, no alarm in scada anaymore',null,null,to_date('09-JUN-15','DD-MON-RR'),to_date('09-JUN-15','DD-MON-RR'),0,null);
Insert into ADMINWKF.WOK_DEMANDS_ACTIVITIES (NUM_ACTIVITY,NUM_DEMAND,NUM_USER_GROUP_ACTIVITY,DAT_INSERT_ACTIVITY,DAT_UPDATE_ACTIVITY,NAM_USER_MODIFY,DAT_LAST_MODIFY,DES_ACTIVITY,DAT_ESTIMATED_BEGIN,DAT_ESTIMATED_END,DAT_REAL_BEGIN,DAT_REAL_END,PER_REALIZED,DES_ATT_POINTS) values (323,1105,56,to_date('02-JUN-15','DD-MON-RR'),null,'ALJOEL',to_date('02-JUN-15','DD-MON-RR'),'Fixed most of the Bulbs, only 2 are are not working waiting for materials',null,null,to_date('02-JUN-15','DD-MON-RR'),to_date('02-JUN-15','DD-MON-RR'),0,null);
Insert into ADMINWKF.WOK_DEMANDS_ACTIVITIES (NUM_ACTIVITY,NUM_DEMAND,NUM_USER_GROUP_ACTIVITY,DAT_INSERT_ACTIVITY,DAT_UPDATE_ACTIVITY,NAM_USER_MODIFY,DAT_LAST_MODIFY,DES_ACTIVITY,DAT_ESTIMATED_BEGIN,DAT_ESTIMATED_END,DAT_REAL_BEGIN,DAT_REAL_END,PER_REALIZED,DES_ATT_POINTS) values (561,1105,56,to_date('05-JUL-15','DD-MON-RR'),null,'ALJOEL',to_date('05-JUL-15','DD-MON-RR'),'Electrical and eletronic team fixed all the guidance lights',null,null,to_date('05-JUL-15','DD-MON-RR'),to_date('05-JUL-15','DD-MON-RR'),0,null);
Insert into ADMINWKF.WOK_DEMANDS_ACTIVITIES (NUM_ACTIVITY,NUM_DEMAND,NUM_USER_GROUP_ACTIVITY,DAT_INSERT_ACTIVITY,DAT_UPDATE_ACTIVITY,NAM_USER_MODIFY,DAT_LAST_MODIFY,DES_ACTIVITY,DAT_ESTIMATED_BEGIN,DAT_ESTIMATED_END,DAT_REAL_BEGIN,DAT_REAL_END,PER_REALIZED,DES_ATT_POINTS) values (601,1390,57,to_date('11-JUL-15','DD-MON-RR'),null,'ALREXIE',to_date('11-JUL-15','DD-MON-RR'),'Cameras Have beem installed correctly',null,null,to_date('11-JUL-15','DD-MON-RR'),to_date('11-JUL-15','DD-MON-RR'),0,null);
Insert into ADMINWKF.WOK_DEMANDS_ACTIVITIES (NUM_ACTIVITY,NUM_DEMAND,NUM_USER_GROUP_ACTIVITY,DAT_INSERT_ACTIVITY,DAT_UPDATE_ACTIVITY,NAM_USER_MODIFY,DAT_LAST_MODIFY,DES_ACTIVITY,DAT_ESTIMATED_BEGIN,DAT_ESTIMATED_END,DAT_REAL_BEGIN,DAT_REAL_END,PER_REALIZED,DES_ATT_POINTS) values (202,985,58,to_date('21-MAY-15','DD-MON-RR'),null,'ALZAHER',to_date('21-MAY-15','DD-MON-RR'),'Sent Email to Telvent and we waiting for their reply, also we will check the connenctivity with Ayoubi ',null,null,to_date('19-MAY-15','DD-MON-RR'),to_date('19-MAY-15','DD-MON-RR'),0,null);
Insert into ADMINWKF.WOK_DEMANDS_ACTIVITIES (NUM_ACTIVITY,NUM_DEMAND,NUM_USER_GROUP_ACTIVITY,DAT_INSERT_ACTIVITY,DAT_UPDATE_ACTIVITY,NAM_USER_MODIFY,DAT_LAST_MODIFY,DES_ACTIVITY,DAT_ESTIMATED_BEGIN,DAT_ESTIMATED_END,DAT_REAL_BEGIN,DAT_REAL_END,PER_REALIZED,DES_ATT_POINTS) values (209,1022,56,to_date('21-MAY-15','DD-MON-RR'),null,'ALJOEL',to_date('21-MAY-15','DD-MON-RR'),'Vent. fan, need to be replaced, Waiting for purchase order',null,null,to_date('21-MAY-15','DD-MON-RR'),to_date('21-MAY-15','DD-MON-RR'),0,null);
Insert into ADMINWKF.WOK_DEMANDS_ACTIVITIES (NUM_ACTIVITY,NUM_DEMAND,NUM_USER_GROUP_ACTIVITY,DAT_INSERT_ACTIVITY,DAT_UPDATE_ACTIVITY,NAM_USER_MODIFY,DAT_LAST_MODIFY,DES_ACTIVITY,DAT_ESTIMATED_BEGIN,DAT_ESTIMATED_END,DAT_REAL_BEGIN,DAT_REAL_END,PER_REALIZED,DES_ATT_POINTS) values (210,1023,56,to_date('21-MAY-15','DD-MON-RR'),null,'ALJOEL',to_date('21-MAY-15','DD-MON-RR'),'Waiting for purchase request order',null,null,to_date('20-MAY-15','DD-MON-RR'),to_date('20-MAY-15','DD-MON-RR'),0,null);
Insert into ADMINWKF.WOK_DEMANDS_ACTIVITIES (NUM_ACTIVITY,NUM_DEMAND,NUM_USER_GROUP_ACTIVITY,DAT_INSERT_ACTIVITY,DAT_UPDATE_ACTIVITY,NAM_USER_MODIFY,DAT_LAST_MODIFY,DES_ACTIVITY,DAT_ESTIMATED_BEGIN,DAT_ESTIMATED_END,DAT_REAL_BEGIN,DAT_REAL_END,PER_REALIZED,DES_ATT_POINTS) values (221,1015,56,to_date('23-MAY-15','DD-MON-RR'),null,'ALJOEL',to_date('23-MAY-15','DD-MON-RR'),'23 of of May : technicians fixed the VSB at 03:51, the display is working',null,null,to_date('23-MAY-15','DD-MON-RR'),to_date('23-MAY-15','DD-MON-RR'),0,null);
Insert into ADMINWKF.WOK_DEMANDS_ACTIVITIES (NUM_ACTIVITY,NUM_DEMAND,NUM_USER_GROUP_ACTIVITY,DAT_INSERT_ACTIVITY,DAT_UPDATE_ACTIVITY,NAM_USER_MODIFY,DAT_LAST_MODIFY,DES_ACTIVITY,DAT_ESTIMATED_BEGIN,DAT_ESTIMATED_END,DAT_REAL_BEGIN,DAT_REAL_END,PER_REALIZED,DES_ATT_POINTS) values (287,1029,51,to_date('28-MAY-15','DD-MON-RR'),null,'ALZAHER',to_date('28-MAY-15','DD-MON-RR'),'Playback problem is solved now, After shutdown of storage that was creating problem this is issue is ok.',null,null,to_date('23-MAY-15','DD-MON-RR'),to_date('24-MAY-15','DD-MON-RR'),0,null);
Insert into ADMINWKF.WOK_DEMANDS_ACTIVITIES (NUM_ACTIVITY,NUM_DEMAND,NUM_USER_GROUP_ACTIVITY,DAT_INSERT_ACTIVITY,DAT_UPDATE_ACTIVITY,NAM_USER_MODIFY,DAT_LAST_MODIFY,DES_ACTIVITY,DAT_ESTIMATED_BEGIN,DAT_ESTIMATED_END,DAT_REAL_BEGIN,DAT_REAL_END,PER_REALIZED,DES_ATT_POINTS) values (541,1365,58,to_date('01-JUL-15','DD-MON-RR'),null,'ALZAHER',to_date('01-JUL-15','DD-MON-RR'),'Deleted Extra files in the Enforcenter, after it''s back to normal',null,null,to_date('01-JUL-15','DD-MON-RR'),to_date('01-JUL-15','DD-MON-RR'),0,null);
Insert into ADMINWKF.WOK_DEMANDS_ACTIVITIES (NUM_ACTIVITY,NUM_DEMAND,NUM_USER_GROUP_ACTIVITY,DAT_INSERT_ACTIVITY,DAT_UPDATE_ACTIVITY,NAM_USER_MODIFY,DAT_LAST_MODIFY,DES_ACTIVITY,DAT_ESTIMATED_BEGIN,DAT_ESTIMATED_END,DAT_REAL_BEGIN,DAT_REAL_END,PER_REALIZED,DES_ATT_POINTS) values (212,1018,55,to_date('21-MAY-15','DD-MON-RR'),null,'ALJERRY',to_date('21-MAY-15','DD-MON-RR'),'Night Shift fixed the Barrier and installed it',null,null,to_date('21-MAY-15','DD-MON-RR'),to_date('21-MAY-15','DD-MON-RR'),0,null);
Insert into ADMINWKF.WOK_DEMANDS_ACTIVITIES (NUM_ACTIVITY,NUM_DEMAND,NUM_USER_GROUP_ACTIVITY,DAT_INSERT_ACTIVITY,DAT_UPDATE_ACTIVITY,NAM_USER_MODIFY,DAT_LAST_MODIFY,DES_ACTIVITY,DAT_ESTIMATED_BEGIN,DAT_ESTIMATED_END,DAT_REAL_BEGIN,DAT_REAL_END,PER_REALIZED,DES_ATT_POINTS) values (262,1016,56,to_date('26-MAY-15','DD-MON-RR'),null,'ALJOEL',to_date('26-MAY-15','DD-MON-RR'),'Approved, Waiting for Material',null,null,to_date('26-MAY-15','DD-MON-RR'),to_date('26-MAY-15','DD-MON-RR'),0,null);
Insert into ADMINWKF.WOK_DEMANDS_ACTIVITIES (NUM_ACTIVITY,NUM_DEMAND,NUM_USER_GROUP_ACTIVITY,DAT_INSERT_ACTIVITY,DAT_UPDATE_ACTIVITY,NAM_USER_MODIFY,DAT_LAST_MODIFY,DES_ACTIVITY,DAT_ESTIMATED_BEGIN,DAT_ESTIMATED_END,DAT_REAL_BEGIN,DAT_REAL_END,PER_REALIZED,DES_ATT_POINTS) values (263,1028,56,to_date('26-MAY-15','DD-MON-RR'),null,'ALJOEL',to_date('26-MAY-15','DD-MON-RR'),'Waiting for purchase order approval',null,null,to_date('26-MAY-15','DD-MON-RR'),to_date('26-MAY-15','DD-MON-RR'),0,null);
Insert into ADMINWKF.WOK_DEMANDS_ACTIVITIES (NUM_ACTIVITY,NUM_DEMAND,NUM_USER_GROUP_ACTIVITY,DAT_INSERT_ACTIVITY,DAT_UPDATE_ACTIVITY,NAM_USER_MODIFY,DAT_LAST_MODIFY,DES_ACTIVITY,DAT_ESTIMATED_BEGIN,DAT_ESTIMATED_END,DAT_REAL_BEGIN,DAT_REAL_END,PER_REALIZED,DES_ATT_POINTS) values (284,1027,56,to_date('27-MAY-15','DD-MON-RR'),null,'ALJOEL',to_date('27-MAY-15','DD-MON-RR'),'Waiting for purchase order approval',null,null,to_date('27-MAY-15','DD-MON-RR'),to_date('27-MAY-15','DD-MON-RR'),0,null);
Insert into ADMINWKF.WOK_DEMANDS_ACTIVITIES (NUM_ACTIVITY,NUM_DEMAND,NUM_USER_GROUP_ACTIVITY,DAT_INSERT_ACTIVITY,DAT_UPDATE_ACTIVITY,NAM_USER_MODIFY,DAT_LAST_MODIFY,DES_ACTIVITY,DAT_ESTIMATED_BEGIN,DAT_ESTIMATED_END,DAT_REAL_BEGIN,DAT_REAL_END,PER_REALIZED,DES_ATT_POINTS) values (285,1023,56,to_date('27-MAY-15','DD-MON-RR'),null,'ALJOEL',to_date('27-MAY-15','DD-MON-RR'),'Waiting for purchase order approval',null,null,to_date('27-MAY-15','DD-MON-RR'),to_date('27-MAY-15','DD-MON-RR'),0,null);
Insert into ADMINWKF.WOK_DEMANDS_ACTIVITIES (NUM_ACTIVITY,NUM_DEMAND,NUM_USER_GROUP_ACTIVITY,DAT_INSERT_ACTIVITY,DAT_UPDATE_ACTIVITY,NAM_USER_MODIFY,DAT_LAST_MODIFY,DES_ACTIVITY,DAT_ESTIMATED_BEGIN,DAT_ESTIMATED_END,DAT_REAL_BEGIN,DAT_REAL_END,PER_REALIZED,DES_ATT_POINTS) values (286,1017,56,to_date('27-MAY-15','DD-MON-RR'),null,'ALJOEL',to_date('27-MAY-15','DD-MON-RR'),'Waiting for purchase order approval',null,null,to_date('27-MAY-15','DD-MON-RR'),to_date('27-MAY-15','DD-MON-RR'),0,null);
Insert into ADMINWKF.WOK_DEMANDS_ACTIVITIES (NUM_ACTIVITY,NUM_DEMAND,NUM_USER_GROUP_ACTIVITY,DAT_INSERT_ACTIVITY,DAT_UPDATE_ACTIVITY,NAM_USER_MODIFY,DAT_LAST_MODIFY,DES_ACTIVITY,DAT_ESTIMATED_BEGIN,DAT_ESTIMATED_END,DAT_REAL_BEGIN,DAT_REAL_END,PER_REALIZED,DES_ATT_POINTS) values (203,1014,56,to_date('21-MAY-15','DD-MON-RR'),null,'ALJOEL',to_date('21-MAY-15','DD-MON-RR'),'Waiting purchase request approval',null,null,to_date('20-MAY-15','DD-MON-RR'),to_date('20-MAY-15','DD-MON-RR'),0,null);
Insert into ADMINWKF.WOK_DEMANDS_ACTIVITIES (NUM_ACTIVITY,NUM_DEMAND,NUM_USER_GROUP_ACTIVITY,DAT_INSERT_ACTIVITY,DAT_UPDATE_ACTIVITY,NAM_USER_MODIFY,DAT_LAST_MODIFY,DES_ACTIVITY,DAT_ESTIMATED_BEGIN,DAT_ESTIMATED_END,DAT_REAL_BEGIN,DAT_REAL_END,PER_REALIZED,DES_ATT_POINTS) values (204,1015,56,to_date('21-MAY-15','DD-MON-RR'),null,'ALJOEL',to_date('21-MAY-15','DD-MON-RR'),'Day shift restored all components, It can be installed anytime',null,null,to_date('20-OCT-15','DD-MON-RR'),to_date('20-OCT-15','DD-MON-RR'),0,null);
Insert into ADMINWKF.WOK_DEMANDS_ACTIVITIES (NUM_ACTIVITY,NUM_DEMAND,NUM_USER_GROUP_ACTIVITY,DAT_INSERT_ACTIVITY,DAT_UPDATE_ACTIVITY,NAM_USER_MODIFY,DAT_LAST_MODIFY,DES_ACTIVITY,DAT_ESTIMATED_BEGIN,DAT_ESTIMATED_END,DAT_REAL_BEGIN,DAT_REAL_END,PER_REALIZED,DES_ATT_POINTS) values (205,1016,56,to_date('21-MAY-15','DD-MON-RR'),null,'ALJOEL',to_date('21-MAY-15','DD-MON-RR'),'Waiting for the purchase order',null,null,to_date('20-MAY-15','DD-MON-RR'),to_date('20-MAY-15','DD-MON-RR'),0,null);
Insert into ADMINWKF.WOK_DEMANDS_ACTIVITIES (NUM_ACTIVITY,NUM_DEMAND,NUM_USER_GROUP_ACTIVITY,DAT_INSERT_ACTIVITY,DAT_UPDATE_ACTIVITY,NAM_USER_MODIFY,DAT_LAST_MODIFY,DES_ACTIVITY,DAT_ESTIMATED_BEGIN,DAT_ESTIMATED_END,DAT_REAL_BEGIN,DAT_REAL_END,PER_REALIZED,DES_ATT_POINTS) values (206,1017,56,to_date('21-MAY-15','DD-MON-RR'),null,'ALJOEL',to_date('21-MAY-15','DD-MON-RR'),'Hole of the wall is damaged, bracket slightly damage, need to bring the VMSA and VMSB to workshop for repair',null,null,to_date('20-MAY-15','DD-MON-RR'),to_date('20-MAY-15','DD-MON-RR'),0,null);
Insert into ADMINWKF.WOK_DEMANDS_ACTIVITIES (NUM_ACTIVITY,NUM_DEMAND,NUM_USER_GROUP_ACTIVITY,DAT_INSERT_ACTIVITY,DAT_UPDATE_ACTIVITY,NAM_USER_MODIFY,DAT_LAST_MODIFY,DES_ACTIVITY,DAT_ESTIMATED_BEGIN,DAT_ESTIMATED_END,DAT_REAL_BEGIN,DAT_REAL_END,PER_REALIZED,DES_ATT_POINTS) values (207,1019,51,to_date('21-MAY-15','DD-MON-RR'),null,'ALAQEEL',to_date('21-MAY-15','DD-MON-RR'),'It was AC that was creating.Thats why power fluctuation occurred.All the devices were went down. After 10 Minute devices were in normal state but two Bulb of video wall failed to work.',null,null,to_date('21-MAY-15','DD-MON-RR'),to_date('21-MAY-15','DD-MON-RR'),0,null);
Insert into ADMINWKF.WOK_DEMANDS_ACTIVITIES (NUM_ACTIVITY,NUM_DEMAND,NUM_USER_GROUP_ACTIVITY,DAT_INSERT_ACTIVITY,DAT_UPDATE_ACTIVITY,NAM_USER_MODIFY,DAT_LAST_MODIFY,DES_ACTIVITY,DAT_ESTIMATED_BEGIN,DAT_ESTIMATED_END,DAT_REAL_BEGIN,DAT_REAL_END,PER_REALIZED,DES_ATT_POINTS) values (242,1047,56,to_date('24-MAY-15','DD-MON-RR'),null,'ALJOEL',to_date('24-MAY-15','DD-MON-RR'),'Waiting for quotation',null,null,to_date('25-MAY-15','DD-MON-RR'),to_date('25-MAY-15','DD-MON-RR'),0,null);
Insert into ADMINWKF.WOK_DEMANDS_ACTIVITIES (NUM_ACTIVITY,NUM_DEMAND,NUM_USER_GROUP_ACTIVITY,DAT_INSERT_ACTIVITY,DAT_UPDATE_ACTIVITY,NAM_USER_MODIFY,DAT_LAST_MODIFY,DES_ACTIVITY,DAT_ESTIMATED_BEGIN,DAT_ESTIMATED_END,DAT_REAL_BEGIN,DAT_REAL_END,PER_REALIZED,DES_ATT_POINTS) values (261,1026,51,to_date('26-MAY-15','DD-MON-RR'),null,'ALAQEEL',to_date('26-MAY-15','DD-MON-RR'),'All PTZ are recording continuously now after making settings in Bosch Video Management system.',null,null,to_date('23-MAY-15','DD-MON-RR'),to_date('26-MAY-15','DD-MON-RR'),0,null);
Insert into ADMINWKF.WOK_DEMANDS_ACTIVITIES (NUM_ACTIVITY,NUM_DEMAND,NUM_USER_GROUP_ACTIVITY,DAT_INSERT_ACTIVITY,DAT_UPDATE_ACTIVITY,NAM_USER_MODIFY,DAT_LAST_MODIFY,DES_ACTIVITY,DAT_ESTIMATED_BEGIN,DAT_ESTIMATED_END,DAT_REAL_BEGIN,DAT_REAL_END,PER_REALIZED,DES_ATT_POINTS) values (222,1020,51,to_date('23-MAY-15','DD-MON-RR'),null,'ALAQEEL',to_date('23-MAY-15','DD-MON-RR'),'After installing the device, it is in working condition',null,null,to_date('22-MAY-15','DD-MON-RR'),to_date('22-MAY-15','DD-MON-RR'),0,null);
Insert into ADMINWKF.WOK_DEMANDS_ACTIVITIES (NUM_ACTIVITY,NUM_DEMAND,NUM_USER_GROUP_ACTIVITY,DAT_INSERT_ACTIVITY,DAT_UPDATE_ACTIVITY,NAM_USER_MODIFY,DAT_LAST_MODIFY,DES_ACTIVITY,DAT_ESTIMATED_BEGIN,DAT_ESTIMATED_END,DAT_REAL_BEGIN,DAT_REAL_END,PER_REALIZED,DES_ATT_POINTS) values (542,1345,60,to_date('01-JUL-15','DD-MON-RR'),null,'ALRON',to_date('01-JUL-15','DD-MON-RR'),'One AC is working, Second is only on Fan, the third is broken',null,null,to_date('01-JUL-15','DD-MON-RR'),to_date('01-JUL-15','DD-MON-RR'),0,null);
Insert into ADMINWKF.WOK_DEMANDS_ACTIVITIES (NUM_ACTIVITY,NUM_DEMAND,NUM_USER_GROUP_ACTIVITY,DAT_INSERT_ACTIVITY,DAT_UPDATE_ACTIVITY,NAM_USER_MODIFY,DAT_LAST_MODIFY,DES_ACTIVITY,DAT_ESTIMATED_BEGIN,DAT_ESTIMATED_END,DAT_REAL_BEGIN,DAT_REAL_END,PER_REALIZED,DES_ATT_POINTS) values (282,1025,62,to_date('27-MAY-15','DD-MON-RR'),null,'ALDINDO',to_date('27-MAY-15','DD-MON-RR'),'Waiting for purchase order approval',null,null,to_date('27-MAY-15','DD-MON-RR'),to_date('27-MAY-15','DD-MON-RR'),0,null);
Insert into ADMINWKF.WOK_DEMANDS_ACTIVITIES (NUM_ACTIVITY,NUM_DEMAND,NUM_USER_GROUP_ACTIVITY,DAT_INSERT_ACTIVITY,DAT_UPDATE_ACTIVITY,NAM_USER_MODIFY,DAT_LAST_MODIFY,DES_ACTIVITY,DAT_ESTIMATED_BEGIN,DAT_ESTIMATED_END,DAT_REAL_BEGIN,DAT_REAL_END,PER_REALIZED,DES_ATT_POINTS) values (443,1017,56,to_date('20-JUN-15','DD-MON-RR'),null,'ALJOEL',to_date('20-JUN-15','DD-MON-RR'),'The VMS door was brought to workshop for repair. Waiting for other spare parts.',null,null,to_date('20-JUN-15','DD-MON-RR'),to_date('20-JUN-15','DD-MON-RR'),0,null);
Insert into ADMINWKF.WOK_DEMANDS_ACTIVITIES (NUM_ACTIVITY,NUM_DEMAND,NUM_USER_GROUP_ACTIVITY,DAT_INSERT_ACTIVITY,DAT_UPDATE_ACTIVITY,NAM_USER_MODIFY,DAT_LAST_MODIFY,DES_ACTIVITY,DAT_ESTIMATED_BEGIN,DAT_ESTIMATED_END,DAT_REAL_BEGIN,DAT_REAL_END,PER_REALIZED,DES_ATT_POINTS) values (441,1014,56,to_date('20-JUN-15','DD-MON-RR'),null,'ALJOEL',to_date('20-JUN-15','DD-MON-RR'),'PTZ Camera is damage and also PTZ Camera box is totally damage. Waiting for purchase request approval.',null,null,to_date('29-JUN-15','DD-MON-RR'),to_date('29-JUN-15','DD-MON-RR'),0,null);
Insert into ADMINWKF.WOK_DEMANDS_ACTIVITIES (NUM_ACTIVITY,NUM_DEMAND,NUM_USER_GROUP_ACTIVITY,DAT_INSERT_ACTIVITY,DAT_UPDATE_ACTIVITY,NAM_USER_MODIFY,DAT_LAST_MODIFY,DES_ACTIVITY,DAT_ESTIMATED_BEGIN,DAT_ESTIMATED_END,DAT_REAL_BEGIN,DAT_REAL_END,PER_REALIZED,DES_ATT_POINTS) values (442,1016,56,to_date('20-JUN-15','DD-MON-RR'),null,'ALJOEL',to_date('20-JUN-15','DD-MON-RR'),'Waiting for materials needed to assemble new VSB.',null,null,to_date('20-JUN-15','DD-MON-RR'),to_date('20-JUN-15','DD-MON-RR'),0,null);
Insert into ADMINWKF.WOK_DEMANDS_ACTIVITIES (NUM_ACTIVITY,NUM_DEMAND,NUM_USER_GROUP_ACTIVITY,DAT_INSERT_ACTIVITY,DAT_UPDATE_ACTIVITY,NAM_USER_MODIFY,DAT_LAST_MODIFY,DES_ACTIVITY,DAT_ESTIMATED_BEGIN,DAT_ESTIMATED_END,DAT_REAL_BEGIN,DAT_REAL_END,PER_REALIZED,DES_ATT_POINTS) values (444,1023,56,to_date('20-JUN-15','DD-MON-RR'),null,'ALJOEL',to_date('20-JUN-15','DD-MON-RR'),'Troubleshoot the air velocity controller and  found out it has a problem with circuit board. Waiting for purchase approval.',null,null,to_date('20-JUN-15','DD-MON-RR'),to_date('20-JUN-15','DD-MON-RR'),0,null);
Insert into ADMINWKF.WOK_DEMANDS_ACTIVITIES (NUM_ACTIVITY,NUM_DEMAND,NUM_USER_GROUP_ACTIVITY,DAT_INSERT_ACTIVITY,DAT_UPDATE_ACTIVITY,NAM_USER_MODIFY,DAT_LAST_MODIFY,DES_ACTIVITY,DAT_ESTIMATED_BEGIN,DAT_ESTIMATED_END,DAT_REAL_BEGIN,DAT_REAL_END,PER_REALIZED,DES_ATT_POINTS) values (445,1027,56,to_date('20-JUN-15','DD-MON-RR'),null,'ALJOEL',to_date('20-JUN-15','DD-MON-RR'),'Totally damage cannot be fixed. Waiting for purchase order approval',null,null,to_date('20-JUN-15','DD-MON-RR'),to_date('20-JUN-15','DD-MON-RR'),0,null);
Insert into ADMINWKF.WOK_DEMANDS_ACTIVITIES (NUM_ACTIVITY,NUM_DEMAND,NUM_USER_GROUP_ACTIVITY,DAT_INSERT_ACTIVITY,DAT_UPDATE_ACTIVITY,NAM_USER_MODIFY,DAT_LAST_MODIFY,DES_ACTIVITY,DAT_ESTIMATED_BEGIN,DAT_ESTIMATED_END,DAT_REAL_BEGIN,DAT_REAL_END,PER_REALIZED,DES_ATT_POINTS) values (446,1028,56,to_date('20-JUN-15','DD-MON-RR'),null,'ALJOEL',to_date('20-JUN-15','DD-MON-RR'),'Totally damage cannot be fixed. Waiting for purchase order approval',null,null,to_date('20-JUN-15','DD-MON-RR'),to_date('20-JAN-15','DD-MON-RR'),0,null);
Insert into ADMINWKF.WOK_DEMANDS_ACTIVITIES (NUM_ACTIVITY,NUM_DEMAND,NUM_USER_GROUP_ACTIVITY,DAT_INSERT_ACTIVITY,DAT_UPDATE_ACTIVITY,NAM_USER_MODIFY,DAT_LAST_MODIFY,DES_ACTIVITY,DAT_ESTIMATED_BEGIN,DAT_ESTIMATED_END,DAT_REAL_BEGIN,DAT_REAL_END,PER_REALIZED,DES_ATT_POINTS) values (450,1225,55,to_date('20-JUN-15','DD-MON-RR'),null,'ALJERRY',to_date('20-JUN-15','DD-MON-RR'),'Changed the Lamp of the wall monitor, back to normal',null,null,to_date('20-JUN-15','DD-MON-RR'),to_date('20-JUN-15','DD-MON-RR'),0,null);
Insert into ADMINWKF.WOK_DEMANDS_ACTIVITIES (NUM_ACTIVITY,NUM_DEMAND,NUM_USER_GROUP_ACTIVITY,DAT_INSERT_ACTIVITY,DAT_UPDATE_ACTIVITY,NAM_USER_MODIFY,DAT_LAST_MODIFY,DES_ACTIVITY,DAT_ESTIMATED_BEGIN,DAT_ESTIMATED_END,DAT_REAL_BEGIN,DAT_REAL_END,PER_REALIZED,DES_ATT_POINTS) values (464,1047,56,to_date('21-JUN-15','DD-MON-RR'),null,'ALJOEL',to_date('21-JUN-15','DD-MON-RR'),'Waiting for purchase order approval',null,null,to_date('21-JUN-15','DD-MON-RR'),to_date('21-JUN-15','DD-MON-RR'),0,null);
Insert into ADMINWKF.WOK_DEMANDS_ACTIVITIES (NUM_ACTIVITY,NUM_DEMAND,NUM_USER_GROUP_ACTIVITY,DAT_INSERT_ACTIVITY,DAT_UPDATE_ACTIVITY,NAM_USER_MODIFY,DAT_LAST_MODIFY,DES_ACTIVITY,DAT_ESTIMATED_BEGIN,DAT_ESTIMATED_END,DAT_REAL_BEGIN,DAT_REAL_END,PER_REALIZED,DES_ATT_POINTS) values (465,1205,56,to_date('21-JUN-15','DD-MON-RR'),null,'ALJOEL',to_date('21-JUN-15','DD-MON-RR'),'Technicians repaired the camera, will be installed by night shift',null,null,to_date('21-JUN-15','DD-MON-RR'),to_date('21-JUN-15','DD-MON-RR'),0,null);
Insert into ADMINWKF.WOK_DEMANDS_ACTIVITIES (NUM_ACTIVITY,NUM_DEMAND,NUM_USER_GROUP_ACTIVITY,DAT_INSERT_ACTIVITY,DAT_UPDATE_ACTIVITY,NAM_USER_MODIFY,DAT_LAST_MODIFY,DES_ACTIVITY,DAT_ESTIMATED_BEGIN,DAT_ESTIMATED_END,DAT_REAL_BEGIN,DAT_REAL_END,PER_REALIZED,DES_ATT_POINTS) values (481,1205,56,to_date('23-JUN-15','DD-MON-RR'),null,'ALJOEL',to_date('23-JUN-15','DD-MON-RR'),'Camera repaired and installed by night shift',null,null,to_date('23-JUN-15','DD-MON-RR'),to_date('23-JUN-15','DD-MON-RR'),0,null);
Insert into ADMINWKF.WOK_DEMANDS_ACTIVITIES (NUM_ACTIVITY,NUM_DEMAND,NUM_USER_GROUP_ACTIVITY,DAT_INSERT_ACTIVITY,DAT_UPDATE_ACTIVITY,NAM_USER_MODIFY,DAT_LAST_MODIFY,DES_ACTIVITY,DAT_ESTIMATED_BEGIN,DAT_ESTIMATED_END,DAT_REAL_BEGIN,DAT_REAL_END,PER_REALIZED,DES_ATT_POINTS) values (543,1366,58,to_date('01-JUL-15','DD-MON-RR'),null,'ALZAHER',to_date('01-JUL-15','DD-MON-RR'),'Restarted both Fluxserver1 and Fluxserver2, it''s working after the restart',null,null,to_date('01-JUL-15','DD-MON-RR'),to_date('01-JUL-15','DD-MON-RR'),0,null);
Insert into ADMINWKF.WOK_DEMANDS_ACTIVITIES (NUM_ACTIVITY,NUM_DEMAND,NUM_USER_GROUP_ACTIVITY,DAT_INSERT_ACTIVITY,DAT_UPDATE_ACTIVITY,NAM_USER_MODIFY,DAT_LAST_MODIFY,DES_ACTIVITY,DAT_ESTIMATED_BEGIN,DAT_ESTIMATED_END,DAT_REAL_BEGIN,DAT_REAL_END,PER_REALIZED,DES_ATT_POINTS) values (482,1296,55,to_date('23-JUN-15','DD-MON-RR'),null,'ALJERRY',to_date('23-JUN-15','DD-MON-RR'),'Night shift replaced some fans, now it is working',null,null,to_date('23-JUN-15','DD-MON-RR'),to_date('23-JUN-15','DD-MON-RR'),0,null);

Insert into ADMINWKF.WOK_OCCURRENCES_DEMAND (NUM_OCCURRENCE,NUM_DEMAND,NUM_TYPE_ACTION,NUM_USER_GROUP,NUM_USER_GROUP_PREVIOUS,DAT_OCCURRENCE,DAT_NEXT_ACTION,DAT_UPDATE_ACTION,NAM_USER_MODIFY,DAT_LAST_MODIFY,DES_USER_OBSERVATION,DAT_ESTIMATED_BEGIN,DAT_ESTIMATED_END) values (1521,1245,13,54,56,to_date('21-JUN-15','DD-MON-RR'),null,null,'ALJOEL',to_date('21-JUN-15','DD-MON-RR'),null,null,null);
Insert into ADMINWKF.WOK_OCCURRENCES_DEMAND (NUM_OCCURRENCE,NUM_DEMAND,NUM_TYPE_ACTION,NUM_USER_GROUP,NUM_USER_GROUP_PREVIOUS,DAT_OCCURRENCE,DAT_NEXT_ACTION,DAT_UPDATE_ACTION,NAM_USER_MODIFY,DAT_LAST_MODIFY,DES_USER_OBSERVATION,DAT_ESTIMATED_BEGIN,DAT_ESTIMATED_END) values (1596,1306,14,54,54,to_date('25-JUN-15','DD-MON-RR'),null,null,'ALJALIL',to_date('25-JUN-15','DD-MON-RR'),null,null,null);
Insert into ADMINWKF.WOK_OCCURRENCES_DEMAND (NUM_OCCURRENCE,NUM_DEMAND,NUM_TYPE_ACTION,NUM_USER_GROUP,NUM_USER_GROUP_PREVIOUS,DAT_OCCURRENCE,DAT_NEXT_ACTION,DAT_UPDATE_ACTION,NAM_USER_MODIFY,DAT_LAST_MODIFY,DES_USER_OBSERVATION,DAT_ESTIMATED_BEGIN,DAT_ESTIMATED_END) values (1380,1126,9,54,54,to_date('02-JUN-15','DD-MON-RR'),null,null,'ALJALIL',to_date('02-JUN-15','DD-MON-RR'),null,null,null);
Insert into ADMINWKF.WOK_OCCURRENCES_DEMAND (NUM_OCCURRENCE,NUM_DEMAND,NUM_TYPE_ACTION,NUM_USER_GROUP,NUM_USER_GROUP_PREVIOUS,DAT_OCCURRENCE,DAT_NEXT_ACTION,DAT_UPDATE_ACTION,NAM_USER_MODIFY,DAT_LAST_MODIFY,DES_USER_OBSERVATION,DAT_ESTIMATED_BEGIN,DAT_ESTIMATED_END) values (1381,1126,10,51,54,to_date('02-JUN-15','DD-MON-RR'),null,null,'ALJALIL',to_date('02-JUN-15','DD-MON-RR'),'SUBJECT TO CHECK',null,null);
Insert into ADMINWKF.WOK_OCCURRENCES_DEMAND (NUM_OCCURRENCE,NUM_DEMAND,NUM_TYPE_ACTION,NUM_USER_GROUP,NUM_USER_GROUP_PREVIOUS,DAT_OCCURRENCE,DAT_NEXT_ACTION,DAT_UPDATE_ACTION,NAM_USER_MODIFY,DAT_LAST_MODIFY,DES_USER_OBSERVATION,DAT_ESTIMATED_BEGIN,DAT_ESTIMATED_END) values (1382,1127,9,54,54,to_date('02-JUN-15','DD-MON-RR'),null,null,'ALJALIL',to_date('02-JUN-15','DD-MON-RR'),null,null,null);
Insert into ADMINWKF.WOK_OCCURRENCES_DEMAND (NUM_OCCURRENCE,NUM_DEMAND,NUM_TYPE_ACTION,NUM_USER_GROUP,NUM_USER_GROUP_PREVIOUS,DAT_OCCURRENCE,DAT_NEXT_ACTION,DAT_UPDATE_ACTION,NAM_USER_MODIFY,DAT_LAST_MODIFY,DES_USER_OBSERVATION,DAT_ESTIMATED_BEGIN,DAT_ESTIMATED_END) values (1383,1127,10,51,54,to_date('02-JUN-15','DD-MON-RR'),null,null,'ALJALIL',to_date('02-JUN-15','DD-MON-RR'),'SUBJECT TO CHECK',null,null);
Insert into ADMINWKF.WOK_OCCURRENCES_DEMAND (NUM_OCCURRENCE,NUM_DEMAND,NUM_TYPE_ACTION,NUM_USER_GROUP,NUM_USER_GROUP_PREVIOUS,DAT_OCCURRENCE,DAT_NEXT_ACTION,DAT_UPDATE_ACTION,NAM_USER_MODIFY,DAT_LAST_MODIFY,DES_USER_OBSERVATION,DAT_ESTIMATED_BEGIN,DAT_ESTIMATED_END) values (1390,1128,9,54,54,to_date('03-JUN-15','DD-MON-RR'),null,null,'ALJALIL',to_date('03-JUN-15','DD-MON-RR'),null,null,null);
Insert into ADMINWKF.WOK_OCCURRENCES_DEMAND (NUM_OCCURRENCE,NUM_DEMAND,NUM_TYPE_ACTION,NUM_USER_GROUP,NUM_USER_GROUP_PREVIOUS,DAT_OCCURRENCE,DAT_NEXT_ACTION,DAT_UPDATE_ACTION,NAM_USER_MODIFY,DAT_LAST_MODIFY,DES_USER_OBSERVATION,DAT_ESTIMATED_BEGIN,DAT_ESTIMATED_END) values (1391,1128,10,56,54,to_date('03-JUN-15','DD-MON-RR'),null,null,'ALJALIL',to_date('03-JUN-15','DD-MON-RR'),'SUBJECT TO CHECK',null,null);
Insert into ADMINWKF.WOK_OCCURRENCES_DEMAND (NUM_OCCURRENCE,NUM_DEMAND,NUM_TYPE_ACTION,NUM_USER_GROUP,NUM_USER_GROUP_PREVIOUS,DAT_OCCURRENCE,DAT_NEXT_ACTION,DAT_UPDATE_ACTION,NAM_USER_MODIFY,DAT_LAST_MODIFY,DES_USER_OBSERVATION,DAT_ESTIMATED_BEGIN,DAT_ESTIMATED_END) values (1396,1126,13,54,51,to_date('04-JUN-15','DD-MON-RR'),null,null,'ALAQEEL',to_date('04-JUN-15','DD-MON-RR'),null,null,null);
Insert into ADMINWKF.WOK_OCCURRENCES_DEMAND (NUM_OCCURRENCE,NUM_DEMAND,NUM_TYPE_ACTION,NUM_USER_GROUP,NUM_USER_GROUP_PREVIOUS,DAT_OCCURRENCE,DAT_NEXT_ACTION,DAT_UPDATE_ACTION,NAM_USER_MODIFY,DAT_LAST_MODIFY,DES_USER_OBSERVATION,DAT_ESTIMATED_BEGIN,DAT_ESTIMATED_END) values (1397,1126,14,54,54,to_date('04-JUN-15','DD-MON-RR'),null,null,'ALJALIL',to_date('04-JUN-15','DD-MON-RR'),null,null,null);
Insert into ADMINWKF.WOK_OCCURRENCES_DEMAND (NUM_OCCURRENCE,NUM_DEMAND,NUM_TYPE_ACTION,NUM_USER_GROUP,NUM_USER_GROUP_PREVIOUS,DAT_OCCURRENCE,DAT_NEXT_ACTION,DAT_UPDATE_ACTION,NAM_USER_MODIFY,DAT_LAST_MODIFY,DES_USER_OBSERVATION,DAT_ESTIMATED_BEGIN,DAT_ESTIMATED_END) values (1399,1127,13,54,51,to_date('04-JUN-15','DD-MON-RR'),null,null,'ALAQEEL',to_date('04-JUN-15','DD-MON-RR'),null,null,null);
Insert into ADMINWKF.WOK_OCCURRENCES_DEMAND (NUM_OCCURRENCE,NUM_DEMAND,NUM_TYPE_ACTION,NUM_USER_GROUP,NUM_USER_GROUP_PREVIOUS,DAT_OCCURRENCE,DAT_NEXT_ACTION,DAT_UPDATE_ACTION,NAM_USER_MODIFY,DAT_LAST_MODIFY,DES_USER_OBSERVATION,DAT_ESTIMATED_BEGIN,DAT_ESTIMATED_END) values (1408,1130,9,54,54,to_date('04-JUN-15','DD-MON-RR'),null,null,'ALJALIL',to_date('04-JUN-15','DD-MON-RR'),null,null,null);
Insert into ADMINWKF.WOK_OCCURRENCES_DEMAND (NUM_OCCURRENCE,NUM_DEMAND,NUM_TYPE_ACTION,NUM_USER_GROUP,NUM_USER_GROUP_PREVIOUS,DAT_OCCURRENCE,DAT_NEXT_ACTION,DAT_UPDATE_ACTION,NAM_USER_MODIFY,DAT_LAST_MODIFY,DES_USER_OBSERVATION,DAT_ESTIMATED_BEGIN,DAT_ESTIMATED_END) values (1409,1130,10,52,54,to_date('04-JUN-15','DD-MON-RR'),null,null,'ALJALIL',to_date('04-JUN-15','DD-MON-RR'),null,null,null);
Insert into ADMINWKF.WOK_OCCURRENCES_DEMAND (NUM_OCCURRENCE,NUM_DEMAND,NUM_TYPE_ACTION,NUM_USER_GROUP,NUM_USER_GROUP_PREVIOUS,DAT_OCCURRENCE,DAT_NEXT_ACTION,DAT_UPDATE_ACTION,NAM_USER_MODIFY,DAT_LAST_MODIFY,DES_USER_OBSERVATION,DAT_ESTIMATED_BEGIN,DAT_ESTIMATED_END) values (1436,1130,14,54,54,to_date('07-JUN-15','DD-MON-RR'),null,null,'ALJALIL',to_date('07-JUN-15','DD-MON-RR'),null,null,null);
Insert into ADMINWKF.WOK_OCCURRENCES_DEMAND (NUM_OCCURRENCE,NUM_DEMAND,NUM_TYPE_ACTION,NUM_USER_GROUP,NUM_USER_GROUP_PREVIOUS,DAT_OCCURRENCE,DAT_NEXT_ACTION,DAT_UPDATE_ACTION,NAM_USER_MODIFY,DAT_LAST_MODIFY,DES_USER_OBSERVATION,DAT_ESTIMATED_BEGIN,DAT_ESTIMATED_END) values (1450,1165,9,54,54,to_date('08-JUN-15','DD-MON-RR'),null,null,'ALJALIL',to_date('08-JUN-15','DD-MON-RR'),null,null,null);
Insert into ADMINWKF.WOK_OCCURRENCES_DEMAND (NUM_OCCURRENCE,NUM_DEMAND,NUM_TYPE_ACTION,NUM_USER_GROUP,NUM_USER_GROUP_PREVIOUS,DAT_OCCURRENCE,DAT_NEXT_ACTION,DAT_UPDATE_ACTION,NAM_USER_MODIFY,DAT_LAST_MODIFY,DES_USER_OBSERVATION,DAT_ESTIMATED_BEGIN,DAT_ESTIMATED_END) values (1451,1165,10,51,54,to_date('08-JUN-15','DD-MON-RR'),null,null,'ALJALIL',to_date('08-JUN-15','DD-MON-RR'),null,null,null);
Insert into ADMINWKF.WOK_OCCURRENCES_DEMAND (NUM_OCCURRENCE,NUM_DEMAND,NUM_TYPE_ACTION,NUM_USER_GROUP,NUM_USER_GROUP_PREVIOUS,DAT_OCCURRENCE,DAT_NEXT_ACTION,DAT_UPDATE_ACTION,NAM_USER_MODIFY,DAT_LAST_MODIFY,DES_USER_OBSERVATION,DAT_ESTIMATED_BEGIN,DAT_ESTIMATED_END) values (1453,1165,13,54,51,to_date('08-JUN-15','DD-MON-RR'),null,null,'ALAQEEL',to_date('08-JUN-15','DD-MON-RR'),null,null,null);
Insert into ADMINWKF.WOK_OCCURRENCES_DEMAND (NUM_OCCURRENCE,NUM_DEMAND,NUM_TYPE_ACTION,NUM_USER_GROUP,NUM_USER_GROUP_PREVIOUS,DAT_OCCURRENCE,DAT_NEXT_ACTION,DAT_UPDATE_ACTION,NAM_USER_MODIFY,DAT_LAST_MODIFY,DES_USER_OBSERVATION,DAT_ESTIMATED_BEGIN,DAT_ESTIMATED_END) values (1454,1165,14,54,54,to_date('08-JUN-15','DD-MON-RR'),null,null,'ALJALIL',to_date('08-JUN-15','DD-MON-RR'),null,null,null);
Insert into ADMINWKF.WOK_OCCURRENCES_DEMAND (NUM_OCCURRENCE,NUM_DEMAND,NUM_TYPE_ACTION,NUM_USER_GROUP,NUM_USER_GROUP_PREVIOUS,DAT_OCCURRENCE,DAT_NEXT_ACTION,DAT_UPDATE_ACTION,NAM_USER_MODIFY,DAT_LAST_MODIFY,DES_USER_OBSERVATION,DAT_ESTIMATED_BEGIN,DAT_ESTIMATED_END) values (1716,1021,13,54,62,to_date('09-JUL-15','DD-MON-RR'),null,null,'ALDINDO',to_date('09-JUL-15','DD-MON-RR'),null,null,null);
Insert into ADMINWKF.WOK_OCCURRENCES_DEMAND (NUM_OCCURRENCE,NUM_DEMAND,NUM_TYPE_ACTION,NUM_USER_GROUP,NUM_USER_GROUP_PREVIOUS,DAT_OCCURRENCE,DAT_NEXT_ACTION,DAT_UPDATE_ACTION,NAM_USER_MODIFY,DAT_LAST_MODIFY,DES_USER_OBSERVATION,DAT_ESTIMATED_BEGIN,DAT_ESTIMATED_END) values (1717,1021,14,54,54,to_date('09-JUL-15','DD-MON-RR'),null,null,'ALJALIL',to_date('09-JUL-15','DD-MON-RR'),null,null,null);
Insert into ADMINWKF.WOK_OCCURRENCES_DEMAND (NUM_OCCURRENCE,NUM_DEMAND,NUM_TYPE_ACTION,NUM_USER_GROUP,NUM_USER_GROUP_PREVIOUS,DAT_OCCURRENCE,DAT_NEXT_ACTION,DAT_UPDATE_ACTION,NAM_USER_MODIFY,DAT_LAST_MODIFY,DES_USER_OBSERVATION,DAT_ESTIMATED_BEGIN,DAT_ESTIMATED_END) values (1431,1130,13,54,52,to_date('07-JUN-15','DD-MON-RR'),null,null,'ALFAUSTINO',to_date('07-JUN-15','DD-MON-RR'),null,null,null);
Insert into ADMINWKF.WOK_OCCURRENCES_DEMAND (NUM_OCCURRENCE,NUM_DEMAND,NUM_TYPE_ACTION,NUM_USER_GROUP,NUM_USER_GROUP_PREVIOUS,DAT_OCCURRENCE,DAT_NEXT_ACTION,DAT_UPDATE_ACTION,NAM_USER_MODIFY,DAT_LAST_MODIFY,DES_USER_OBSERVATION,DAT_ESTIMATED_BEGIN,DAT_ESTIMATED_END) values (1432,1130,15,52,54,to_date('07-JUN-15','DD-MON-RR'),null,null,'ALJALIL',to_date('07-JUN-15','DD-MON-RR'),null,null,null);
Insert into ADMINWKF.WOK_OCCURRENCES_DEMAND (NUM_OCCURRENCE,NUM_DEMAND,NUM_TYPE_ACTION,NUM_USER_GROUP,NUM_USER_GROUP_PREVIOUS,DAT_OCCURRENCE,DAT_NEXT_ACTION,DAT_UPDATE_ACTION,NAM_USER_MODIFY,DAT_LAST_MODIFY,DES_USER_OBSERVATION,DAT_ESTIMATED_BEGIN,DAT_ESTIMATED_END) values (1435,1130,13,54,52,to_date('07-JUN-15','DD-MON-RR'),null,null,'ALFAUSTINO',to_date('07-JUN-15','DD-MON-RR'),null,null,null);
Insert into ADMINWKF.WOK_OCCURRENCES_DEMAND (NUM_OCCURRENCE,NUM_DEMAND,NUM_TYPE_ACTION,NUM_USER_GROUP,NUM_USER_GROUP_PREVIOUS,DAT_OCCURRENCE,DAT_NEXT_ACTION,DAT_UPDATE_ACTION,NAM_USER_MODIFY,DAT_LAST_MODIFY,DES_USER_OBSERVATION,DAT_ESTIMATED_BEGIN,DAT_ESTIMATED_END) values (1471,1189,9,54,54,to_date('10-JUN-15','DD-MON-RR'),null,null,'ALJALIL',to_date('10-JUN-15','DD-MON-RR'),null,null,null);
Insert into ADMINWKF.WOK_OCCURRENCES_DEMAND (NUM_OCCURRENCE,NUM_DEMAND,NUM_TYPE_ACTION,NUM_USER_GROUP,NUM_USER_GROUP_PREVIOUS,DAT_OCCURRENCE,DAT_NEXT_ACTION,DAT_UPDATE_ACTION,NAM_USER_MODIFY,DAT_LAST_MODIFY,DES_USER_OBSERVATION,DAT_ESTIMATED_BEGIN,DAT_ESTIMATED_END) values (1472,1189,10,56,54,to_date('10-JUN-15','DD-MON-RR'),null,null,'ALJALIL',to_date('10-JUN-15','DD-MON-RR'),'subject to detach',null,null);
Insert into ADMINWKF.WOK_OCCURRENCES_DEMAND (NUM_OCCURRENCE,NUM_DEMAND,NUM_TYPE_ACTION,NUM_USER_GROUP,NUM_USER_GROUP_PREVIOUS,DAT_OCCURRENCE,DAT_NEXT_ACTION,DAT_UPDATE_ACTION,NAM_USER_MODIFY,DAT_LAST_MODIFY,DES_USER_OBSERVATION,DAT_ESTIMATED_BEGIN,DAT_ESTIMATED_END) values (1631,1366,9,54,54,to_date('01-JUL-15','DD-MON-RR'),null,null,'ALJALIL',to_date('01-JUL-15','DD-MON-RR'),null,null,null);
Insert into ADMINWKF.WOK_OCCURRENCES_DEMAND (NUM_OCCURRENCE,NUM_DEMAND,NUM_TYPE_ACTION,NUM_USER_GROUP,NUM_USER_GROUP_PREVIOUS,DAT_OCCURRENCE,DAT_NEXT_ACTION,DAT_UPDATE_ACTION,NAM_USER_MODIFY,DAT_LAST_MODIFY,DES_USER_OBSERVATION,DAT_ESTIMATED_BEGIN,DAT_ESTIMATED_END) values (1632,1368,9,54,54,to_date('01-JUL-15','DD-MON-RR'),null,null,'ALJALIL',to_date('01-JUL-15','DD-MON-RR'),null,null,null);
Insert into ADMINWKF.WOK_OCCURRENCES_DEMAND (NUM_OCCURRENCE,NUM_DEMAND,NUM_TYPE_ACTION,NUM_USER_GROUP,NUM_USER_GROUP_PREVIOUS,DAT_OCCURRENCE,DAT_NEXT_ACTION,DAT_UPDATE_ACTION,NAM_USER_MODIFY,DAT_LAST_MODIFY,DES_USER_OBSERVATION,DAT_ESTIMATED_BEGIN,DAT_ESTIMATED_END) values (1358,1107,10,56,54,to_date('31-MAY-15','DD-MON-RR'),null,null,'ALJALIL',to_date('31-MAY-15','DD-MON-RR'),null,null,null);
Insert into ADMINWKF.WOK_OCCURRENCES_DEMAND (NUM_OCCURRENCE,NUM_DEMAND,NUM_TYPE_ACTION,NUM_USER_GROUP,NUM_USER_GROUP_PREVIOUS,DAT_OCCURRENCE,DAT_NEXT_ACTION,DAT_UPDATE_ACTION,NAM_USER_MODIFY,DAT_LAST_MODIFY,DES_USER_OBSERVATION,DAT_ESTIMATED_BEGIN,DAT_ESTIMATED_END) values (1401,1127,14,54,54,to_date('04-JUN-15','DD-MON-RR'),null,null,'ALJALIL',to_date('04-JUN-15','DD-MON-RR'),null,null,null);
Insert into ADMINWKF.WOK_OCCURRENCES_DEMAND (NUM_OCCURRENCE,NUM_DEMAND,NUM_TYPE_ACTION,NUM_USER_GROUP,NUM_USER_GROUP_PREVIOUS,DAT_OCCURRENCE,DAT_NEXT_ACTION,DAT_UPDATE_ACTION,NAM_USER_MODIFY,DAT_LAST_MODIFY,DES_USER_OBSERVATION,DAT_ESTIMATED_BEGIN,DAT_ESTIMATED_END) values (1357,1107,9,54,54,to_date('31-MAY-15','DD-MON-RR'),null,null,'ALJALIL',to_date('31-MAY-15','DD-MON-RR'),null,null,null);
Insert into ADMINWKF.WOK_OCCURRENCES_DEMAND (NUM_OCCURRENCE,NUM_DEMAND,NUM_TYPE_ACTION,NUM_USER_GROUP,NUM_USER_GROUP_PREVIOUS,DAT_OCCURRENCE,DAT_NEXT_ACTION,DAT_UPDATE_ACTION,NAM_USER_MODIFY,DAT_LAST_MODIFY,DES_USER_OBSERVATION,DAT_ESTIMATED_BEGIN,DAT_ESTIMATED_END) values (1214,1011,9,54,54,to_date('20-MAY-15','DD-MON-RR'),null,null,'ALJALIL',to_date('20-MAY-15','DD-MON-RR'),null,null,null);
Insert into ADMINWKF.WOK_OCCURRENCES_DEMAND (NUM_OCCURRENCE,NUM_DEMAND,NUM_TYPE_ACTION,NUM_USER_GROUP,NUM_USER_GROUP_PREVIOUS,DAT_OCCURRENCE,DAT_NEXT_ACTION,DAT_UPDATE_ACTION,NAM_USER_MODIFY,DAT_LAST_MODIFY,DES_USER_OBSERVATION,DAT_ESTIMATED_BEGIN,DAT_ESTIMATED_END) values (1215,1011,10,56,54,to_date('20-MAY-15','DD-MON-RR'),null,null,'ALJALIL',to_date('20-MAY-15','DD-MON-RR'),null,null,null);
Insert into ADMINWKF.WOK_OCCURRENCES_DEMAND (NUM_OCCURRENCE,NUM_DEMAND,NUM_TYPE_ACTION,NUM_USER_GROUP,NUM_USER_GROUP_PREVIOUS,DAT_OCCURRENCE,DAT_NEXT_ACTION,DAT_UPDATE_ACTION,NAM_USER_MODIFY,DAT_LAST_MODIFY,DES_USER_OBSERVATION,DAT_ESTIMATED_BEGIN,DAT_ESTIMATED_END) values (1229,1011,13,54,56,to_date('21-MAY-15','DD-MON-RR'),null,null,'ALJOEL',to_date('21-MAY-15','DD-MON-RR'),null,null,null);
Insert into ADMINWKF.WOK_OCCURRENCES_DEMAND (NUM_OCCURRENCE,NUM_DEMAND,NUM_TYPE_ACTION,NUM_USER_GROUP,NUM_USER_GROUP_PREVIOUS,DAT_OCCURRENCE,DAT_NEXT_ACTION,DAT_UPDATE_ACTION,NAM_USER_MODIFY,DAT_LAST_MODIFY,DES_USER_OBSERVATION,DAT_ESTIMATED_BEGIN,DAT_ESTIMATED_END) values (1230,1011,14,54,54,to_date('21-MAY-15','DD-MON-RR'),null,null,'ALJALIL',to_date('21-MAY-15','DD-MON-RR'),null,null,null);
Insert into ADMINWKF.WOK_OCCURRENCES_DEMAND (NUM_OCCURRENCE,NUM_DEMAND,NUM_TYPE_ACTION,NUM_USER_GROUP,NUM_USER_GROUP_PREVIOUS,DAT_OCCURRENCE,DAT_NEXT_ACTION,DAT_UPDATE_ACTION,NAM_USER_MODIFY,DAT_LAST_MODIFY,DES_USER_OBSERVATION,DAT_ESTIMATED_BEGIN,DAT_ESTIMATED_END) values (1373,1107,14,54,54,to_date('02-JUN-15','DD-MON-RR'),null,null,'ALJALIL',to_date('02-JUN-15','DD-MON-RR'),null,null,null);
Insert into ADMINWKF.WOK_OCCURRENCES_DEMAND (NUM_OCCURRENCE,NUM_DEMAND,NUM_TYPE_ACTION,NUM_USER_GROUP,NUM_USER_GROUP_PREVIOUS,DAT_OCCURRENCE,DAT_NEXT_ACTION,DAT_UPDATE_ACTION,NAM_USER_MODIFY,DAT_LAST_MODIFY,DES_USER_OBSERVATION,DAT_ESTIMATED_BEGIN,DAT_ESTIMATED_END) values (1371,1107,13,54,56,to_date('02-JUN-15','DD-MON-RR'),null,null,'ALJOEL',to_date('02-JUN-15','DD-MON-RR'),null,null,null);
Insert into ADMINWKF.WOK_OCCURRENCES_DEMAND (NUM_OCCURRENCE,NUM_DEMAND,NUM_TYPE_ACTION,NUM_USER_GROUP,NUM_USER_GROUP_PREVIOUS,DAT_OCCURRENCE,DAT_NEXT_ACTION,DAT_UPDATE_ACTION,NAM_USER_MODIFY,DAT_LAST_MODIFY,DES_USER_OBSERVATION,DAT_ESTIMATED_BEGIN,DAT_ESTIMATED_END) values (1676,1189,11,57,56,to_date('05-JUL-15','DD-MON-RR'),null,null,'ALJOEL',to_date('05-JUL-15','DD-MON-RR'),null,null,null);
Insert into ADMINWKF.WOK_OCCURRENCES_DEMAND (NUM_OCCURRENCE,NUM_DEMAND,NUM_TYPE_ACTION,NUM_USER_GROUP,NUM_USER_GROUP_PREVIOUS,DAT_OCCURRENCE,DAT_NEXT_ACTION,DAT_UPDATE_ACTION,NAM_USER_MODIFY,DAT_LAST_MODIFY,DES_USER_OBSERVATION,DAT_ESTIMATED_BEGIN,DAT_ESTIMATED_END) values (1680,1128,11,57,56,to_date('05-JUL-15','DD-MON-RR'),null,null,'ALJOEL',to_date('05-JUL-15','DD-MON-RR'),null,null,null);
Insert into ADMINWKF.WOK_OCCURRENCES_DEMAND (NUM_OCCURRENCE,NUM_DEMAND,NUM_TYPE_ACTION,NUM_USER_GROUP,NUM_USER_GROUP_PREVIOUS,DAT_OCCURRENCE,DAT_NEXT_ACTION,DAT_UPDATE_ACTION,NAM_USER_MODIFY,DAT_LAST_MODIFY,DES_USER_OBSERVATION,DAT_ESTIMATED_BEGIN,DAT_ESTIMATED_END) values (1571,1306,9,54,54,to_date('23-JUN-15','DD-MON-RR'),null,null,'ALJALIL',to_date('23-JUN-15','DD-MON-RR'),null,null,null);
Insert into ADMINWKF.WOK_OCCURRENCES_DEMAND (NUM_OCCURRENCE,NUM_DEMAND,NUM_TYPE_ACTION,NUM_USER_GROUP,NUM_USER_GROUP_PREVIOUS,DAT_OCCURRENCE,DAT_NEXT_ACTION,DAT_UPDATE_ACTION,NAM_USER_MODIFY,DAT_LAST_MODIFY,DES_USER_OBSERVATION,DAT_ESTIMATED_BEGIN,DAT_ESTIMATED_END) values (1570,1305,9,49,49,to_date('23-JUN-15','DD-MON-RR'),null,null,'ALADEEL',to_date('23-JUN-15','DD-MON-RR'),null,null,null);
Insert into ADMINWKF.WOK_OCCURRENCES_DEMAND (NUM_OCCURRENCE,NUM_DEMAND,NUM_TYPE_ACTION,NUM_USER_GROUP,NUM_USER_GROUP_PREVIOUS,DAT_OCCURRENCE,DAT_NEXT_ACTION,DAT_UPDATE_ACTION,NAM_USER_MODIFY,DAT_LAST_MODIFY,DES_USER_OBSERVATION,DAT_ESTIMATED_BEGIN,DAT_ESTIMATED_END) values (1245,1021,9,54,54,to_date('21-MAY-15','DD-MON-RR'),null,null,'ALJALIL',to_date('21-MAY-15','DD-MON-RR'),null,null,null);
Insert into ADMINWKF.WOK_OCCURRENCES_DEMAND (NUM_OCCURRENCE,NUM_DEMAND,NUM_TYPE_ACTION,NUM_USER_GROUP,NUM_USER_GROUP_PREVIOUS,DAT_OCCURRENCE,DAT_NEXT_ACTION,DAT_UPDATE_ACTION,NAM_USER_MODIFY,DAT_LAST_MODIFY,DES_USER_OBSERVATION,DAT_ESTIMATED_BEGIN,DAT_ESTIMATED_END) values (1246,1021,10,56,54,to_date('21-MAY-15','DD-MON-RR'),null,null,'ALJALIL',to_date('21-MAY-15','DD-MON-RR'),null,null,null);
Insert into ADMINWKF.WOK_OCCURRENCES_DEMAND (NUM_OCCURRENCE,NUM_DEMAND,NUM_TYPE_ACTION,NUM_USER_GROUP,NUM_USER_GROUP_PREVIOUS,DAT_OCCURRENCE,DAT_NEXT_ACTION,DAT_UPDATE_ACTION,NAM_USER_MODIFY,DAT_LAST_MODIFY,DES_USER_OBSERVATION,DAT_ESTIMATED_BEGIN,DAT_ESTIMATED_END) values (1299,1021,11,62,64,to_date('24-MAY-15','DD-MON-RR'),null,null,'ALAYOUBI',to_date('24-MAY-15','DD-MON-RR'),null,null,null);
Insert into ADMINWKF.WOK_OCCURRENCES_DEMAND (NUM_OCCURRENCE,NUM_DEMAND,NUM_TYPE_ACTION,NUM_USER_GROUP,NUM_USER_GROUP_PREVIOUS,DAT_OCCURRENCE,DAT_NEXT_ACTION,DAT_UPDATE_ACTION,NAM_USER_MODIFY,DAT_LAST_MODIFY,DES_USER_OBSERVATION,DAT_ESTIMATED_BEGIN,DAT_ESTIMATED_END) values (1248,1021,11,64,56,to_date('21-MAY-15','DD-MON-RR'),null,null,'ALJOEL',to_date('21-MAY-15','DD-MON-RR'),null,null,null);
Insert into ADMINWKF.WOK_OCCURRENCES_DEMAND (NUM_OCCURRENCE,NUM_DEMAND,NUM_TYPE_ACTION,NUM_USER_GROUP,NUM_USER_GROUP_PREVIOUS,DAT_OCCURRENCE,DAT_NEXT_ACTION,DAT_UPDATE_ACTION,NAM_USER_MODIFY,DAT_LAST_MODIFY,DES_USER_OBSERVATION,DAT_ESTIMATED_BEGIN,DAT_ESTIMATED_END) values (1666,1366,14,54,54,to_date('01-JUL-15','DD-MON-RR'),null,null,'ALJALIL',to_date('01-JUL-15','DD-MON-RR'),null,null,null);
Insert into ADMINWKF.WOK_OCCURRENCES_DEMAND (NUM_OCCURRENCE,NUM_DEMAND,NUM_TYPE_ACTION,NUM_USER_GROUP,NUM_USER_GROUP_PREVIOUS,DAT_OCCURRENCE,DAT_NEXT_ACTION,DAT_UPDATE_ACTION,NAM_USER_MODIFY,DAT_LAST_MODIFY,DES_USER_OBSERVATION,DAT_ESTIMATED_BEGIN,DAT_ESTIMATED_END) values (1668,1368,13,54,51,to_date('01-JUL-15','DD-MON-RR'),null,null,'ALAQEEL',to_date('01-JUL-15','DD-MON-RR'),null,null,null);
Insert into ADMINWKF.WOK_OCCURRENCES_DEMAND (NUM_OCCURRENCE,NUM_DEMAND,NUM_TYPE_ACTION,NUM_USER_GROUP,NUM_USER_GROUP_PREVIOUS,DAT_OCCURRENCE,DAT_NEXT_ACTION,DAT_UPDATE_ACTION,NAM_USER_MODIFY,DAT_LAST_MODIFY,DES_USER_OBSERVATION,DAT_ESTIMATED_BEGIN,DAT_ESTIMATED_END) values (1669,1368,14,54,54,to_date('01-JUL-15','DD-MON-RR'),null,null,'ALJALIL',to_date('01-JUL-15','DD-MON-RR'),null,null,null);
Insert into ADMINWKF.WOK_OCCURRENCES_DEMAND (NUM_OCCURRENCE,NUM_DEMAND,NUM_TYPE_ACTION,NUM_USER_GROUP,NUM_USER_GROUP_PREVIOUS,DAT_OCCURRENCE,DAT_NEXT_ACTION,DAT_UPDATE_ACTION,NAM_USER_MODIFY,DAT_LAST_MODIFY,DES_USER_OBSERVATION,DAT_ESTIMATED_BEGIN,DAT_ESTIMATED_END) values (1518,1245,9,54,54,to_date('21-JUN-15','DD-MON-RR'),null,null,'ALJALIL',to_date('21-JUN-15','DD-MON-RR'),null,null,null);
Insert into ADMINWKF.WOK_OCCURRENCES_DEMAND (NUM_OCCURRENCE,NUM_DEMAND,NUM_TYPE_ACTION,NUM_USER_GROUP,NUM_USER_GROUP_PREVIOUS,DAT_OCCURRENCE,DAT_NEXT_ACTION,DAT_UPDATE_ACTION,NAM_USER_MODIFY,DAT_LAST_MODIFY,DES_USER_OBSERVATION,DAT_ESTIMATED_BEGIN,DAT_ESTIMATED_END) values (1519,1245,10,56,54,to_date('21-JUN-15','DD-MON-RR'),null,null,'ALJALIL',to_date('21-JUN-15','DD-MON-RR'),null,null,null);
Insert into ADMINWKF.WOK_OCCURRENCES_DEMAND (NUM_OCCURRENCE,NUM_DEMAND,NUM_TYPE_ACTION,NUM_USER_GROUP,NUM_USER_GROUP_PREVIOUS,DAT_OCCURRENCE,DAT_NEXT_ACTION,DAT_UPDATE_ACTION,NAM_USER_MODIFY,DAT_LAST_MODIFY,DES_USER_OBSERVATION,DAT_ESTIMATED_BEGIN,DAT_ESTIMATED_END) values (1576,1306,10,51,54,to_date('23-JUN-15','DD-MON-RR'),null,null,'ALJALIL',to_date('23-JUN-15','DD-MON-RR'),null,null,null);
Insert into ADMINWKF.WOK_OCCURRENCES_DEMAND (NUM_OCCURRENCE,NUM_DEMAND,NUM_TYPE_ACTION,NUM_USER_GROUP,NUM_USER_GROUP_PREVIOUS,DAT_OCCURRENCE,DAT_NEXT_ACTION,DAT_UPDATE_ACTION,NAM_USER_MODIFY,DAT_LAST_MODIFY,DES_USER_OBSERVATION,DAT_ESTIMATED_BEGIN,DAT_ESTIMATED_END) values (1577,1305,10,51,49,to_date('23-JUN-15','DD-MON-RR'),null,null,'ALADEEL',to_date('23-JUN-15','DD-MON-RR'),null,null,null);
Insert into ADMINWKF.WOK_OCCURRENCES_DEMAND (NUM_OCCURRENCE,NUM_DEMAND,NUM_TYPE_ACTION,NUM_USER_GROUP,NUM_USER_GROUP_PREVIOUS,DAT_OCCURRENCE,DAT_NEXT_ACTION,DAT_UPDATE_ACTION,NAM_USER_MODIFY,DAT_LAST_MODIFY,DES_USER_OBSERVATION,DAT_ESTIMATED_BEGIN,DAT_ESTIMATED_END) values (1598,1305,13,49,51,to_date('25-JUN-15','DD-MON-RR'),null,null,'ALAQEEL',to_date('25-JUN-15','DD-MON-RR'),null,null,null);
Insert into ADMINWKF.WOK_OCCURRENCES_DEMAND (NUM_OCCURRENCE,NUM_DEMAND,NUM_TYPE_ACTION,NUM_USER_GROUP,NUM_USER_GROUP_PREVIOUS,DAT_OCCURRENCE,DAT_NEXT_ACTION,DAT_UPDATE_ACTION,NAM_USER_MODIFY,DAT_LAST_MODIFY,DES_USER_OBSERVATION,DAT_ESTIMATED_BEGIN,DAT_ESTIMATED_END) values (1599,1305,14,49,49,to_date('25-JUN-15','DD-MON-RR'),null,null,'ALADEEL',to_date('25-JUN-15','DD-MON-RR'),null,null,null);
Insert into ADMINWKF.WOK_OCCURRENCES_DEMAND (NUM_OCCURRENCE,NUM_DEMAND,NUM_TYPE_ACTION,NUM_USER_GROUP,NUM_USER_GROUP_PREVIOUS,DAT_OCCURRENCE,DAT_NEXT_ACTION,DAT_UPDATE_ACTION,NAM_USER_MODIFY,DAT_LAST_MODIFY,DES_USER_OBSERVATION,DAT_ESTIMATED_BEGIN,DAT_ESTIMATED_END) values (1663,1368,10,51,54,to_date('01-JUL-15','DD-MON-RR'),null,null,'ALJALIL',to_date('01-JUL-15','DD-MON-RR'),null,null,null);
Insert into ADMINWKF.WOK_OCCURRENCES_DEMAND (NUM_OCCURRENCE,NUM_DEMAND,NUM_TYPE_ACTION,NUM_USER_GROUP,NUM_USER_GROUP_PREVIOUS,DAT_OCCURRENCE,DAT_NEXT_ACTION,DAT_UPDATE_ACTION,NAM_USER_MODIFY,DAT_LAST_MODIFY,DES_USER_OBSERVATION,DAT_ESTIMATED_BEGIN,DAT_ESTIMATED_END) values (1665,1366,13,54,58,to_date('01-JUL-15','DD-MON-RR'),null,null,'ALZAHER',to_date('01-JUL-15','DD-MON-RR'),null,null,null);
Insert into ADMINWKF.WOK_OCCURRENCES_DEMAND (NUM_OCCURRENCE,NUM_DEMAND,NUM_TYPE_ACTION,NUM_USER_GROUP,NUM_USER_GROUP_PREVIOUS,DAT_OCCURRENCE,DAT_NEXT_ACTION,DAT_UPDATE_ACTION,NAM_USER_MODIFY,DAT_LAST_MODIFY,DES_USER_OBSERVATION,DAT_ESTIMATED_BEGIN,DAT_ESTIMATED_END) values (1522,1245,14,54,54,to_date('21-JUN-15','DD-MON-RR'),null,null,'ALJALIL',to_date('21-JUN-15','DD-MON-RR'),null,null,null);
Insert into ADMINWKF.WOK_OCCURRENCES_DEMAND (NUM_OCCURRENCE,NUM_DEMAND,NUM_TYPE_ACTION,NUM_USER_GROUP,NUM_USER_GROUP_PREVIOUS,DAT_OCCURRENCE,DAT_NEXT_ACTION,DAT_UPDATE_ACTION,NAM_USER_MODIFY,DAT_LAST_MODIFY,DES_USER_OBSERVATION,DAT_ESTIMATED_BEGIN,DAT_ESTIMATED_END) values (1593,1306,13,54,51,to_date('24-JUN-15','DD-MON-RR'),null,null,'ALAQEEL',to_date('24-JUN-15','DD-MON-RR'),null,null,null);
Insert into ADMINWKF.WOK_OCCURRENCES_DEMAND (NUM_OCCURRENCE,NUM_DEMAND,NUM_TYPE_ACTION,NUM_USER_GROUP,NUM_USER_GROUP_PREVIOUS,DAT_OCCURRENCE,DAT_NEXT_ACTION,DAT_UPDATE_ACTION,NAM_USER_MODIFY,DAT_LAST_MODIFY,DES_USER_OBSERVATION,DAT_ESTIMATED_BEGIN,DAT_ESTIMATED_END) values (1510,1225,9,58,58,to_date('20-JUN-15','DD-MON-RR'),null,null,'ALZAHER',to_date('20-JUN-15','DD-MON-RR'),null,null,null);
Insert into ADMINWKF.WOK_OCCURRENCES_DEMAND (NUM_OCCURRENCE,NUM_DEMAND,NUM_TYPE_ACTION,NUM_USER_GROUP,NUM_USER_GROUP_PREVIOUS,DAT_OCCURRENCE,DAT_NEXT_ACTION,DAT_UPDATE_ACTION,NAM_USER_MODIFY,DAT_LAST_MODIFY,DES_USER_OBSERVATION,DAT_ESTIMATED_BEGIN,DAT_ESTIMATED_END) values (1513,1225,10,55,58,to_date('20-JUN-15','DD-MON-RR'),null,null,'ALZAHER',to_date('20-JUN-15','DD-MON-RR'),null,null,null);
Insert into ADMINWKF.WOK_OCCURRENCES_DEMAND (NUM_OCCURRENCE,NUM_DEMAND,NUM_TYPE_ACTION,NUM_USER_GROUP,NUM_USER_GROUP_PREVIOUS,DAT_OCCURRENCE,DAT_NEXT_ACTION,DAT_UPDATE_ACTION,NAM_USER_MODIFY,DAT_LAST_MODIFY,DES_USER_OBSERVATION,DAT_ESTIMATED_BEGIN,DAT_ESTIMATED_END) values (1456,1145,13,58,56,to_date('09-JUN-15','DD-MON-RR'),null,null,'ALJOEL',to_date('09-JUN-15','DD-MON-RR'),null,null,null);
Insert into ADMINWKF.WOK_OCCURRENCES_DEMAND (NUM_OCCURRENCE,NUM_DEMAND,NUM_TYPE_ACTION,NUM_USER_GROUP,NUM_USER_GROUP_PREVIOUS,DAT_OCCURRENCE,DAT_NEXT_ACTION,DAT_UPDATE_ACTION,NAM_USER_MODIFY,DAT_LAST_MODIFY,DES_USER_OBSERVATION,DAT_ESTIMATED_BEGIN,DAT_ESTIMATED_END) values (1459,1186,9,54,54,to_date('09-JUN-15','DD-MON-RR'),null,null,'ALJALIL',to_date('09-JUN-15','DD-MON-RR'),null,null,null);
Insert into ADMINWKF.WOK_OCCURRENCES_DEMAND (NUM_OCCURRENCE,NUM_DEMAND,NUM_TYPE_ACTION,NUM_USER_GROUP,NUM_USER_GROUP_PREVIOUS,DAT_OCCURRENCE,DAT_NEXT_ACTION,DAT_UPDATE_ACTION,NAM_USER_MODIFY,DAT_LAST_MODIFY,DES_USER_OBSERVATION,DAT_ESTIMATED_BEGIN,DAT_ESTIMATED_END) values (1460,1187,9,54,54,to_date('09-JUN-15','DD-MON-RR'),null,null,'ALJALIL',to_date('09-JUN-15','DD-MON-RR'),null,null,null);
Insert into ADMINWKF.WOK_OCCURRENCES_DEMAND (NUM_OCCURRENCE,NUM_DEMAND,NUM_TYPE_ACTION,NUM_USER_GROUP,NUM_USER_GROUP_PREVIOUS,DAT_OCCURRENCE,DAT_NEXT_ACTION,DAT_UPDATE_ACTION,NAM_USER_MODIFY,DAT_LAST_MODIFY,DES_USER_OBSERVATION,DAT_ESTIMATED_BEGIN,DAT_ESTIMATED_END) values (1353,1087,13,54,51,to_date('30-MAY-15','DD-MON-RR'),null,null,'ALAQEEL',to_date('30-MAY-15','DD-MON-RR'),null,null,null);
Insert into ADMINWKF.WOK_OCCURRENCES_DEMAND (NUM_OCCURRENCE,NUM_DEMAND,NUM_TYPE_ACTION,NUM_USER_GROUP,NUM_USER_GROUP_PREVIOUS,DAT_OCCURRENCE,DAT_NEXT_ACTION,DAT_UPDATE_ACTION,NAM_USER_MODIFY,DAT_LAST_MODIFY,DES_USER_OBSERVATION,DAT_ESTIMATED_BEGIN,DAT_ESTIMATED_END) values (1376,1006,11,62,60,to_date('02-JUN-15','DD-MON-RR'),null,null,'ALRON',to_date('02-JUN-15','DD-MON-RR'),null,null,null);
Insert into ADMINWKF.WOK_OCCURRENCES_DEMAND (NUM_OCCURRENCE,NUM_DEMAND,NUM_TYPE_ACTION,NUM_USER_GROUP,NUM_USER_GROUP_PREVIOUS,DAT_OCCURRENCE,DAT_NEXT_ACTION,DAT_UPDATE_ACTION,NAM_USER_MODIFY,DAT_LAST_MODIFY,DES_USER_OBSERVATION,DAT_ESTIMATED_BEGIN,DAT_ESTIMATED_END) values (1377,1006,10,62,60,to_date('02-JUN-15','DD-MON-RR'),null,null,'ALRON',to_date('02-JUN-15','DD-MON-RR'),null,null,null);
Insert into ADMINWKF.WOK_OCCURRENCES_DEMAND (NUM_OCCURRENCE,NUM_DEMAND,NUM_TYPE_ACTION,NUM_USER_GROUP,NUM_USER_GROUP_PREVIOUS,DAT_OCCURRENCE,DAT_NEXT_ACTION,DAT_UPDATE_ACTION,NAM_USER_MODIFY,DAT_LAST_MODIFY,DES_USER_OBSERVATION,DAT_ESTIMATED_BEGIN,DAT_ESTIMATED_END) values (1378,1007,11,61,63,to_date('02-JUN-15','DD-MON-RR'),null,null,'ALALDRIN',to_date('02-JUN-15','DD-MON-RR'),null,null,null);
Insert into ADMINWKF.WOK_OCCURRENCES_DEMAND (NUM_OCCURRENCE,NUM_DEMAND,NUM_TYPE_ACTION,NUM_USER_GROUP,NUM_USER_GROUP_PREVIOUS,DAT_OCCURRENCE,DAT_NEXT_ACTION,DAT_UPDATE_ACTION,NAM_USER_MODIFY,DAT_LAST_MODIFY,DES_USER_OBSERVATION,DAT_ESTIMATED_BEGIN,DAT_ESTIMATED_END) values (1379,1007,10,61,63,to_date('02-JUN-15','DD-MON-RR'),null,null,'ALALDRIN',to_date('02-JUN-15','DD-MON-RR'),null,null,null);
Insert into ADMINWKF.WOK_OCCURRENCES_DEMAND (NUM_OCCURRENCE,NUM_DEMAND,NUM_TYPE_ACTION,NUM_USER_GROUP,NUM_USER_GROUP_PREVIOUS,DAT_OCCURRENCE,DAT_NEXT_ACTION,DAT_UPDATE_ACTION,NAM_USER_MODIFY,DAT_LAST_MODIFY,DES_USER_OBSERVATION,DAT_ESTIMATED_BEGIN,DAT_ESTIMATED_END) values (1392,1129,9,54,54,to_date('03-JUN-15','DD-MON-RR'),null,null,'ALJALIL',to_date('03-JUN-15','DD-MON-RR'),null,null,null);
Insert into ADMINWKF.WOK_OCCURRENCES_DEMAND (NUM_OCCURRENCE,NUM_DEMAND,NUM_TYPE_ACTION,NUM_USER_GROUP,NUM_USER_GROUP_PREVIOUS,DAT_OCCURRENCE,DAT_NEXT_ACTION,DAT_UPDATE_ACTION,NAM_USER_MODIFY,DAT_LAST_MODIFY,DES_USER_OBSERVATION,DAT_ESTIMATED_BEGIN,DAT_ESTIMATED_END) values (1715,1005,13,54,62,to_date('09-JUL-15','DD-MON-RR'),null,null,'ALDINDO',to_date('09-JUL-15','DD-MON-RR'),null,null,null);
Insert into ADMINWKF.WOK_OCCURRENCES_DEMAND (NUM_OCCURRENCE,NUM_DEMAND,NUM_TYPE_ACTION,NUM_USER_GROUP,NUM_USER_GROUP_PREVIOUS,DAT_OCCURRENCE,DAT_NEXT_ACTION,DAT_UPDATE_ACTION,NAM_USER_MODIFY,DAT_LAST_MODIFY,DES_USER_OBSERVATION,DAT_ESTIMATED_BEGIN,DAT_ESTIMATED_END) values (1718,1005,14,54,54,to_date('09-JUL-15','DD-MON-RR'),null,null,'ALJALIL',to_date('09-JUL-15','DD-MON-RR'),null,null,null);
Insert into ADMINWKF.WOK_OCCURRENCES_DEMAND (NUM_OCCURRENCE,NUM_DEMAND,NUM_TYPE_ACTION,NUM_USER_GROUP,NUM_USER_GROUP_PREVIOUS,DAT_OCCURRENCE,DAT_NEXT_ACTION,DAT_UPDATE_ACTION,NAM_USER_MODIFY,DAT_LAST_MODIFY,DES_USER_OBSERVATION,DAT_ESTIMATED_BEGIN,DAT_ESTIMATED_END) values (1470,1188,9,54,54,to_date('10-JUN-15','DD-MON-RR'),null,null,'ALJALIL',to_date('10-JUN-15','DD-MON-RR'),null,null,null);
Insert into ADMINWKF.WOK_OCCURRENCES_DEMAND (NUM_OCCURRENCE,NUM_DEMAND,NUM_TYPE_ACTION,NUM_USER_GROUP,NUM_USER_GROUP_PREVIOUS,DAT_OCCURRENCE,DAT_NEXT_ACTION,DAT_UPDATE_ACTION,NAM_USER_MODIFY,DAT_LAST_MODIFY,DES_USER_OBSERVATION,DAT_ESTIMATED_BEGIN,DAT_ESTIMATED_END) values (1473,1188,10,54,54,to_date('10-JUN-15','DD-MON-RR'),null,null,'ALJALIL',to_date('10-JUN-15','DD-MON-RR'),null,null,null);
Insert into ADMINWKF.WOK_OCCURRENCES_DEMAND (NUM_OCCURRENCE,NUM_DEMAND,NUM_TYPE_ACTION,NUM_USER_GROUP,NUM_USER_GROUP_PREVIOUS,DAT_OCCURRENCE,DAT_NEXT_ACTION,DAT_UPDATE_ACTION,NAM_USER_MODIFY,DAT_LAST_MODIFY,DES_USER_OBSERVATION,DAT_ESTIMATED_BEGIN,DAT_ESTIMATED_END) values (1475,1188,13,54,54,to_date('10-JUN-15','DD-MON-RR'),null,null,'ALJALIL',to_date('10-JUN-15','DD-MON-RR'),null,null,null);
Insert into ADMINWKF.WOK_OCCURRENCES_DEMAND (NUM_OCCURRENCE,NUM_DEMAND,NUM_TYPE_ACTION,NUM_USER_GROUP,NUM_USER_GROUP_PREVIOUS,DAT_OCCURRENCE,DAT_NEXT_ACTION,DAT_UPDATE_ACTION,NAM_USER_MODIFY,DAT_LAST_MODIFY,DES_USER_OBSERVATION,DAT_ESTIMATED_BEGIN,DAT_ESTIMATED_END) values (1476,1188,14,54,54,to_date('10-JUN-15','DD-MON-RR'),null,null,'ALJALIL',to_date('10-JUN-15','DD-MON-RR'),null,null,null);
Insert into ADMINWKF.WOK_OCCURRENCES_DEMAND (NUM_OCCURRENCE,NUM_DEMAND,NUM_TYPE_ACTION,NUM_USER_GROUP,NUM_USER_GROUP_PREVIOUS,DAT_OCCURRENCE,DAT_NEXT_ACTION,DAT_UPDATE_ACTION,NAM_USER_MODIFY,DAT_LAST_MODIFY,DES_USER_OBSERVATION,DAT_ESTIMATED_BEGIN,DAT_ESTIMATED_END) values (1477,1185,10,56,54,to_date('10-JUN-15','DD-MON-RR'),null,null,'ALJALIL',to_date('10-JUN-15','DD-MON-RR'),null,null,null);
Insert into ADMINWKF.WOK_OCCURRENCES_DEMAND (NUM_OCCURRENCE,NUM_DEMAND,NUM_TYPE_ACTION,NUM_USER_GROUP,NUM_USER_GROUP_PREVIOUS,DAT_OCCURRENCE,DAT_NEXT_ACTION,DAT_UPDATE_ACTION,NAM_USER_MODIFY,DAT_LAST_MODIFY,DES_USER_OBSERVATION,DAT_ESTIMATED_BEGIN,DAT_ESTIMATED_END) values (1478,1186,10,56,54,to_date('10-JUN-15','DD-MON-RR'),null,null,'ALJALIL',to_date('10-JUN-15','DD-MON-RR'),null,null,null);
Insert into ADMINWKF.WOK_OCCURRENCES_DEMAND (NUM_OCCURRENCE,NUM_DEMAND,NUM_TYPE_ACTION,NUM_USER_GROUP,NUM_USER_GROUP_PREVIOUS,DAT_OCCURRENCE,DAT_NEXT_ACTION,DAT_UPDATE_ACTION,NAM_USER_MODIFY,DAT_LAST_MODIFY,DES_USER_OBSERVATION,DAT_ESTIMATED_BEGIN,DAT_ESTIMATED_END) values (1479,1187,10,56,54,to_date('10-JUN-15','DD-MON-RR'),null,null,'ALJALIL',to_date('10-JUN-15','DD-MON-RR'),null,null,null);
Insert into ADMINWKF.WOK_OCCURRENCES_DEMAND (NUM_OCCURRENCE,NUM_DEMAND,NUM_TYPE_ACTION,NUM_USER_GROUP,NUM_USER_GROUP_PREVIOUS,DAT_OCCURRENCE,DAT_NEXT_ACTION,DAT_UPDATE_ACTION,NAM_USER_MODIFY,DAT_LAST_MODIFY,DES_USER_OBSERVATION,DAT_ESTIMATED_BEGIN,DAT_ESTIMATED_END) values (1402,1129,10,54,54,to_date('04-JUN-15','DD-MON-RR'),null,null,'ALJALIL',to_date('04-JUN-15','DD-MON-RR'),null,null,null);
Insert into ADMINWKF.WOK_OCCURRENCES_DEMAND (NUM_OCCURRENCE,NUM_DEMAND,NUM_TYPE_ACTION,NUM_USER_GROUP,NUM_USER_GROUP_PREVIOUS,DAT_OCCURRENCE,DAT_NEXT_ACTION,DAT_UPDATE_ACTION,NAM_USER_MODIFY,DAT_LAST_MODIFY,DES_USER_OBSERVATION,DAT_ESTIMATED_BEGIN,DAT_ESTIMATED_END) values (1404,1129,13,54,54,to_date('04-JUN-15','DD-MON-RR'),null,null,'ALJALIL',to_date('04-JUN-15','DD-MON-RR'),null,null,null);
Insert into ADMINWKF.WOK_OCCURRENCES_DEMAND (NUM_OCCURRENCE,NUM_DEMAND,NUM_TYPE_ACTION,NUM_USER_GROUP,NUM_USER_GROUP_PREVIOUS,DAT_OCCURRENCE,DAT_NEXT_ACTION,DAT_UPDATE_ACTION,NAM_USER_MODIFY,DAT_LAST_MODIFY,DES_USER_OBSERVATION,DAT_ESTIMATED_BEGIN,DAT_ESTIMATED_END) values (1405,1129,14,54,54,to_date('04-JUN-15','DD-MON-RR'),null,null,'ALJALIL',to_date('04-JUN-15','DD-MON-RR'),null,null,null);
Insert into ADMINWKF.WOK_OCCURRENCES_DEMAND (NUM_OCCURRENCE,NUM_DEMAND,NUM_TYPE_ACTION,NUM_USER_GROUP,NUM_USER_GROUP_PREVIOUS,DAT_OCCURRENCE,DAT_NEXT_ACTION,DAT_UPDATE_ACTION,NAM_USER_MODIFY,DAT_LAST_MODIFY,DES_USER_OBSERVATION,DAT_ESTIMATED_BEGIN,DAT_ESTIMATED_END) values (1406,1106,14,54,54,to_date('04-JUN-15','DD-MON-RR'),null,null,'ALJALIL',to_date('04-JUN-15','DD-MON-RR'),null,null,null);
Insert into ADMINWKF.WOK_OCCURRENCES_DEMAND (NUM_OCCURRENCE,NUM_DEMAND,NUM_TYPE_ACTION,NUM_USER_GROUP,NUM_USER_GROUP_PREVIOUS,DAT_OCCURRENCE,DAT_NEXT_ACTION,DAT_UPDATE_ACTION,NAM_USER_MODIFY,DAT_LAST_MODIFY,DES_USER_OBSERVATION,DAT_ESTIMATED_BEGIN,DAT_ESTIMATED_END) values (1210,1005,9,54,54,to_date('20-MAY-15','DD-MON-RR'),null,null,'ALJALIL',to_date('20-MAY-15','DD-MON-RR'),null,null,null);
Insert into ADMINWKF.WOK_OCCURRENCES_DEMAND (NUM_OCCURRENCE,NUM_DEMAND,NUM_TYPE_ACTION,NUM_USER_GROUP,NUM_USER_GROUP_PREVIOUS,DAT_OCCURRENCE,DAT_NEXT_ACTION,DAT_UPDATE_ACTION,NAM_USER_MODIFY,DAT_LAST_MODIFY,DES_USER_OBSERVATION,DAT_ESTIMATED_BEGIN,DAT_ESTIMATED_END) values (1211,1006,9,54,54,to_date('20-MAY-15','DD-MON-RR'),null,null,'ALJALIL',to_date('20-MAY-15','DD-MON-RR'),null,null,null);
Insert into ADMINWKF.WOK_OCCURRENCES_DEMAND (NUM_OCCURRENCE,NUM_DEMAND,NUM_TYPE_ACTION,NUM_USER_GROUP,NUM_USER_GROUP_PREVIOUS,DAT_OCCURRENCE,DAT_NEXT_ACTION,DAT_UPDATE_ACTION,NAM_USER_MODIFY,DAT_LAST_MODIFY,DES_USER_OBSERVATION,DAT_ESTIMATED_BEGIN,DAT_ESTIMATED_END) values (1212,1007,9,54,54,to_date('20-MAY-15','DD-MON-RR'),null,null,'ALJALIL',to_date('20-MAY-15','DD-MON-RR'),null,null,null);
Insert into ADMINWKF.WOK_OCCURRENCES_DEMAND (NUM_OCCURRENCE,NUM_DEMAND,NUM_TYPE_ACTION,NUM_USER_GROUP,NUM_USER_GROUP_PREVIOUS,DAT_OCCURRENCE,DAT_NEXT_ACTION,DAT_UPDATE_ACTION,NAM_USER_MODIFY,DAT_LAST_MODIFY,DES_USER_OBSERVATION,DAT_ESTIMATED_BEGIN,DAT_ESTIMATED_END) values (1216,1005,10,64,54,to_date('20-MAY-15','DD-MON-RR'),null,null,'ALJALIL',to_date('20-MAY-15','DD-MON-RR'),null,null,null);
Insert into ADMINWKF.WOK_OCCURRENCES_DEMAND (NUM_OCCURRENCE,NUM_DEMAND,NUM_TYPE_ACTION,NUM_USER_GROUP,NUM_USER_GROUP_PREVIOUS,DAT_OCCURRENCE,DAT_NEXT_ACTION,DAT_UPDATE_ACTION,NAM_USER_MODIFY,DAT_LAST_MODIFY,DES_USER_OBSERVATION,DAT_ESTIMATED_BEGIN,DAT_ESTIMATED_END) values (1217,1006,10,60,54,to_date('20-MAY-15','DD-MON-RR'),null,null,'ALJALIL',to_date('20-MAY-15','DD-MON-RR'),null,null,null);
Insert into ADMINWKF.WOK_OCCURRENCES_DEMAND (NUM_OCCURRENCE,NUM_DEMAND,NUM_TYPE_ACTION,NUM_USER_GROUP,NUM_USER_GROUP_PREVIOUS,DAT_OCCURRENCE,DAT_NEXT_ACTION,DAT_UPDATE_ACTION,NAM_USER_MODIFY,DAT_LAST_MODIFY,DES_USER_OBSERVATION,DAT_ESTIMATED_BEGIN,DAT_ESTIMATED_END) values (1218,1007,10,63,54,to_date('20-MAY-15','DD-MON-RR'),null,null,'ALJALIL',to_date('20-MAY-15','DD-MON-RR'),null,null,null);
Insert into ADMINWKF.WOK_OCCURRENCES_DEMAND (NUM_OCCURRENCE,NUM_DEMAND,NUM_TYPE_ACTION,NUM_USER_GROUP,NUM_USER_GROUP_PREVIOUS,DAT_OCCURRENCE,DAT_NEXT_ACTION,DAT_UPDATE_ACTION,NAM_USER_MODIFY,DAT_LAST_MODIFY,DES_USER_OBSERVATION,DAT_ESTIMATED_BEGIN,DAT_ESTIMATED_END) values (1374,1045,14,54,54,to_date('02-JUN-15','DD-MON-RR'),null,null,'ALJALIL',to_date('02-JUN-15','DD-MON-RR'),null,null,null);
Insert into ADMINWKF.WOK_OCCURRENCES_DEMAND (NUM_OCCURRENCE,NUM_DEMAND,NUM_TYPE_ACTION,NUM_USER_GROUP,NUM_USER_GROUP_PREVIOUS,DAT_OCCURRENCE,DAT_NEXT_ACTION,DAT_UPDATE_ACTION,NAM_USER_MODIFY,DAT_LAST_MODIFY,DES_USER_OBSERVATION,DAT_ESTIMATED_BEGIN,DAT_ESTIMATED_END) values (1372,1045,13,54,56,to_date('02-JUN-15','DD-MON-RR'),null,null,'ALJOEL',to_date('02-JUN-15','DD-MON-RR'),null,null,null);
Insert into ADMINWKF.WOK_OCCURRENCES_DEMAND (NUM_OCCURRENCE,NUM_DEMAND,NUM_TYPE_ACTION,NUM_USER_GROUP,NUM_USER_GROUP_PREVIOUS,DAT_OCCURRENCE,DAT_NEXT_ACTION,DAT_UPDATE_ACTION,NAM_USER_MODIFY,DAT_LAST_MODIFY,DES_USER_OBSERVATION,DAT_ESTIMATED_BEGIN,DAT_ESTIMATED_END) values (1394,1106,13,54,51,to_date('03-JUN-15','DD-MON-RR'),null,null,'ALAQEEL',to_date('03-JUN-15','DD-MON-RR'),null,null,null);
Insert into ADMINWKF.WOK_OCCURRENCES_DEMAND (NUM_OCCURRENCE,NUM_DEMAND,NUM_TYPE_ACTION,NUM_USER_GROUP,NUM_USER_GROUP_PREVIOUS,DAT_OCCURRENCE,DAT_NEXT_ACTION,DAT_UPDATE_ACTION,NAM_USER_MODIFY,DAT_LAST_MODIFY,DES_USER_OBSERVATION,DAT_ESTIMATED_BEGIN,DAT_ESTIMATED_END) values (1458,1185,9,54,54,to_date('09-JUN-15','DD-MON-RR'),null,null,'ALJALIL',to_date('09-JUN-15','DD-MON-RR'),null,null,null);
Insert into ADMINWKF.WOK_OCCURRENCES_DEMAND (NUM_OCCURRENCE,NUM_DEMAND,NUM_TYPE_ACTION,NUM_USER_GROUP,NUM_USER_GROUP_PREVIOUS,DAT_OCCURRENCE,DAT_NEXT_ACTION,DAT_UPDATE_ACTION,NAM_USER_MODIFY,DAT_LAST_MODIFY,DES_USER_OBSERVATION,DAT_ESTIMATED_BEGIN,DAT_ESTIMATED_END) values (1674,1185,11,57,56,to_date('05-JUL-15','DD-MON-RR'),null,null,'ALJOEL',to_date('05-JUL-15','DD-MON-RR'),null,null,null);
Insert into ADMINWKF.WOK_OCCURRENCES_DEMAND (NUM_OCCURRENCE,NUM_DEMAND,NUM_TYPE_ACTION,NUM_USER_GROUP,NUM_USER_GROUP_PREVIOUS,DAT_OCCURRENCE,DAT_NEXT_ACTION,DAT_UPDATE_ACTION,NAM_USER_MODIFY,DAT_LAST_MODIFY,DES_USER_OBSERVATION,DAT_ESTIMATED_BEGIN,DAT_ESTIMATED_END) values (1675,1185,10,57,56,to_date('05-JUL-15','DD-MON-RR'),null,null,'ALJOEL',to_date('05-JUL-15','DD-MON-RR'),null,null,null);
Insert into ADMINWKF.WOK_OCCURRENCES_DEMAND (NUM_OCCURRENCE,NUM_DEMAND,NUM_TYPE_ACTION,NUM_USER_GROUP,NUM_USER_GROUP_PREVIOUS,DAT_OCCURRENCE,DAT_NEXT_ACTION,DAT_UPDATE_ACTION,NAM_USER_MODIFY,DAT_LAST_MODIFY,DES_USER_OBSERVATION,DAT_ESTIMATED_BEGIN,DAT_ESTIMATED_END) values (1678,1187,11,57,56,to_date('05-JUL-15','DD-MON-RR'),null,null,'ALJOEL',to_date('05-JUL-15','DD-MON-RR'),null,null,null);
Insert into ADMINWKF.WOK_OCCURRENCES_DEMAND (NUM_OCCURRENCE,NUM_DEMAND,NUM_TYPE_ACTION,NUM_USER_GROUP,NUM_USER_GROUP_PREVIOUS,DAT_OCCURRENCE,DAT_NEXT_ACTION,DAT_UPDATE_ACTION,NAM_USER_MODIFY,DAT_LAST_MODIFY,DES_USER_OBSERVATION,DAT_ESTIMATED_BEGIN,DAT_ESTIMATED_END) values (1531,1186,14,54,54,to_date('21-JUN-15','DD-MON-RR'),null,null,'ALJALIL',to_date('21-JUN-15','DD-MON-RR'),null,null,null);
Insert into ADMINWKF.WOK_OCCURRENCES_DEMAND (NUM_OCCURRENCE,NUM_DEMAND,NUM_TYPE_ACTION,NUM_USER_GROUP,NUM_USER_GROUP_PREVIOUS,DAT_OCCURRENCE,DAT_NEXT_ACTION,DAT_UPDATE_ACTION,NAM_USER_MODIFY,DAT_LAST_MODIFY,DES_USER_OBSERVATION,DAT_ESTIMATED_BEGIN,DAT_ESTIMATED_END) values (1332,1087,9,54,54,to_date('28-MAY-15','DD-MON-RR'),null,null,'ALJALIL',to_date('28-MAY-15','DD-MON-RR'),null,null,null);
Insert into ADMINWKF.WOK_OCCURRENCES_DEMAND (NUM_OCCURRENCE,NUM_DEMAND,NUM_TYPE_ACTION,NUM_USER_GROUP,NUM_USER_GROUP_PREVIOUS,DAT_OCCURRENCE,DAT_NEXT_ACTION,DAT_UPDATE_ACTION,NAM_USER_MODIFY,DAT_LAST_MODIFY,DES_USER_OBSERVATION,DAT_ESTIMATED_BEGIN,DAT_ESTIMATED_END) values (1333,1087,10,51,54,to_date('28-MAY-15','DD-MON-RR'),null,null,'ALJALIL',to_date('28-MAY-15','DD-MON-RR'),'PLEASE CONSIDER TO RECOVER THIS ISSUE AS SOON AS POSIBLE',null,null);
Insert into ADMINWKF.WOK_OCCURRENCES_DEMAND (NUM_OCCURRENCE,NUM_DEMAND,NUM_TYPE_ACTION,NUM_USER_GROUP,NUM_USER_GROUP_PREVIOUS,DAT_OCCURRENCE,DAT_NEXT_ACTION,DAT_UPDATE_ACTION,NAM_USER_MODIFY,DAT_LAST_MODIFY,DES_USER_OBSERVATION,DAT_ESTIMATED_BEGIN,DAT_ESTIMATED_END) values (1290,1045,9,54,54,to_date('24-MAY-15','DD-MON-RR'),null,null,'ALJALIL',to_date('24-MAY-15','DD-MON-RR'),null,null,null);
Insert into ADMINWKF.WOK_OCCURRENCES_DEMAND (NUM_OCCURRENCE,NUM_DEMAND,NUM_TYPE_ACTION,NUM_USER_GROUP,NUM_USER_GROUP_PREVIOUS,DAT_OCCURRENCE,DAT_NEXT_ACTION,DAT_UPDATE_ACTION,NAM_USER_MODIFY,DAT_LAST_MODIFY,DES_USER_OBSERVATION,DAT_ESTIMATED_BEGIN,DAT_ESTIMATED_END) values (1301,1005,11,62,64,to_date('24-MAY-15','DD-MON-RR'),null,null,'ALAYOUBI',to_date('24-MAY-15','DD-MON-RR'),null,null,null);
Insert into ADMINWKF.WOK_OCCURRENCES_DEMAND (NUM_OCCURRENCE,NUM_DEMAND,NUM_TYPE_ACTION,NUM_USER_GROUP,NUM_USER_GROUP_PREVIOUS,DAT_OCCURRENCE,DAT_NEXT_ACTION,DAT_UPDATE_ACTION,NAM_USER_MODIFY,DAT_LAST_MODIFY,DES_USER_OBSERVATION,DAT_ESTIMATED_BEGIN,DAT_ESTIMATED_END) values (1354,1106,9,54,54,to_date('31-MAY-15','DD-MON-RR'),null,null,'ALJALIL',to_date('31-MAY-15','DD-MON-RR'),null,null,null);
Insert into ADMINWKF.WOK_OCCURRENCES_DEMAND (NUM_OCCURRENCE,NUM_DEMAND,NUM_TYPE_ACTION,NUM_USER_GROUP,NUM_USER_GROUP_PREVIOUS,DAT_OCCURRENCE,DAT_NEXT_ACTION,DAT_UPDATE_ACTION,NAM_USER_MODIFY,DAT_LAST_MODIFY,DES_USER_OBSERVATION,DAT_ESTIMATED_BEGIN,DAT_ESTIMATED_END) values (1355,1106,10,51,54,to_date('31-MAY-15','DD-MON-RR'),null,null,'ALJALIL',to_date('31-MAY-15','DD-MON-RR'),'Please consider to solve this issue as soon as possible, Thanks',null,null);
Insert into ADMINWKF.WOK_OCCURRENCES_DEMAND (NUM_OCCURRENCE,NUM_DEMAND,NUM_TYPE_ACTION,NUM_USER_GROUP,NUM_USER_GROUP_PREVIOUS,DAT_OCCURRENCE,DAT_NEXT_ACTION,DAT_UPDATE_ACTION,NAM_USER_MODIFY,DAT_LAST_MODIFY,DES_USER_OBSERVATION,DAT_ESTIMATED_BEGIN,DAT_ESTIMATED_END) values (1356,1087,14,54,54,to_date('31-MAY-15','DD-MON-RR'),null,null,'ALJALIL',to_date('31-MAY-15','DD-MON-RR'),null,null,null);
Insert into ADMINWKF.WOK_OCCURRENCES_DEMAND (NUM_OCCURRENCE,NUM_DEMAND,NUM_TYPE_ACTION,NUM_USER_GROUP,NUM_USER_GROUP_PREVIOUS,DAT_OCCURRENCE,DAT_NEXT_ACTION,DAT_UPDATE_ACTION,NAM_USER_MODIFY,DAT_LAST_MODIFY,DES_USER_OBSERVATION,DAT_ESTIMATED_BEGIN,DAT_ESTIMATED_END) values (1291,1045,10,56,54,to_date('24-MAY-15','DD-MON-RR'),null,null,'ALJALIL',to_date('24-MAY-15','DD-MON-RR'),null,null,null);
Insert into ADMINWKF.WOK_OCCURRENCES_DEMAND (NUM_OCCURRENCE,NUM_DEMAND,NUM_TYPE_ACTION,NUM_USER_GROUP,NUM_USER_GROUP_PREVIOUS,DAT_OCCURRENCE,DAT_NEXT_ACTION,DAT_UPDATE_ACTION,NAM_USER_MODIFY,DAT_LAST_MODIFY,DES_USER_OBSERVATION,DAT_ESTIMATED_BEGIN,DAT_ESTIMATED_END) values (1516,1186,13,54,56,to_date('20-JUN-15','DD-MON-RR'),null,null,'ALJOEL',to_date('20-JUN-15','DD-MON-RR'),null,null,null);
Insert into ADMINWKF.WOK_OCCURRENCES_DEMAND (NUM_OCCURRENCE,NUM_DEMAND,NUM_TYPE_ACTION,NUM_USER_GROUP,NUM_USER_GROUP_PREVIOUS,DAT_OCCURRENCE,DAT_NEXT_ACTION,DAT_UPDATE_ACTION,NAM_USER_MODIFY,DAT_LAST_MODIFY,DES_USER_OBSERVATION,DAT_ESTIMATED_BEGIN,DAT_ESTIMATED_END) values (1350,1105,9,58,58,to_date('30-MAY-15','DD-MON-RR'),null,null,'ALZAHER',to_date('30-MAY-15','DD-MON-RR'),null,null,null);
Insert into ADMINWKF.WOK_OCCURRENCES_DEMAND (NUM_OCCURRENCE,NUM_DEMAND,NUM_TYPE_ACTION,NUM_USER_GROUP,NUM_USER_GROUP_PREVIOUS,DAT_OCCURRENCE,DAT_NEXT_ACTION,DAT_UPDATE_ACTION,NAM_USER_MODIFY,DAT_LAST_MODIFY,DES_USER_OBSERVATION,DAT_ESTIMATED_BEGIN,DAT_ESTIMATED_END) values (1351,1105,10,56,58,to_date('30-MAY-15','DD-MON-RR'),null,null,'ALZAHER',to_date('30-MAY-15','DD-MON-RR'),null,null,null);
Insert into ADMINWKF.WOK_OCCURRENCES_DEMAND (NUM_OCCURRENCE,NUM_DEMAND,NUM_TYPE_ACTION,NUM_USER_GROUP,NUM_USER_GROUP_PREVIOUS,DAT_OCCURRENCE,DAT_NEXT_ACTION,DAT_UPDATE_ACTION,NAM_USER_MODIFY,DAT_LAST_MODIFY,DES_USER_OBSERVATION,DAT_ESTIMATED_BEGIN,DAT_ESTIMATED_END) values (1410,1145,9,58,58,to_date('06-JUN-15','DD-MON-RR'),null,null,'ALZAHER',to_date('06-JUN-15','DD-MON-RR'),null,null,null);
Insert into ADMINWKF.WOK_OCCURRENCES_DEMAND (NUM_OCCURRENCE,NUM_DEMAND,NUM_TYPE_ACTION,NUM_USER_GROUP,NUM_USER_GROUP_PREVIOUS,DAT_OCCURRENCE,DAT_NEXT_ACTION,DAT_UPDATE_ACTION,NAM_USER_MODIFY,DAT_LAST_MODIFY,DES_USER_OBSERVATION,DAT_ESTIMATED_BEGIN,DAT_ESTIMATED_END) values (1411,1145,10,56,58,to_date('06-JUN-15','DD-MON-RR'),null,null,'ALZAHER',to_date('06-JUN-15','DD-MON-RR'),null,null,null);
Insert into ADMINWKF.WOK_OCCURRENCES_DEMAND (NUM_OCCURRENCE,NUM_DEMAND,NUM_TYPE_ACTION,NUM_USER_GROUP,NUM_USER_GROUP_PREVIOUS,DAT_OCCURRENCE,DAT_NEXT_ACTION,DAT_UPDATE_ACTION,NAM_USER_MODIFY,DAT_LAST_MODIFY,DES_USER_OBSERVATION,DAT_ESTIMATED_BEGIN,DAT_ESTIMATED_END) values (1670,1105,13,58,56,to_date('05-JUL-15','DD-MON-RR'),null,null,'ALJOEL',to_date('05-JUL-15','DD-MON-RR'),null,null,null);
Insert into ADMINWKF.WOK_OCCURRENCES_DEMAND (NUM_OCCURRENCE,NUM_DEMAND,NUM_TYPE_ACTION,NUM_USER_GROUP,NUM_USER_GROUP_PREVIOUS,DAT_OCCURRENCE,DAT_NEXT_ACTION,DAT_UPDATE_ACTION,NAM_USER_MODIFY,DAT_LAST_MODIFY,DES_USER_OBSERVATION,DAT_ESTIMATED_BEGIN,DAT_ESTIMATED_END) values (1671,1105,14,58,58,to_date('05-JUL-15','DD-MON-RR'),null,null,'ALZAHER',to_date('05-JUL-15','DD-MON-RR'),null,null,null);
Insert into ADMINWKF.WOK_OCCURRENCES_DEMAND (NUM_OCCURRENCE,NUM_DEMAND,NUM_TYPE_ACTION,NUM_USER_GROUP,NUM_USER_GROUP_PREVIOUS,DAT_OCCURRENCE,DAT_NEXT_ACTION,DAT_UPDATE_ACTION,NAM_USER_MODIFY,DAT_LAST_MODIFY,DES_USER_OBSERVATION,DAT_ESTIMATED_BEGIN,DAT_ESTIMATED_END) values (1710,1385,9,58,58,to_date('07-JUL-15','DD-MON-RR'),null,null,'ALZAHER',to_date('07-JUL-15','DD-MON-RR'),null,null,null);
Insert into ADMINWKF.WOK_OCCURRENCES_DEMAND (NUM_OCCURRENCE,NUM_DEMAND,NUM_TYPE_ACTION,NUM_USER_GROUP,NUM_USER_GROUP_PREVIOUS,DAT_OCCURRENCE,DAT_NEXT_ACTION,DAT_UPDATE_ACTION,NAM_USER_MODIFY,DAT_LAST_MODIFY,DES_USER_OBSERVATION,DAT_ESTIMATED_BEGIN,DAT_ESTIMATED_END) values (1711,1387,9,58,58,to_date('07-JUL-15','DD-MON-RR'),null,null,'ALZAHER',to_date('07-JUL-15','DD-MON-RR'),null,null,null);
Insert into ADMINWKF.WOK_OCCURRENCES_DEMAND (NUM_OCCURRENCE,NUM_DEMAND,NUM_TYPE_ACTION,NUM_USER_GROUP,NUM_USER_GROUP_PREVIOUS,DAT_OCCURRENCE,DAT_NEXT_ACTION,DAT_UPDATE_ACTION,NAM_USER_MODIFY,DAT_LAST_MODIFY,DES_USER_OBSERVATION,DAT_ESTIMATED_BEGIN,DAT_ESTIMATED_END) values (1712,1388,9,58,58,to_date('07-JUL-15','DD-MON-RR'),null,null,'ALZAHER',to_date('07-JUL-15','DD-MON-RR'),null,null,null);
Insert into ADMINWKF.WOK_OCCURRENCES_DEMAND (NUM_OCCURRENCE,NUM_DEMAND,NUM_TYPE_ACTION,NUM_USER_GROUP,NUM_USER_GROUP_PREVIOUS,DAT_OCCURRENCE,DAT_NEXT_ACTION,DAT_UPDATE_ACTION,NAM_USER_MODIFY,DAT_LAST_MODIFY,DES_USER_OBSERVATION,DAT_ESTIMATED_BEGIN,DAT_ESTIMATED_END) values (1713,1390,9,58,58,to_date('08-JUL-15','DD-MON-RR'),null,null,'ALZAHER',to_date('08-JUL-15','DD-MON-RR'),null,null,null);
Insert into ADMINWKF.WOK_OCCURRENCES_DEMAND (NUM_OCCURRENCE,NUM_DEMAND,NUM_TYPE_ACTION,NUM_USER_GROUP,NUM_USER_GROUP_PREVIOUS,DAT_OCCURRENCE,DAT_NEXT_ACTION,DAT_UPDATE_ACTION,NAM_USER_MODIFY,DAT_LAST_MODIFY,DES_USER_OBSERVATION,DAT_ESTIMATED_BEGIN,DAT_ESTIMATED_END) values (1714,1390,10,57,58,to_date('08-JUL-15','DD-MON-RR'),null,null,'ALZAHER',to_date('08-JUL-15','DD-MON-RR'),null,null,null);
Insert into ADMINWKF.WOK_OCCURRENCES_DEMAND (NUM_OCCURRENCE,NUM_DEMAND,NUM_TYPE_ACTION,NUM_USER_GROUP,NUM_USER_GROUP_PREVIOUS,DAT_OCCURRENCE,DAT_NEXT_ACTION,DAT_UPDATE_ACTION,NAM_USER_MODIFY,DAT_LAST_MODIFY,DES_USER_OBSERVATION,DAT_ESTIMATED_BEGIN,DAT_ESTIMATED_END) values (1732,1390,13,58,57,to_date('11-JUL-15','DD-MON-RR'),null,null,'ALREXIE',to_date('11-JUL-15','DD-MON-RR'),null,null,null);
Insert into ADMINWKF.WOK_OCCURRENCES_DEMAND (NUM_OCCURRENCE,NUM_DEMAND,NUM_TYPE_ACTION,NUM_USER_GROUP,NUM_USER_GROUP_PREVIOUS,DAT_OCCURRENCE,DAT_NEXT_ACTION,DAT_UPDATE_ACTION,NAM_USER_MODIFY,DAT_LAST_MODIFY,DES_USER_OBSERVATION,DAT_ESTIMATED_BEGIN,DAT_ESTIMATED_END) values (1733,1390,14,58,58,to_date('11-JUL-15','DD-MON-RR'),null,null,'ALZAHER',to_date('11-JUL-15','DD-MON-RR'),null,null,null);
Insert into ADMINWKF.WOK_OCCURRENCES_DEMAND (NUM_OCCURRENCE,NUM_DEMAND,NUM_TYPE_ACTION,NUM_USER_GROUP,NUM_USER_GROUP_PREVIOUS,DAT_OCCURRENCE,DAT_NEXT_ACTION,DAT_UPDATE_ACTION,NAM_USER_MODIFY,DAT_LAST_MODIFY,DES_USER_OBSERVATION,DAT_ESTIMATED_BEGIN,DAT_ESTIMATED_END) values (1734,1405,10,51,58,to_date('11-JUL-15','DD-MON-RR'),null,null,'ALZAHER',to_date('11-JUL-15','DD-MON-RR'),null,null,null);
Insert into ADMINWKF.WOK_OCCURRENCES_DEMAND (NUM_OCCURRENCE,NUM_DEMAND,NUM_TYPE_ACTION,NUM_USER_GROUP,NUM_USER_GROUP_PREVIOUS,DAT_OCCURRENCE,DAT_NEXT_ACTION,DAT_UPDATE_ACTION,NAM_USER_MODIFY,DAT_LAST_MODIFY,DES_USER_OBSERVATION,DAT_ESTIMATED_BEGIN,DAT_ESTIMATED_END) values (1730,1405,9,58,58,to_date('11-JUL-15','DD-MON-RR'),null,null,'ALZAHER',to_date('11-JUL-15','DD-MON-RR'),null,null,null);
Insert into ADMINWKF.WOK_OCCURRENCES_DEMAND (NUM_OCCURRENCE,NUM_DEMAND,NUM_TYPE_ACTION,NUM_USER_GROUP,NUM_USER_GROUP_PREVIOUS,DAT_OCCURRENCE,DAT_NEXT_ACTION,DAT_UPDATE_ACTION,NAM_USER_MODIFY,DAT_LAST_MODIFY,DES_USER_OBSERVATION,DAT_ESTIMATED_BEGIN,DAT_ESTIMATED_END) values (1492,1205,10,56,58,to_date('15-JUN-15','DD-MON-RR'),null,null,'ALZAHER',to_date('15-JUN-15','DD-MON-RR'),null,null,null);
Insert into ADMINWKF.WOK_OCCURRENCES_DEMAND (NUM_OCCURRENCE,NUM_DEMAND,NUM_TYPE_ACTION,NUM_USER_GROUP,NUM_USER_GROUP_PREVIOUS,DAT_OCCURRENCE,DAT_NEXT_ACTION,DAT_UPDATE_ACTION,NAM_USER_MODIFY,DAT_LAST_MODIFY,DES_USER_OBSERVATION,DAT_ESTIMATED_BEGIN,DAT_ESTIMATED_END) values (1491,1205,9,58,58,to_date('15-JUN-15','DD-MON-RR'),null,null,'ALZAHER',to_date('15-JUN-15','DD-MON-RR'),null,null,null);
Insert into ADMINWKF.WOK_OCCURRENCES_DEMAND (NUM_OCCURRENCE,NUM_DEMAND,NUM_TYPE_ACTION,NUM_USER_GROUP,NUM_USER_GROUP_PREVIOUS,DAT_OCCURRENCE,DAT_NEXT_ACTION,DAT_UPDATE_ACTION,NAM_USER_MODIFY,DAT_LAST_MODIFY,DES_USER_OBSERVATION,DAT_ESTIMATED_BEGIN,DAT_ESTIMATED_END) values (1220,1014,10,56,58,to_date('21-MAY-15','DD-MON-RR'),null,null,'ALZAHER',to_date('21-MAY-15','DD-MON-RR'),null,null,null);
Insert into ADMINWKF.WOK_OCCURRENCES_DEMAND (NUM_OCCURRENCE,NUM_DEMAND,NUM_TYPE_ACTION,NUM_USER_GROUP,NUM_USER_GROUP_PREVIOUS,DAT_OCCURRENCE,DAT_NEXT_ACTION,DAT_UPDATE_ACTION,NAM_USER_MODIFY,DAT_LAST_MODIFY,DES_USER_OBSERVATION,DAT_ESTIMATED_BEGIN,DAT_ESTIMATED_END) values (1219,1014,9,58,58,to_date('21-MAY-15','DD-MON-RR'),null,null,'ALZAHER',to_date('21-MAY-15','DD-MON-RR'),null,null,null);
Insert into ADMINWKF.WOK_OCCURRENCES_DEMAND (NUM_OCCURRENCE,NUM_DEMAND,NUM_TYPE_ACTION,NUM_USER_GROUP,NUM_USER_GROUP_PREVIOUS,DAT_OCCURRENCE,DAT_NEXT_ACTION,DAT_UPDATE_ACTION,NAM_USER_MODIFY,DAT_LAST_MODIFY,DES_USER_OBSERVATION,DAT_ESTIMATED_BEGIN,DAT_ESTIMATED_END) values (1221,1015,9,58,58,to_date('21-MAY-15','DD-MON-RR'),null,null,'ALZAHER',to_date('21-MAY-15','DD-MON-RR'),null,null,null);
Insert into ADMINWKF.WOK_OCCURRENCES_DEMAND (NUM_OCCURRENCE,NUM_DEMAND,NUM_TYPE_ACTION,NUM_USER_GROUP,NUM_USER_GROUP_PREVIOUS,DAT_OCCURRENCE,DAT_NEXT_ACTION,DAT_UPDATE_ACTION,NAM_USER_MODIFY,DAT_LAST_MODIFY,DES_USER_OBSERVATION,DAT_ESTIMATED_BEGIN,DAT_ESTIMATED_END) values (1222,1015,10,56,58,to_date('21-MAY-15','DD-MON-RR'),null,null,'ALZAHER',to_date('21-MAY-15','DD-MON-RR'),null,null,null);
Insert into ADMINWKF.WOK_OCCURRENCES_DEMAND (NUM_OCCURRENCE,NUM_DEMAND,NUM_TYPE_ACTION,NUM_USER_GROUP,NUM_USER_GROUP_PREVIOUS,DAT_OCCURRENCE,DAT_NEXT_ACTION,DAT_UPDATE_ACTION,NAM_USER_MODIFY,DAT_LAST_MODIFY,DES_USER_OBSERVATION,DAT_ESTIMATED_BEGIN,DAT_ESTIMATED_END) values (1223,1016,9,58,58,to_date('21-MAY-15','DD-MON-RR'),null,null,'ALZAHER',to_date('21-MAY-15','DD-MON-RR'),null,null,null);
Insert into ADMINWKF.WOK_OCCURRENCES_DEMAND (NUM_OCCURRENCE,NUM_DEMAND,NUM_TYPE_ACTION,NUM_USER_GROUP,NUM_USER_GROUP_PREVIOUS,DAT_OCCURRENCE,DAT_NEXT_ACTION,DAT_UPDATE_ACTION,NAM_USER_MODIFY,DAT_LAST_MODIFY,DES_USER_OBSERVATION,DAT_ESTIMATED_BEGIN,DAT_ESTIMATED_END) values (1224,1016,10,56,58,to_date('21-MAY-15','DD-MON-RR'),null,null,'ALZAHER',to_date('21-MAY-15','DD-MON-RR'),null,null,null);
Insert into ADMINWKF.WOK_OCCURRENCES_DEMAND (NUM_OCCURRENCE,NUM_DEMAND,NUM_TYPE_ACTION,NUM_USER_GROUP,NUM_USER_GROUP_PREVIOUS,DAT_OCCURRENCE,DAT_NEXT_ACTION,DAT_UPDATE_ACTION,NAM_USER_MODIFY,DAT_LAST_MODIFY,DES_USER_OBSERVATION,DAT_ESTIMATED_BEGIN,DAT_ESTIMATED_END) values (1225,1017,9,58,58,to_date('21-MAY-15','DD-MON-RR'),null,null,'ALZAHER',to_date('21-MAY-15','DD-MON-RR'),null,null,null);
Insert into ADMINWKF.WOK_OCCURRENCES_DEMAND (NUM_OCCURRENCE,NUM_DEMAND,NUM_TYPE_ACTION,NUM_USER_GROUP,NUM_USER_GROUP_PREVIOUS,DAT_OCCURRENCE,DAT_NEXT_ACTION,DAT_UPDATE_ACTION,NAM_USER_MODIFY,DAT_LAST_MODIFY,DES_USER_OBSERVATION,DAT_ESTIMATED_BEGIN,DAT_ESTIMATED_END) values (1226,1018,9,58,58,to_date('21-MAY-15','DD-MON-RR'),null,null,'ALZAHER',to_date('21-MAY-15','DD-MON-RR'),null,null,null);
Insert into ADMINWKF.WOK_OCCURRENCES_DEMAND (NUM_OCCURRENCE,NUM_DEMAND,NUM_TYPE_ACTION,NUM_USER_GROUP,NUM_USER_GROUP_PREVIOUS,DAT_OCCURRENCE,DAT_NEXT_ACTION,DAT_UPDATE_ACTION,NAM_USER_MODIFY,DAT_LAST_MODIFY,DES_USER_OBSERVATION,DAT_ESTIMATED_BEGIN,DAT_ESTIMATED_END) values (1227,1017,10,56,58,to_date('21-MAY-15','DD-MON-RR'),null,null,'ALZAHER',to_date('21-MAY-15','DD-MON-RR'),null,null,null);
Insert into ADMINWKF.WOK_OCCURRENCES_DEMAND (NUM_OCCURRENCE,NUM_DEMAND,NUM_TYPE_ACTION,NUM_USER_GROUP,NUM_USER_GROUP_PREVIOUS,DAT_OCCURRENCE,DAT_NEXT_ACTION,DAT_UPDATE_ACTION,NAM_USER_MODIFY,DAT_LAST_MODIFY,DES_USER_OBSERVATION,DAT_ESTIMATED_BEGIN,DAT_ESTIMATED_END) values (1231,985,10,58,58,to_date('21-MAY-15','DD-MON-RR'),null,null,'ALZAHER',to_date('21-MAY-15','DD-MON-RR'),null,null,null);
Insert into ADMINWKF.WOK_OCCURRENCES_DEMAND (NUM_OCCURRENCE,NUM_DEMAND,NUM_TYPE_ACTION,NUM_USER_GROUP,NUM_USER_GROUP_PREVIOUS,DAT_OCCURRENCE,DAT_NEXT_ACTION,DAT_UPDATE_ACTION,NAM_USER_MODIFY,DAT_LAST_MODIFY,DES_USER_OBSERVATION,DAT_ESTIMATED_BEGIN,DAT_ESTIMATED_END) values (1253,1023,9,58,58,to_date('21-MAY-15','DD-MON-RR'),null,null,'ALZAHER',to_date('21-MAY-15','DD-MON-RR'),null,null,null);
Insert into ADMINWKF.WOK_OCCURRENCES_DEMAND (NUM_OCCURRENCE,NUM_DEMAND,NUM_TYPE_ACTION,NUM_USER_GROUP,NUM_USER_GROUP_PREVIOUS,DAT_OCCURRENCE,DAT_NEXT_ACTION,DAT_UPDATE_ACTION,NAM_USER_MODIFY,DAT_LAST_MODIFY,DES_USER_OBSERVATION,DAT_ESTIMATED_BEGIN,DAT_ESTIMATED_END) values (1254,1023,10,56,58,to_date('21-MAY-15','DD-MON-RR'),null,null,'ALZAHER',to_date('21-MAY-15','DD-MON-RR'),null,null,null);
Insert into ADMINWKF.WOK_OCCURRENCES_DEMAND (NUM_OCCURRENCE,NUM_DEMAND,NUM_TYPE_ACTION,NUM_USER_GROUP,NUM_USER_GROUP_PREVIOUS,DAT_OCCURRENCE,DAT_NEXT_ACTION,DAT_UPDATE_ACTION,NAM_USER_MODIFY,DAT_LAST_MODIFY,DES_USER_OBSERVATION,DAT_ESTIMATED_BEGIN,DAT_ESTIMATED_END) values (1270,1015,13,58,56,to_date('23-MAY-15','DD-MON-RR'),null,null,'ALJOEL',to_date('23-MAY-15','DD-MON-RR'),null,null,null);
Insert into ADMINWKF.WOK_OCCURRENCES_DEMAND (NUM_OCCURRENCE,NUM_DEMAND,NUM_TYPE_ACTION,NUM_USER_GROUP,NUM_USER_GROUP_PREVIOUS,DAT_OCCURRENCE,DAT_NEXT_ACTION,DAT_UPDATE_ACTION,NAM_USER_MODIFY,DAT_LAST_MODIFY,DES_USER_OBSERVATION,DAT_ESTIMATED_BEGIN,DAT_ESTIMATED_END) values (1271,1015,14,58,58,to_date('23-MAY-15','DD-MON-RR'),null,null,'ALZAHER',to_date('23-MAY-15','DD-MON-RR'),null,null,null);
Insert into ADMINWKF.WOK_OCCURRENCES_DEMAND (NUM_OCCURRENCE,NUM_DEMAND,NUM_TYPE_ACTION,NUM_USER_GROUP,NUM_USER_GROUP_PREVIOUS,DAT_OCCURRENCE,DAT_NEXT_ACTION,DAT_UPDATE_ACTION,NAM_USER_MODIFY,DAT_LAST_MODIFY,DES_USER_OBSERVATION,DAT_ESTIMATED_BEGIN,DAT_ESTIMATED_END) values (1315,1065,9,58,58,to_date('26-MAY-15','DD-MON-RR'),null,null,'ALZAHER',to_date('26-MAY-15','DD-MON-RR'),null,null,null);
Insert into ADMINWKF.WOK_OCCURRENCES_DEMAND (NUM_OCCURRENCE,NUM_DEMAND,NUM_TYPE_ACTION,NUM_USER_GROUP,NUM_USER_GROUP_PREVIOUS,DAT_OCCURRENCE,DAT_NEXT_ACTION,DAT_UPDATE_ACTION,NAM_USER_MODIFY,DAT_LAST_MODIFY,DES_USER_OBSERVATION,DAT_ESTIMATED_BEGIN,DAT_ESTIMATED_END) values (1316,1065,10,51,58,to_date('26-MAY-15','DD-MON-RR'),null,null,'ALZAHER',to_date('26-MAY-15','DD-MON-RR'),null,null,null);
Insert into ADMINWKF.WOK_OCCURRENCES_DEMAND (NUM_OCCURRENCE,NUM_DEMAND,NUM_TYPE_ACTION,NUM_USER_GROUP,NUM_USER_GROUP_PREVIOUS,DAT_OCCURRENCE,DAT_NEXT_ACTION,DAT_UPDATE_ACTION,NAM_USER_MODIFY,DAT_LAST_MODIFY,DES_USER_OBSERVATION,DAT_ESTIMATED_BEGIN,DAT_ESTIMATED_END) values (1314,1026,14,58,58,to_date('26-MAY-15','DD-MON-RR'),null,null,'ALZAHER',to_date('26-MAY-15','DD-MON-RR'),null,null,null);
Insert into ADMINWKF.WOK_OCCURRENCES_DEMAND (NUM_OCCURRENCE,NUM_DEMAND,NUM_TYPE_ACTION,NUM_USER_GROUP,NUM_USER_GROUP_PREVIOUS,DAT_OCCURRENCE,DAT_NEXT_ACTION,DAT_UPDATE_ACTION,NAM_USER_MODIFY,DAT_LAST_MODIFY,DES_USER_OBSERVATION,DAT_ESTIMATED_BEGIN,DAT_ESTIMATED_END) values (1682,1028,11,57,56,to_date('05-JUL-15','DD-MON-RR'),null,null,'ALJOEL',to_date('05-JUL-15','DD-MON-RR'),null,null,null);
Insert into ADMINWKF.WOK_OCCURRENCES_DEMAND (NUM_OCCURRENCE,NUM_DEMAND,NUM_TYPE_ACTION,NUM_USER_GROUP,NUM_USER_GROUP_PREVIOUS,DAT_OCCURRENCE,DAT_NEXT_ACTION,DAT_UPDATE_ACTION,NAM_USER_MODIFY,DAT_LAST_MODIFY,DES_USER_OBSERVATION,DAT_ESTIMATED_BEGIN,DAT_ESTIMATED_END) values (1684,1047,11,57,56,to_date('05-JUL-15','DD-MON-RR'),null,null,'ALJOEL',to_date('05-JUL-15','DD-MON-RR'),null,null,null);
Insert into ADMINWKF.WOK_OCCURRENCES_DEMAND (NUM_OCCURRENCE,NUM_DEMAND,NUM_TYPE_ACTION,NUM_USER_GROUP,NUM_USER_GROUP_PREVIOUS,DAT_OCCURRENCE,DAT_NEXT_ACTION,DAT_UPDATE_ACTION,NAM_USER_MODIFY,DAT_LAST_MODIFY,DES_USER_OBSERVATION,DAT_ESTIMATED_BEGIN,DAT_ESTIMATED_END) values (1686,1027,11,57,56,to_date('05-JUL-15','DD-MON-RR'),null,null,'ALJOEL',to_date('05-JUL-15','DD-MON-RR'),null,null,null);
Insert into ADMINWKF.WOK_OCCURRENCES_DEMAND (NUM_OCCURRENCE,NUM_DEMAND,NUM_TYPE_ACTION,NUM_USER_GROUP,NUM_USER_GROUP_PREVIOUS,DAT_OCCURRENCE,DAT_NEXT_ACTION,DAT_UPDATE_ACTION,NAM_USER_MODIFY,DAT_LAST_MODIFY,DES_USER_OBSERVATION,DAT_ESTIMATED_BEGIN,DAT_ESTIMATED_END) values (1688,1017,11,57,56,to_date('05-JUL-15','DD-MON-RR'),null,null,'ALJOEL',to_date('05-JUL-15','DD-MON-RR'),null,null,null);
Insert into ADMINWKF.WOK_OCCURRENCES_DEMAND (NUM_OCCURRENCE,NUM_DEMAND,NUM_TYPE_ACTION,NUM_USER_GROUP,NUM_USER_GROUP_PREVIOUS,DAT_OCCURRENCE,DAT_NEXT_ACTION,DAT_UPDATE_ACTION,NAM_USER_MODIFY,DAT_LAST_MODIFY,DES_USER_OBSERVATION,DAT_ESTIMATED_BEGIN,DAT_ESTIMATED_END) values (1690,1023,11,57,56,to_date('05-JUL-15','DD-MON-RR'),null,null,'ALJOEL',to_date('05-JUL-15','DD-MON-RR'),null,null,null);
Insert into ADMINWKF.WOK_OCCURRENCES_DEMAND (NUM_OCCURRENCE,NUM_DEMAND,NUM_TYPE_ACTION,NUM_USER_GROUP,NUM_USER_GROUP_PREVIOUS,DAT_OCCURRENCE,DAT_NEXT_ACTION,DAT_UPDATE_ACTION,NAM_USER_MODIFY,DAT_LAST_MODIFY,DES_USER_OBSERVATION,DAT_ESTIMATED_BEGIN,DAT_ESTIMATED_END) values (1692,1016,11,57,56,to_date('05-JUL-15','DD-MON-RR'),null,null,'ALJOEL',to_date('05-JUL-15','DD-MON-RR'),null,null,null);
Insert into ADMINWKF.WOK_OCCURRENCES_DEMAND (NUM_OCCURRENCE,NUM_DEMAND,NUM_TYPE_ACTION,NUM_USER_GROUP,NUM_USER_GROUP_PREVIOUS,DAT_OCCURRENCE,DAT_NEXT_ACTION,DAT_UPDATE_ACTION,NAM_USER_MODIFY,DAT_LAST_MODIFY,DES_USER_OBSERVATION,DAT_ESTIMATED_BEGIN,DAT_ESTIMATED_END) values (1694,1022,11,57,56,to_date('05-JUL-15','DD-MON-RR'),null,null,'ALJOEL',to_date('05-JUL-15','DD-MON-RR'),null,null,null);
Insert into ADMINWKF.WOK_OCCURRENCES_DEMAND (NUM_OCCURRENCE,NUM_DEMAND,NUM_TYPE_ACTION,NUM_USER_GROUP,NUM_USER_GROUP_PREVIOUS,DAT_OCCURRENCE,DAT_NEXT_ACTION,DAT_UPDATE_ACTION,NAM_USER_MODIFY,DAT_LAST_MODIFY,DES_USER_OBSERVATION,DAT_ESTIMATED_BEGIN,DAT_ESTIMATED_END) values (1696,1014,11,57,56,to_date('05-JUL-15','DD-MON-RR'),null,null,'ALJOEL',to_date('05-JUL-15','DD-MON-RR'),null,null,null);
Insert into ADMINWKF.WOK_OCCURRENCES_DEMAND (NUM_OCCURRENCE,NUM_DEMAND,NUM_TYPE_ACTION,NUM_USER_GROUP,NUM_USER_GROUP_PREVIOUS,DAT_OCCURRENCE,DAT_NEXT_ACTION,DAT_UPDATE_ACTION,NAM_USER_MODIFY,DAT_LAST_MODIFY,DES_USER_OBSERVATION,DAT_ESTIMATED_BEGIN,DAT_ESTIMATED_END) values (1650,1365,10,58,58,to_date('01-JUL-15','DD-MON-RR'),null,null,'ALZAHER',to_date('01-JUL-15','DD-MON-RR'),null,null,null);
Insert into ADMINWKF.WOK_OCCURRENCES_DEMAND (NUM_OCCURRENCE,NUM_DEMAND,NUM_TYPE_ACTION,NUM_USER_GROUP,NUM_USER_GROUP_PREVIOUS,DAT_OCCURRENCE,DAT_NEXT_ACTION,DAT_UPDATE_ACTION,NAM_USER_MODIFY,DAT_LAST_MODIFY,DES_USER_OBSERVATION,DAT_ESTIMATED_BEGIN,DAT_ESTIMATED_END) values (1457,1145,14,58,58,to_date('09-JUN-15','DD-MON-RR'),null,null,'ALZAHER',to_date('09-JUN-15','DD-MON-RR'),null,null,null);
Insert into ADMINWKF.WOK_OCCURRENCES_DEMAND (NUM_OCCURRENCE,NUM_DEMAND,NUM_TYPE_ACTION,NUM_USER_GROUP,NUM_USER_GROUP_PREVIOUS,DAT_OCCURRENCE,DAT_NEXT_ACTION,DAT_UPDATE_ACTION,NAM_USER_MODIFY,DAT_LAST_MODIFY,DES_USER_OBSERVATION,DAT_ESTIMATED_BEGIN,DAT_ESTIMATED_END) values (1630,1365,9,58,58,to_date('30-JUN-15','DD-MON-RR'),null,null,'ALZAHER',to_date('30-JUN-15','DD-MON-RR'),null,null,null);
Insert into ADMINWKF.WOK_OCCURRENCES_DEMAND (NUM_OCCURRENCE,NUM_DEMAND,NUM_TYPE_ACTION,NUM_USER_GROUP,NUM_USER_GROUP_PREVIOUS,DAT_OCCURRENCE,DAT_NEXT_ACTION,DAT_UPDATE_ACTION,NAM_USER_MODIFY,DAT_LAST_MODIFY,DES_USER_OBSERVATION,DAT_ESTIMATED_BEGIN,DAT_ESTIMATED_END) values (1652,1365,13,58,58,to_date('01-JUL-15','DD-MON-RR'),null,null,'ALZAHER',to_date('01-JUL-15','DD-MON-RR'),null,null,null);
Insert into ADMINWKF.WOK_OCCURRENCES_DEMAND (NUM_OCCURRENCE,NUM_DEMAND,NUM_TYPE_ACTION,NUM_USER_GROUP,NUM_USER_GROUP_PREVIOUS,DAT_OCCURRENCE,DAT_NEXT_ACTION,DAT_UPDATE_ACTION,NAM_USER_MODIFY,DAT_LAST_MODIFY,DES_USER_OBSERVATION,DAT_ESTIMATED_BEGIN,DAT_ESTIMATED_END) values (1653,1365,14,58,58,to_date('01-JUL-15','DD-MON-RR'),null,null,'ALZAHER',to_date('01-JUL-15','DD-MON-RR'),null,null,null);
Insert into ADMINWKF.WOK_OCCURRENCES_DEMAND (NUM_OCCURRENCE,NUM_DEMAND,NUM_TYPE_ACTION,NUM_USER_GROUP,NUM_USER_GROUP_PREVIOUS,DAT_OCCURRENCE,DAT_NEXT_ACTION,DAT_UPDATE_ACTION,NAM_USER_MODIFY,DAT_LAST_MODIFY,DES_USER_OBSERVATION,DAT_ESTIMATED_BEGIN,DAT_ESTIMATED_END) values (1258,1018,13,58,55,to_date('21-MAY-15','DD-MON-RR'),null,null,'ALJERRY',to_date('21-MAY-15','DD-MON-RR'),null,null,null);
Insert into ADMINWKF.WOK_OCCURRENCES_DEMAND (NUM_OCCURRENCE,NUM_DEMAND,NUM_TYPE_ACTION,NUM_USER_GROUP,NUM_USER_GROUP_PREVIOUS,DAT_OCCURRENCE,DAT_NEXT_ACTION,DAT_UPDATE_ACTION,NAM_USER_MODIFY,DAT_LAST_MODIFY,DES_USER_OBSERVATION,DAT_ESTIMATED_BEGIN,DAT_ESTIMATED_END) values (1259,1018,14,58,58,to_date('21-MAY-15','DD-MON-RR'),null,null,'ALZAHER',to_date('21-MAY-15','DD-MON-RR'),null,null,null);
Insert into ADMINWKF.WOK_OCCURRENCES_DEMAND (NUM_OCCURRENCE,NUM_DEMAND,NUM_TYPE_ACTION,NUM_USER_GROUP,NUM_USER_GROUP_PREVIOUS,DAT_OCCURRENCE,DAT_NEXT_ACTION,DAT_UPDATE_ACTION,NAM_USER_MODIFY,DAT_LAST_MODIFY,DES_USER_OBSERVATION,DAT_ESTIMATED_BEGIN,DAT_ESTIMATED_END) values (1530,1225,14,58,58,to_date('21-JUN-15','DD-MON-RR'),null,null,'ALZAHER',to_date('21-JUN-15','DD-MON-RR'),null,null,null);
Insert into ADMINWKF.WOK_OCCURRENCES_DEMAND (NUM_OCCURRENCE,NUM_DEMAND,NUM_TYPE_ACTION,NUM_USER_GROUP,NUM_USER_GROUP_PREVIOUS,DAT_OCCURRENCE,DAT_NEXT_ACTION,DAT_UPDATE_ACTION,NAM_USER_MODIFY,DAT_LAST_MODIFY,DES_USER_OBSERVATION,DAT_ESTIMATED_BEGIN,DAT_ESTIMATED_END) values (1550,1296,9,58,58,to_date('22-JUN-15','DD-MON-RR'),null,null,'ALZAHER',to_date('22-JUN-15','DD-MON-RR'),null,null,null);
Insert into ADMINWKF.WOK_OCCURRENCES_DEMAND (NUM_OCCURRENCE,NUM_DEMAND,NUM_TYPE_ACTION,NUM_USER_GROUP,NUM_USER_GROUP_PREVIOUS,DAT_OCCURRENCE,DAT_NEXT_ACTION,DAT_UPDATE_ACTION,NAM_USER_MODIFY,DAT_LAST_MODIFY,DES_USER_OBSERVATION,DAT_ESTIMATED_BEGIN,DAT_ESTIMATED_END) values (1552,1296,10,55,58,to_date('22-JUN-15','DD-MON-RR'),null,null,'ALZAHER',to_date('22-JUN-15','DD-MON-RR'),null,null,null);
Insert into ADMINWKF.WOK_OCCURRENCES_DEMAND (NUM_OCCURRENCE,NUM_DEMAND,NUM_TYPE_ACTION,NUM_USER_GROUP,NUM_USER_GROUP_PREVIOUS,DAT_OCCURRENCE,DAT_NEXT_ACTION,DAT_UPDATE_ACTION,NAM_USER_MODIFY,DAT_LAST_MODIFY,DES_USER_OBSERVATION,DAT_ESTIMATED_BEGIN,DAT_ESTIMATED_END) values (1237,1018,10,55,58,to_date('21-MAY-15','DD-MON-RR'),null,null,'ALZAHER',to_date('21-MAY-15','DD-MON-RR'),null,null,null);
Insert into ADMINWKF.WOK_OCCURRENCES_DEMAND (NUM_OCCURRENCE,NUM_DEMAND,NUM_TYPE_ACTION,NUM_USER_GROUP,NUM_USER_GROUP_PREVIOUS,DAT_OCCURRENCE,DAT_NEXT_ACTION,DAT_UPDATE_ACTION,NAM_USER_MODIFY,DAT_LAST_MODIFY,DES_USER_OBSERVATION,DAT_ESTIMATED_BEGIN,DAT_ESTIMATED_END) values (1238,1019,9,58,58,to_date('21-MAY-15','DD-MON-RR'),null,null,'ALZAHER',to_date('21-MAY-15','DD-MON-RR'),null,null,null);
Insert into ADMINWKF.WOK_OCCURRENCES_DEMAND (NUM_OCCURRENCE,NUM_DEMAND,NUM_TYPE_ACTION,NUM_USER_GROUP,NUM_USER_GROUP_PREVIOUS,DAT_OCCURRENCE,DAT_NEXT_ACTION,DAT_UPDATE_ACTION,NAM_USER_MODIFY,DAT_LAST_MODIFY,DES_USER_OBSERVATION,DAT_ESTIMATED_BEGIN,DAT_ESTIMATED_END) values (1239,1019,10,51,58,to_date('21-MAY-15','DD-MON-RR'),null,null,'ALZAHER',to_date('21-MAY-15','DD-MON-RR'),null,null,null);
Insert into ADMINWKF.WOK_OCCURRENCES_DEMAND (NUM_OCCURRENCE,NUM_DEMAND,NUM_TYPE_ACTION,NUM_USER_GROUP,NUM_USER_GROUP_PREVIOUS,DAT_OCCURRENCE,DAT_NEXT_ACTION,DAT_UPDATE_ACTION,NAM_USER_MODIFY,DAT_LAST_MODIFY,DES_USER_OBSERVATION,DAT_ESTIMATED_BEGIN,DAT_ESTIMATED_END) values (1241,1019,13,58,51,to_date('21-MAY-15','DD-MON-RR'),null,null,'ALAQEEL',to_date('21-MAY-15','DD-MON-RR'),null,null,null);
Insert into ADMINWKF.WOK_OCCURRENCES_DEMAND (NUM_OCCURRENCE,NUM_DEMAND,NUM_TYPE_ACTION,NUM_USER_GROUP,NUM_USER_GROUP_PREVIOUS,DAT_OCCURRENCE,DAT_NEXT_ACTION,DAT_UPDATE_ACTION,NAM_USER_MODIFY,DAT_LAST_MODIFY,DES_USER_OBSERVATION,DAT_ESTIMATED_BEGIN,DAT_ESTIMATED_END) values (1242,1019,14,58,58,to_date('21-MAY-15','DD-MON-RR'),null,null,'ALZAHER',to_date('21-MAY-15','DD-MON-RR'),null,null,null);
Insert into ADMINWKF.WOK_OCCURRENCES_DEMAND (NUM_OCCURRENCE,NUM_DEMAND,NUM_TYPE_ACTION,NUM_USER_GROUP,NUM_USER_GROUP_PREVIOUS,DAT_OCCURRENCE,DAT_NEXT_ACTION,DAT_UPDATE_ACTION,NAM_USER_MODIFY,DAT_LAST_MODIFY,DES_USER_OBSERVATION,DAT_ESTIMATED_BEGIN,DAT_ESTIMATED_END) values (1243,1020,9,58,58,to_date('21-MAY-15','DD-MON-RR'),null,null,'ALZAHER',to_date('21-MAY-15','DD-MON-RR'),null,null,null);
Insert into ADMINWKF.WOK_OCCURRENCES_DEMAND (NUM_OCCURRENCE,NUM_DEMAND,NUM_TYPE_ACTION,NUM_USER_GROUP,NUM_USER_GROUP_PREVIOUS,DAT_OCCURRENCE,DAT_NEXT_ACTION,DAT_UPDATE_ACTION,NAM_USER_MODIFY,DAT_LAST_MODIFY,DES_USER_OBSERVATION,DAT_ESTIMATED_BEGIN,DAT_ESTIMATED_END) values (1244,1020,10,51,58,to_date('21-MAY-15','DD-MON-RR'),null,null,'ALZAHER',to_date('21-MAY-15','DD-MON-RR'),null,null,null);
Insert into ADMINWKF.WOK_OCCURRENCES_DEMAND (NUM_OCCURRENCE,NUM_DEMAND,NUM_TYPE_ACTION,NUM_USER_GROUP,NUM_USER_GROUP_PREVIOUS,DAT_OCCURRENCE,DAT_NEXT_ACTION,DAT_UPDATE_ACTION,NAM_USER_MODIFY,DAT_LAST_MODIFY,DES_USER_OBSERVATION,DAT_ESTIMATED_BEGIN,DAT_ESTIMATED_END) values (1673,1346,10,57,55,to_date('05-JUL-15','DD-MON-RR'),null,null,'ALJERRY',to_date('05-JUL-15','DD-MON-RR'),null,null,null);
Insert into ADMINWKF.WOK_OCCURRENCES_DEMAND (NUM_OCCURRENCE,NUM_DEMAND,NUM_TYPE_ACTION,NUM_USER_GROUP,NUM_USER_GROUP_PREVIOUS,DAT_OCCURRENCE,DAT_NEXT_ACTION,DAT_UPDATE_ACTION,NAM_USER_MODIFY,DAT_LAST_MODIFY,DES_USER_OBSERVATION,DAT_ESTIMATED_BEGIN,DAT_ESTIMATED_END) values (1294,1047,9,58,58,to_date('24-MAY-15','DD-MON-RR'),null,null,'ALZAHER',to_date('24-MAY-15','DD-MON-RR'),null,null,null);
Insert into ADMINWKF.WOK_OCCURRENCES_DEMAND (NUM_OCCURRENCE,NUM_DEMAND,NUM_TYPE_ACTION,NUM_USER_GROUP,NUM_USER_GROUP_PREVIOUS,DAT_OCCURRENCE,DAT_NEXT_ACTION,DAT_UPDATE_ACTION,NAM_USER_MODIFY,DAT_LAST_MODIFY,DES_USER_OBSERVATION,DAT_ESTIMATED_BEGIN,DAT_ESTIMATED_END) values (1295,1047,10,56,58,to_date('24-MAY-15','DD-MON-RR'),null,null,'ALZAHER',to_date('24-MAY-15','DD-MON-RR'),null,null,null);
Insert into ADMINWKF.WOK_OCCURRENCES_DEMAND (NUM_OCCURRENCE,NUM_DEMAND,NUM_TYPE_ACTION,NUM_USER_GROUP,NUM_USER_GROUP_PREVIOUS,DAT_OCCURRENCE,DAT_NEXT_ACTION,DAT_UPDATE_ACTION,NAM_USER_MODIFY,DAT_LAST_MODIFY,DES_USER_OBSERVATION,DAT_ESTIMATED_BEGIN,DAT_ESTIMATED_END) values (1297,1025,11,62,64,to_date('24-MAY-15','DD-MON-RR'),null,null,'ALAYOUBI',to_date('24-MAY-15','DD-MON-RR'),null,null,null);
Insert into ADMINWKF.WOK_OCCURRENCES_DEMAND (NUM_OCCURRENCE,NUM_DEMAND,NUM_TYPE_ACTION,NUM_USER_GROUP,NUM_USER_GROUP_PREVIOUS,DAT_OCCURRENCE,DAT_NEXT_ACTION,DAT_UPDATE_ACTION,NAM_USER_MODIFY,DAT_LAST_MODIFY,DES_USER_OBSERVATION,DAT_ESTIMATED_BEGIN,DAT_ESTIMATED_END) values (1298,1025,10,62,64,to_date('24-MAY-15','DD-MON-RR'),null,null,'ALAYOUBI',to_date('24-MAY-15','DD-MON-RR'),null,null,null);
Insert into ADMINWKF.WOK_OCCURRENCES_DEMAND (NUM_OCCURRENCE,NUM_DEMAND,NUM_TYPE_ACTION,NUM_USER_GROUP,NUM_USER_GROUP_PREVIOUS,DAT_OCCURRENCE,DAT_NEXT_ACTION,DAT_UPDATE_ACTION,NAM_USER_MODIFY,DAT_LAST_MODIFY,DES_USER_OBSERVATION,DAT_ESTIMATED_BEGIN,DAT_ESTIMATED_END) values (1672,1346,11,57,55,to_date('05-JUL-15','DD-MON-RR'),null,null,'ALJERRY',to_date('05-JUL-15','DD-MON-RR'),null,null,null);
Insert into ADMINWKF.WOK_OCCURRENCES_DEMAND (NUM_OCCURRENCE,NUM_DEMAND,NUM_TYPE_ACTION,NUM_USER_GROUP,NUM_USER_GROUP_PREVIOUS,DAT_OCCURRENCE,DAT_NEXT_ACTION,DAT_UPDATE_ACTION,NAM_USER_MODIFY,DAT_LAST_MODIFY,DES_USER_OBSERVATION,DAT_ESTIMATED_BEGIN,DAT_ESTIMATED_END) values (1250,1022,9,58,58,to_date('21-MAY-15','DD-MON-RR'),null,null,'ALZAHER',to_date('21-MAY-15','DD-MON-RR'),null,null,null);
Insert into ADMINWKF.WOK_OCCURRENCES_DEMAND (NUM_OCCURRENCE,NUM_DEMAND,NUM_TYPE_ACTION,NUM_USER_GROUP,NUM_USER_GROUP_PREVIOUS,DAT_OCCURRENCE,DAT_NEXT_ACTION,DAT_UPDATE_ACTION,NAM_USER_MODIFY,DAT_LAST_MODIFY,DES_USER_OBSERVATION,DAT_ESTIMATED_BEGIN,DAT_ESTIMATED_END) values (1251,1022,10,56,58,to_date('21-MAY-15','DD-MON-RR'),null,null,'ALZAHER',to_date('21-MAY-15','DD-MON-RR'),null,null,null);
Insert into ADMINWKF.WOK_OCCURRENCES_DEMAND (NUM_OCCURRENCE,NUM_DEMAND,NUM_TYPE_ACTION,NUM_USER_GROUP,NUM_USER_GROUP_PREVIOUS,DAT_OCCURRENCE,DAT_NEXT_ACTION,DAT_UPDATE_ACTION,NAM_USER_MODIFY,DAT_LAST_MODIFY,DES_USER_OBSERVATION,DAT_ESTIMATED_BEGIN,DAT_ESTIMATED_END) values (1313,1026,13,58,51,to_date('26-MAY-15','DD-MON-RR'),null,null,'ALAQEEL',to_date('26-MAY-15','DD-MON-RR'),null,null,null);
Insert into ADMINWKF.WOK_OCCURRENCES_DEMAND (NUM_OCCURRENCE,NUM_DEMAND,NUM_TYPE_ACTION,NUM_USER_GROUP,NUM_USER_GROUP_PREVIOUS,DAT_OCCURRENCE,DAT_NEXT_ACTION,DAT_UPDATE_ACTION,NAM_USER_MODIFY,DAT_LAST_MODIFY,DES_USER_OBSERVATION,DAT_ESTIMATED_BEGIN,DAT_ESTIMATED_END) values (1334,1029,13,58,51,to_date('29-MAY-15','DD-MON-RR'),null,null,'ALAQEEL',to_date('29-MAY-15','DD-MON-RR'),null,null,null);
Insert into ADMINWKF.WOK_OCCURRENCES_DEMAND (NUM_OCCURRENCE,NUM_DEMAND,NUM_TYPE_ACTION,NUM_USER_GROUP,NUM_USER_GROUP_PREVIOUS,DAT_OCCURRENCE,DAT_NEXT_ACTION,DAT_UPDATE_ACTION,NAM_USER_MODIFY,DAT_LAST_MODIFY,DES_USER_OBSERVATION,DAT_ESTIMATED_BEGIN,DAT_ESTIMATED_END) values (1335,1029,14,58,58,to_date('29-MAY-15','DD-MON-RR'),null,null,'ALZAHER',to_date('29-MAY-15','DD-MON-RR'),null,null,null);
Insert into ADMINWKF.WOK_OCCURRENCES_DEMAND (NUM_OCCURRENCE,NUM_DEMAND,NUM_TYPE_ACTION,NUM_USER_GROUP,NUM_USER_GROUP_PREVIOUS,DAT_OCCURRENCE,DAT_NEXT_ACTION,DAT_UPDATE_ACTION,NAM_USER_MODIFY,DAT_LAST_MODIFY,DES_USER_OBSERVATION,DAT_ESTIMATED_BEGIN,DAT_ESTIMATED_END) values (1272,1025,9,58,58,to_date('23-MAY-15','DD-MON-RR'),null,null,'ALZAHER',to_date('23-MAY-15','DD-MON-RR'),null,null,null);
Insert into ADMINWKF.WOK_OCCURRENCES_DEMAND (NUM_OCCURRENCE,NUM_DEMAND,NUM_TYPE_ACTION,NUM_USER_GROUP,NUM_USER_GROUP_PREVIOUS,DAT_OCCURRENCE,DAT_NEXT_ACTION,DAT_UPDATE_ACTION,NAM_USER_MODIFY,DAT_LAST_MODIFY,DES_USER_OBSERVATION,DAT_ESTIMATED_BEGIN,DAT_ESTIMATED_END) values (1273,1025,10,64,58,to_date('23-MAY-15','DD-MON-RR'),null,null,'ALZAHER',to_date('23-MAY-15','DD-MON-RR'),null,null,null);
Insert into ADMINWKF.WOK_OCCURRENCES_DEMAND (NUM_OCCURRENCE,NUM_DEMAND,NUM_TYPE_ACTION,NUM_USER_GROUP,NUM_USER_GROUP_PREVIOUS,DAT_OCCURRENCE,DAT_NEXT_ACTION,DAT_UPDATE_ACTION,NAM_USER_MODIFY,DAT_LAST_MODIFY,DES_USER_OBSERVATION,DAT_ESTIMATED_BEGIN,DAT_ESTIMATED_END) values (1274,1026,9,58,58,to_date('23-MAY-15','DD-MON-RR'),null,null,'ALZAHER',to_date('23-MAY-15','DD-MON-RR'),null,null,null);
Insert into ADMINWKF.WOK_OCCURRENCES_DEMAND (NUM_OCCURRENCE,NUM_DEMAND,NUM_TYPE_ACTION,NUM_USER_GROUP,NUM_USER_GROUP_PREVIOUS,DAT_OCCURRENCE,DAT_NEXT_ACTION,DAT_UPDATE_ACTION,NAM_USER_MODIFY,DAT_LAST_MODIFY,DES_USER_OBSERVATION,DAT_ESTIMATED_BEGIN,DAT_ESTIMATED_END) values (1275,1026,10,51,58,to_date('23-MAY-15','DD-MON-RR'),null,null,'ALZAHER',to_date('23-MAY-15','DD-MON-RR'),null,null,null);
Insert into ADMINWKF.WOK_OCCURRENCES_DEMAND (NUM_OCCURRENCE,NUM_DEMAND,NUM_TYPE_ACTION,NUM_USER_GROUP,NUM_USER_GROUP_PREVIOUS,DAT_OCCURRENCE,DAT_NEXT_ACTION,DAT_UPDATE_ACTION,NAM_USER_MODIFY,DAT_LAST_MODIFY,DES_USER_OBSERVATION,DAT_ESTIMATED_BEGIN,DAT_ESTIMATED_END) values (1276,1027,9,58,58,to_date('23-MAY-15','DD-MON-RR'),null,null,'ALZAHER',to_date('23-MAY-15','DD-MON-RR'),null,null,null);
Insert into ADMINWKF.WOK_OCCURRENCES_DEMAND (NUM_OCCURRENCE,NUM_DEMAND,NUM_TYPE_ACTION,NUM_USER_GROUP,NUM_USER_GROUP_PREVIOUS,DAT_OCCURRENCE,DAT_NEXT_ACTION,DAT_UPDATE_ACTION,NAM_USER_MODIFY,DAT_LAST_MODIFY,DES_USER_OBSERVATION,DAT_ESTIMATED_BEGIN,DAT_ESTIMATED_END) values (1277,1027,10,56,58,to_date('23-MAY-15','DD-MON-RR'),null,null,'ALZAHER',to_date('23-MAY-15','DD-MON-RR'),null,null,null);
Insert into ADMINWKF.WOK_OCCURRENCES_DEMAND (NUM_OCCURRENCE,NUM_DEMAND,NUM_TYPE_ACTION,NUM_USER_GROUP,NUM_USER_GROUP_PREVIOUS,DAT_OCCURRENCE,DAT_NEXT_ACTION,DAT_UPDATE_ACTION,NAM_USER_MODIFY,DAT_LAST_MODIFY,DES_USER_OBSERVATION,DAT_ESTIMATED_BEGIN,DAT_ESTIMATED_END) values (1278,1028,9,58,58,to_date('23-MAY-15','DD-MON-RR'),null,null,'ALZAHER',to_date('23-MAY-15','DD-MON-RR'),null,null,null);
Insert into ADMINWKF.WOK_OCCURRENCES_DEMAND (NUM_OCCURRENCE,NUM_DEMAND,NUM_TYPE_ACTION,NUM_USER_GROUP,NUM_USER_GROUP_PREVIOUS,DAT_OCCURRENCE,DAT_NEXT_ACTION,DAT_UPDATE_ACTION,NAM_USER_MODIFY,DAT_LAST_MODIFY,DES_USER_OBSERVATION,DAT_ESTIMATED_BEGIN,DAT_ESTIMATED_END) values (1279,1028,10,56,58,to_date('23-MAY-15','DD-MON-RR'),null,null,'ALZAHER',to_date('23-MAY-15','DD-MON-RR'),null,null,null);
Insert into ADMINWKF.WOK_OCCURRENCES_DEMAND (NUM_OCCURRENCE,NUM_DEMAND,NUM_TYPE_ACTION,NUM_USER_GROUP,NUM_USER_GROUP_PREVIOUS,DAT_OCCURRENCE,DAT_NEXT_ACTION,DAT_UPDATE_ACTION,NAM_USER_MODIFY,DAT_LAST_MODIFY,DES_USER_OBSERVATION,DAT_ESTIMATED_BEGIN,DAT_ESTIMATED_END) values (1281,1020,13,58,51,to_date('23-MAY-15','DD-MON-RR'),null,null,'ALAQEEL',to_date('23-MAY-15','DD-MON-RR'),null,null,null);
Insert into ADMINWKF.WOK_OCCURRENCES_DEMAND (NUM_OCCURRENCE,NUM_DEMAND,NUM_TYPE_ACTION,NUM_USER_GROUP,NUM_USER_GROUP_PREVIOUS,DAT_OCCURRENCE,DAT_NEXT_ACTION,DAT_UPDATE_ACTION,NAM_USER_MODIFY,DAT_LAST_MODIFY,DES_USER_OBSERVATION,DAT_ESTIMATED_BEGIN,DAT_ESTIMATED_END) values (1282,1020,14,58,58,to_date('23-MAY-15','DD-MON-RR'),null,null,'ALZAHER',to_date('23-MAY-15','DD-MON-RR'),null,null,null);
Insert into ADMINWKF.WOK_OCCURRENCES_DEMAND (NUM_OCCURRENCE,NUM_DEMAND,NUM_TYPE_ACTION,NUM_USER_GROUP,NUM_USER_GROUP_PREVIOUS,DAT_OCCURRENCE,DAT_NEXT_ACTION,DAT_UPDATE_ACTION,NAM_USER_MODIFY,DAT_LAST_MODIFY,DES_USER_OBSERVATION,DAT_ESTIMATED_BEGIN,DAT_ESTIMATED_END) values (1283,1029,9,58,58,to_date('23-MAY-15','DD-MON-RR'),null,null,'ALZAHER',to_date('23-MAY-15','DD-MON-RR'),null,null,null);
Insert into ADMINWKF.WOK_OCCURRENCES_DEMAND (NUM_OCCURRENCE,NUM_DEMAND,NUM_TYPE_ACTION,NUM_USER_GROUP,NUM_USER_GROUP_PREVIOUS,DAT_OCCURRENCE,DAT_NEXT_ACTION,DAT_UPDATE_ACTION,NAM_USER_MODIFY,DAT_LAST_MODIFY,DES_USER_OBSERVATION,DAT_ESTIMATED_BEGIN,DAT_ESTIMATED_END) values (1284,1029,10,51,58,to_date('23-MAY-15','DD-MON-RR'),null,null,'ALZAHER',to_date('23-MAY-15','DD-MON-RR'),null,null,null);
Insert into ADMINWKF.WOK_OCCURRENCES_DEMAND (NUM_OCCURRENCE,NUM_DEMAND,NUM_TYPE_ACTION,NUM_USER_GROUP,NUM_USER_GROUP_PREVIOUS,DAT_OCCURRENCE,DAT_NEXT_ACTION,DAT_UPDATE_ACTION,NAM_USER_MODIFY,DAT_LAST_MODIFY,DES_USER_OBSERVATION,DAT_ESTIMATED_BEGIN,DAT_ESTIMATED_END) values (1610,1345,9,58,58,to_date('28-JUN-15','DD-MON-RR'),null,null,'ALZAHER',to_date('28-JUN-15','DD-MON-RR'),null,null,null);
Insert into ADMINWKF.WOK_OCCURRENCES_DEMAND (NUM_OCCURRENCE,NUM_DEMAND,NUM_TYPE_ACTION,NUM_USER_GROUP,NUM_USER_GROUP_PREVIOUS,DAT_OCCURRENCE,DAT_NEXT_ACTION,DAT_UPDATE_ACTION,NAM_USER_MODIFY,DAT_LAST_MODIFY,DES_USER_OBSERVATION,DAT_ESTIMATED_BEGIN,DAT_ESTIMATED_END) values (1611,1345,10,60,58,to_date('28-JUN-15','DD-MON-RR'),null,null,'ALZAHER',to_date('28-JUN-15','DD-MON-RR'),null,null,null);
Insert into ADMINWKF.WOK_OCCURRENCES_DEMAND (NUM_OCCURRENCE,NUM_DEMAND,NUM_TYPE_ACTION,NUM_USER_GROUP,NUM_USER_GROUP_PREVIOUS,DAT_OCCURRENCE,DAT_NEXT_ACTION,DAT_UPDATE_ACTION,NAM_USER_MODIFY,DAT_LAST_MODIFY,DES_USER_OBSERVATION,DAT_ESTIMATED_BEGIN,DAT_ESTIMATED_END) values (1612,1346,9,58,58,to_date('28-JUN-15','DD-MON-RR'),null,null,'ALZAHER',to_date('28-JUN-15','DD-MON-RR'),null,null,null);
Insert into ADMINWKF.WOK_OCCURRENCES_DEMAND (NUM_OCCURRENCE,NUM_DEMAND,NUM_TYPE_ACTION,NUM_USER_GROUP,NUM_USER_GROUP_PREVIOUS,DAT_OCCURRENCE,DAT_NEXT_ACTION,DAT_UPDATE_ACTION,NAM_USER_MODIFY,DAT_LAST_MODIFY,DES_USER_OBSERVATION,DAT_ESTIMATED_BEGIN,DAT_ESTIMATED_END) values (1613,1346,10,55,58,to_date('28-JUN-15','DD-MON-RR'),null,null,'ALZAHER',to_date('28-JUN-15','DD-MON-RR'),null,null,null);
Insert into ADMINWKF.WOK_OCCURRENCES_DEMAND (NUM_OCCURRENCE,NUM_DEMAND,NUM_TYPE_ACTION,NUM_USER_GROUP,NUM_USER_GROUP_PREVIOUS,DAT_OCCURRENCE,DAT_NEXT_ACTION,DAT_UPDATE_ACTION,NAM_USER_MODIFY,DAT_LAST_MODIFY,DES_USER_OBSERVATION,DAT_ESTIMATED_BEGIN,DAT_ESTIMATED_END) values (1190,985,9,58,58,to_date('20-MAY-15','DD-MON-RR'),null,null,'ALZAHER',to_date('20-MAY-15','DD-MON-RR'),null,null,null);
Insert into ADMINWKF.WOK_OCCURRENCES_DEMAND (NUM_OCCURRENCE,NUM_DEMAND,NUM_TYPE_ACTION,NUM_USER_GROUP,NUM_USER_GROUP_PREVIOUS,DAT_OCCURRENCE,DAT_NEXT_ACTION,DAT_UPDATE_ACTION,NAM_USER_MODIFY,DAT_LAST_MODIFY,DES_USER_OBSERVATION,DAT_ESTIMATED_BEGIN,DAT_ESTIMATED_END) values (1517,1225,13,58,55,to_date('20-JUN-15','DD-MON-RR'),null,null,'ALJERRY',to_date('20-JUN-15','DD-MON-RR'),null,null,null);
Insert into ADMINWKF.WOK_OCCURRENCES_DEMAND (NUM_OCCURRENCE,NUM_DEMAND,NUM_TYPE_ACTION,NUM_USER_GROUP,NUM_USER_GROUP_PREVIOUS,DAT_OCCURRENCE,DAT_NEXT_ACTION,DAT_UPDATE_ACTION,NAM_USER_MODIFY,DAT_LAST_MODIFY,DES_USER_OBSERVATION,DAT_ESTIMATED_BEGIN,DAT_ESTIMATED_END) values (1573,1205,13,58,56,to_date('23-JUN-15','DD-MON-RR'),null,null,'ALJOEL',to_date('23-JUN-15','DD-MON-RR'),null,null,null);
Insert into ADMINWKF.WOK_OCCURRENCES_DEMAND (NUM_OCCURRENCE,NUM_DEMAND,NUM_TYPE_ACTION,NUM_USER_GROUP,NUM_USER_GROUP_PREVIOUS,DAT_OCCURRENCE,DAT_NEXT_ACTION,DAT_UPDATE_ACTION,NAM_USER_MODIFY,DAT_LAST_MODIFY,DES_USER_OBSERVATION,DAT_ESTIMATED_BEGIN,DAT_ESTIMATED_END) values (1574,1205,14,58,58,to_date('23-JUN-15','DD-MON-RR'),null,null,'ALZAHER',to_date('23-JUN-15','DD-MON-RR'),null,null,null);
Insert into ADMINWKF.WOK_OCCURRENCES_DEMAND (NUM_OCCURRENCE,NUM_DEMAND,NUM_TYPE_ACTION,NUM_USER_GROUP,NUM_USER_GROUP_PREVIOUS,DAT_OCCURRENCE,DAT_NEXT_ACTION,DAT_UPDATE_ACTION,NAM_USER_MODIFY,DAT_LAST_MODIFY,DES_USER_OBSERVATION,DAT_ESTIMATED_BEGIN,DAT_ESTIMATED_END) values (1580,1296,14,58,58,to_date('23-JUN-15','DD-MON-RR'),null,null,'ALZAHER',to_date('23-JUN-15','DD-MON-RR'),null,null,null);
Insert into ADMINWKF.WOK_OCCURRENCES_DEMAND (NUM_OCCURRENCE,NUM_DEMAND,NUM_TYPE_ACTION,NUM_USER_GROUP,NUM_USER_GROUP_PREVIOUS,DAT_OCCURRENCE,DAT_NEXT_ACTION,DAT_UPDATE_ACTION,NAM_USER_MODIFY,DAT_LAST_MODIFY,DES_USER_OBSERVATION,DAT_ESTIMATED_BEGIN,DAT_ESTIMATED_END) values (1658,1371,9,58,58,to_date('01-JUL-15','DD-MON-RR'),null,null,'ALZAHER',to_date('01-JUL-15','DD-MON-RR'),null,null,null);
Insert into ADMINWKF.WOK_OCCURRENCES_DEMAND (NUM_OCCURRENCE,NUM_DEMAND,NUM_TYPE_ACTION,NUM_USER_GROUP,NUM_USER_GROUP_PREVIOUS,DAT_OCCURRENCE,DAT_NEXT_ACTION,DAT_UPDATE_ACTION,NAM_USER_MODIFY,DAT_LAST_MODIFY,DES_USER_OBSERVATION,DAT_ESTIMATED_BEGIN,DAT_ESTIMATED_END) values (1656,1370,9,58,58,to_date('01-JUL-15','DD-MON-RR'),null,null,'ALZAHER',to_date('01-JUL-15','DD-MON-RR'),null,null,null);
Insert into ADMINWKF.WOK_OCCURRENCES_DEMAND (NUM_OCCURRENCE,NUM_DEMAND,NUM_TYPE_ACTION,NUM_USER_GROUP,NUM_USER_GROUP_PREVIOUS,DAT_OCCURRENCE,DAT_NEXT_ACTION,DAT_UPDATE_ACTION,NAM_USER_MODIFY,DAT_LAST_MODIFY,DES_USER_OBSERVATION,DAT_ESTIMATED_BEGIN,DAT_ESTIMATED_END) values (1657,1370,10,51,58,to_date('01-JUL-15','DD-MON-RR'),null,null,'ALZAHER',to_date('01-JUL-15','DD-MON-RR'),null,null,null);
Insert into ADMINWKF.WOK_OCCURRENCES_DEMAND (NUM_OCCURRENCE,NUM_DEMAND,NUM_TYPE_ACTION,NUM_USER_GROUP,NUM_USER_GROUP_PREVIOUS,DAT_OCCURRENCE,DAT_NEXT_ACTION,DAT_UPDATE_ACTION,NAM_USER_MODIFY,DAT_LAST_MODIFY,DES_USER_OBSERVATION,DAT_ESTIMATED_BEGIN,DAT_ESTIMATED_END) values (1659,1371,10,62,58,to_date('01-JUL-15','DD-MON-RR'),null,null,'ALZAHER',to_date('01-JUL-15','DD-MON-RR'),null,null,null);
Insert into ADMINWKF.WOK_OCCURRENCES_DEMAND (NUM_OCCURRENCE,NUM_DEMAND,NUM_TYPE_ACTION,NUM_USER_GROUP,NUM_USER_GROUP_PREVIOUS,DAT_OCCURRENCE,DAT_NEXT_ACTION,DAT_UPDATE_ACTION,NAM_USER_MODIFY,DAT_LAST_MODIFY,DES_USER_OBSERVATION,DAT_ESTIMATED_BEGIN,DAT_ESTIMATED_END) values (1660,985,11,62,58,to_date('01-JUL-15','DD-MON-RR'),null,null,'ALZAHER',to_date('01-JUL-15','DD-MON-RR'),null,null,null);
Insert into ADMINWKF.WOK_OCCURRENCES_DEMAND (NUM_OCCURRENCE,NUM_DEMAND,NUM_TYPE_ACTION,NUM_USER_GROUP,NUM_USER_GROUP_PREVIOUS,DAT_OCCURRENCE,DAT_NEXT_ACTION,DAT_UPDATE_ACTION,NAM_USER_MODIFY,DAT_LAST_MODIFY,DES_USER_OBSERVATION,DAT_ESTIMATED_BEGIN,DAT_ESTIMATED_END) values (1662,1366,10,58,54,to_date('01-JUL-15','DD-MON-RR'),null,null,'ALJALIL',to_date('01-JUL-15','DD-MON-RR'),null,null,null);
Insert into ADMINWKF.WOK_OCCURRENCES_DEMAND (NUM_OCCURRENCE,NUM_DEMAND,NUM_TYPE_ACTION,NUM_USER_GROUP,NUM_USER_GROUP_PREVIOUS,DAT_OCCURRENCE,DAT_NEXT_ACTION,DAT_UPDATE_ACTION,NAM_USER_MODIFY,DAT_LAST_MODIFY,DES_USER_OBSERVATION,DAT_ESTIMATED_BEGIN,DAT_ESTIMATED_END) values (1579,1296,13,58,55,to_date('23-JUN-15','DD-MON-RR'),null,null,'ALJERRY',to_date('23-JUN-15','DD-MON-RR'),null,null,null);

commit
