--------------------------------------------------------
--  File created - Monday-August-31-2015   
--------------------------------------------------------

Insert into ADMINCOR.COM_COUNTRIES (NUM_COUNTRY,NAM_COUNTRY,DAT_LAST_MODIFY,NAM_USER_MODIFY,COD_ACRONYM_COUNTRY,NUM_GMT_HOURS) values (1,'BRASIL',to_date('16-MAY-13','DD-MON-RR'),'ADMINCOR','BR',null);
Insert into ADMINCOR.COM_COUNTRIES (NUM_COUNTRY,NAM_COUNTRY,DAT_LAST_MODIFY,NAM_USER_MODIFY,COD_ACRONYM_COUNTRY,NUM_GMT_HOURS) values (3,'kingdom of saudi arabia',to_date('16-MAY-13','DD-MON-RR'),'ADMINCOR','SA',null);

Insert into ADMINCOR.COM_CONTRACTORS (NUM_CONTRACTOR,DES_CONTRACTOR,DAT_BEGIN_VALIDITY,DAT_END_VALIDITY,NAM_USER_MODIFY,DAT_LAST_MODIFY,NUM_COUNTRY) values (1,'ADA',to_date('01-FEB-15','DD-MON-RR'),null,'zaher',to_date('28-FEB-15','DD-MON-RR'),3);


Insert into ADMINCOR.COM_TYPES_HOLIDAYS (COD_TYPE_EVENT,DES_TYPE_EVENT,DAT_LAST_MODIFY,NAM_USER_MODIFY,IND_OPENING_ESTABLISHMENT,IND_TYPE_ESTABLISHMENT) values ('A','ADMINISTRATIVO',to_date('12-MAR-15','DD-MON-RR'),'DBMERCUR','N','S');
Insert into ADMINCOR.COM_TYPES_HOLIDAYS (COD_TYPE_EVENT,DES_TYPE_EVENT,DAT_LAST_MODIFY,NAM_USER_MODIFY,IND_OPENING_ESTABLISHMENT,IND_TYPE_ESTABLISHMENT) values ('C','COMERCIAL',to_date('12-MAR-15','DD-MON-RR'),'ADMINCOR','S','S');
Insert into ADMINCOR.COM_TYPES_HOLIDAYS (COD_TYPE_EVENT,DES_TYPE_EVENT,DAT_LAST_MODIFY,NAM_USER_MODIFY,IND_OPENING_ESTABLISHMENT,IND_TYPE_ESTABLISHMENT) values ('B','BANCARIO',to_date('12-MAR-15','DD-MON-RR'),'ADMINCOR','S','N');
Insert into ADMINCOR.COM_TYPES_HOLIDAYS (COD_TYPE_EVENT,DES_TYPE_EVENT,DAT_LAST_MODIFY,NAM_USER_MODIFY,IND_OPENING_ESTABLISHMENT,IND_TYPE_ESTABLISHMENT) values ('G','GERAL',to_date('12-MAR-15','DD-MON-RR'),'ADMINCOR','N','N');
Insert into ADMINCOR.COM_TYPES_HOLIDAYS (COD_TYPE_EVENT,DES_TYPE_EVENT,DAT_LAST_MODIFY,NAM_USER_MODIFY,IND_OPENING_ESTABLISHMENT,IND_TYPE_ESTABLISHMENT) values ('E','ABERTA PARA O EVENTO',to_date('12-MAR-15','DD-MON-RR'),'ADMINCOR','S','S');
Insert into ADMINCOR.COM_TYPES_HOLIDAYS (COD_TYPE_EVENT,DES_TYPE_EVENT,DAT_LAST_MODIFY,NAM_USER_MODIFY,IND_OPENING_ESTABLISHMENT,IND_TYPE_ESTABLISHMENT) values ('H','FECHADA PARA O EVENT',to_date('12-MAR-15','DD-MON-RR'),'ADMINCOR','N','S');
Insert into ADMINCOR.COM_TYPES_HOLIDAYS (COD_TYPE_EVENT,DES_TYPE_EVENT,DAT_LAST_MODIFY,NAM_USER_MODIFY,IND_OPENING_ESTABLISHMENT,IND_TYPE_ESTABLISHMENT) values ('M','FERIADOS MOVEIS',to_date('12-MAR-15','DD-MON-RR'),'ADMINCOR','N','N');

Insert into ADMINCOR.COM_STATES (NUM_COUNTRY,COD_STATE,NAM_STATE,DAT_LAST_MODIFY,NAM_USER_MODIFY,NUM_CONTROL_DOCUMENT) values (1,'SP','SAO PAULO',to_date('21-AUG-13','DD-MON-RR'),'ADMINCOR',8);
Insert into ADMINCOR.COM_STATES (NUM_COUNTRY,COD_STATE,NAM_STATE,DAT_LAST_MODIFY,NAM_USER_MODIFY,NUM_CONTROL_DOCUMENT) values (1,'PR','PARANA',to_date('03-DEC-04','DD-MON-RR'),'ADMINCOR',9);
Insert into ADMINCOR.COM_STATES (NUM_COUNTRY,COD_STATE,NAM_STATE,DAT_LAST_MODIFY,NAM_USER_MODIFY,NUM_CONTROL_DOCUMENT) values (1,'PE','PERNAMBUCO',to_date('03-DEC-04','DD-MON-RR'),'ADMINCOR',4);
Insert into ADMINCOR.COM_STATES (NUM_COUNTRY,COD_STATE,NAM_STATE,DAT_LAST_MODIFY,NAM_USER_MODIFY,NUM_CONTROL_DOCUMENT) values (1,'SC','SANTA CATARINA',to_date('03-DEC-04','DD-MON-RR'),'ADMINCOR',9);
Insert into ADMINCOR.COM_STATES (NUM_COUNTRY,COD_STATE,NAM_STATE,DAT_LAST_MODIFY,NAM_USER_MODIFY,NUM_CONTROL_DOCUMENT) values (1,'RJ','RIO DE JANEIRO',to_date('03-DEC-04','DD-MON-RR'),'ADMINCOR',7);
Insert into ADMINCOR.COM_STATES (NUM_COUNTRY,COD_STATE,NAM_STATE,DAT_LAST_MODIFY,NAM_USER_MODIFY,NUM_CONTROL_DOCUMENT) values (1,'ES','ESPIRITO SANTO',to_date('03-DEC-04','DD-MON-RR'),'ADMINCOR',7);
Insert into ADMINCOR.COM_STATES (NUM_COUNTRY,COD_STATE,NAM_STATE,DAT_LAST_MODIFY,NAM_USER_MODIFY,NUM_CONTROL_DOCUMENT) values (1,'MS','MATO GROSSO DO SUL',to_date('03-DEC-04','DD-MON-RR'),'ADMINCOR',1);
Insert into ADMINCOR.COM_STATES (NUM_COUNTRY,COD_STATE,NAM_STATE,DAT_LAST_MODIFY,NAM_USER_MODIFY,NUM_CONTROL_DOCUMENT) values (1,'MT','MATO GROSSO',to_date('03-DEC-04','DD-MON-RR'),'ADMINCOR',1);
Insert into ADMINCOR.COM_STATES (NUM_COUNTRY,COD_STATE,NAM_STATE,DAT_LAST_MODIFY,NAM_USER_MODIFY,NUM_CONTROL_DOCUMENT) values (1,'RS','RIO GRANDE DO SUL',to_date('03-DEC-04','DD-MON-RR'),'ADMINCOR',0);
Insert into ADMINCOR.COM_STATES (NUM_COUNTRY,COD_STATE,NAM_STATE,DAT_LAST_MODIFY,NAM_USER_MODIFY,NUM_CONTROL_DOCUMENT) values (1,'BA','BAHIA',to_date('03-DEC-04','DD-MON-RR'),'ADMINCOR',5);
Insert into ADMINCOR.COM_STATES (NUM_COUNTRY,COD_STATE,NAM_STATE,DAT_LAST_MODIFY,NAM_USER_MODIFY,NUM_CONTROL_DOCUMENT) values (1,'PI','PIAUI',to_date('03-DEC-04','DD-MON-RR'),'ADMINCOR',3);
Insert into ADMINCOR.COM_STATES (NUM_COUNTRY,COD_STATE,NAM_STATE,DAT_LAST_MODIFY,NAM_USER_MODIFY,NUM_CONTROL_DOCUMENT) values (1,'MA','MARANHAO',to_date('03-DEC-04','DD-MON-RR'),'ADMINCOR',3);
Insert into ADMINCOR.COM_STATES (NUM_COUNTRY,COD_STATE,NAM_STATE,DAT_LAST_MODIFY,NAM_USER_MODIFY,NUM_CONTROL_DOCUMENT) values (1,'AM','AMAZONAS',to_date('03-DEC-04','DD-MON-RR'),'ADMINCOR',2);
Insert into ADMINCOR.COM_STATES (NUM_COUNTRY,COD_STATE,NAM_STATE,DAT_LAST_MODIFY,NAM_USER_MODIFY,NUM_CONTROL_DOCUMENT) values (1,'CE','CEARA',to_date('03-DEC-04','DD-MON-RR'),'ADMINCOR',3);
Insert into ADMINCOR.COM_STATES (NUM_COUNTRY,COD_STATE,NAM_STATE,DAT_LAST_MODIFY,NAM_USER_MODIFY,NUM_CONTROL_DOCUMENT) values (1,'RO','RONDONIA',to_date('03-DEC-04','DD-MON-RR'),'ADMINCOR',2);
Insert into ADMINCOR.COM_STATES (NUM_COUNTRY,COD_STATE,NAM_STATE,DAT_LAST_MODIFY,NAM_USER_MODIFY,NUM_CONTROL_DOCUMENT) values (1,'AC','ACRE',to_date('03-DEC-04','DD-MON-RR'),'ADMINCOR',2);
Insert into ADMINCOR.COM_STATES (NUM_COUNTRY,COD_STATE,NAM_STATE,DAT_LAST_MODIFY,NAM_USER_MODIFY,NUM_CONTROL_DOCUMENT) values (1,'AL','ALAGOAS',to_date('03-DEC-04','DD-MON-RR'),'ADMINCOR',4);
Insert into ADMINCOR.COM_STATES (NUM_COUNTRY,COD_STATE,NAM_STATE,DAT_LAST_MODIFY,NAM_USER_MODIFY,NUM_CONTROL_DOCUMENT) values (1,'RN','RIO GRANDE DO NORTE',to_date('03-DEC-04','DD-MON-RR'),'ADMINCOR',4);
Insert into ADMINCOR.COM_STATES (NUM_COUNTRY,COD_STATE,NAM_STATE,DAT_LAST_MODIFY,NAM_USER_MODIFY,NUM_CONTROL_DOCUMENT) values (1,'DF','DISTRITO FEDERAL',to_date('03-DEC-04','DD-MON-RR'),'ADMINCOR',1);
Insert into ADMINCOR.COM_STATES (NUM_COUNTRY,COD_STATE,NAM_STATE,DAT_LAST_MODIFY,NAM_USER_MODIFY,NUM_CONTROL_DOCUMENT) values (1,'GO','GOIAS',to_date('03-DEC-04','DD-MON-RR'),'ADMINCOR',1);
Insert into ADMINCOR.COM_STATES (NUM_COUNTRY,COD_STATE,NAM_STATE,DAT_LAST_MODIFY,NAM_USER_MODIFY,NUM_CONTROL_DOCUMENT) values (1,'MG','MINAS GERAIS',to_date('03-DEC-04','DD-MON-RR'),'ADMINCOR',6);
Insert into ADMINCOR.COM_STATES (NUM_COUNTRY,COD_STATE,NAM_STATE,DAT_LAST_MODIFY,NAM_USER_MODIFY,NUM_CONTROL_DOCUMENT) values (1,'PA','PARA',to_date('03-DEC-04','DD-MON-RR'),'ADMINCOR',2);
Insert into ADMINCOR.COM_STATES (NUM_COUNTRY,COD_STATE,NAM_STATE,DAT_LAST_MODIFY,NAM_USER_MODIFY,NUM_CONTROL_DOCUMENT) values (1,'PB','PARAIBA',to_date('03-DEC-04','DD-MON-RR'),'ADMINCOR',4);
Insert into ADMINCOR.COM_STATES (NUM_COUNTRY,COD_STATE,NAM_STATE,DAT_LAST_MODIFY,NAM_USER_MODIFY,NUM_CONTROL_DOCUMENT) values (1,'SE','SERGIPE',to_date('03-DEC-04','DD-MON-RR'),'ADMINCOR',4);
Insert into ADMINCOR.COM_STATES (NUM_COUNTRY,COD_STATE,NAM_STATE,DAT_LAST_MODIFY,NAM_USER_MODIFY,NUM_CONTROL_DOCUMENT) values (1,'RR','RORAIMA',to_date('03-DEC-04','DD-MON-RR'),'ADMINCOR',2);
Insert into ADMINCOR.COM_STATES (NUM_COUNTRY,COD_STATE,NAM_STATE,DAT_LAST_MODIFY,NAM_USER_MODIFY,NUM_CONTROL_DOCUMENT) values (1,'TO','TOCANTINS',to_date('03-DEC-04','DD-MON-RR'),'ADMINCOR',1);
Insert into ADMINCOR.COM_STATES (NUM_COUNTRY,COD_STATE,NAM_STATE,DAT_LAST_MODIFY,NAM_USER_MODIFY,NUM_CONTROL_DOCUMENT) values (1,'AP','AMAPA',to_date('03-DEC-04','DD-MON-RR'),'ADMINCOR',2);
Insert into ADMINCOR.COM_STATES (NUM_COUNTRY,COD_STATE,NAM_STATE,DAT_LAST_MODIFY,NAM_USER_MODIFY,NUM_CONTROL_DOCUMENT) values (3,'RI','RIYADH',to_date('03-DEC-04','DD-MON-RR'),'ADMINCOR',2);


Insert into ADMINCOR.COM_COMPANIES (NUM_COMPANY,NAM_COMPANY,NAM_COMPANY_ALTERNATIVE,DAT_LAST_MODIFY,NAM_USER_MODIFY,COD_IDENTITY_FEDERAL,NUM_COUNTRY,COD_STATE,IND_SYSTEM_LANGUAGE) values (121,'lelebeis','zaherbtes',to_date('23-AUG-15','DD-MON-RR'),'test','12343212',1,'SP','P');
Insert into ADMINCOR.COM_COMPANIES (NUM_COMPANY,NAM_COMPANY,NAM_COMPANY_ALTERNATIVE,DAT_LAST_MODIFY,NAM_USER_MODIFY,COD_IDENTITY_FEDERAL,NUM_COUNTRY,COD_STATE,IND_SYSTEM_LANGUAGE) values (3,'Beyond Technology',null,to_date('30-APR-14','DD-MON-RR'),'ECAD000001','33040437000108',1,'SE','S');
Insert into ADMINCOR.COM_COMPANIES (NUM_COMPANY,NAM_COMPANY,NAM_COMPANY_ALTERNATIVE,DAT_LAST_MODIFY,NAM_USER_MODIFY,COD_IDENTITY_FEDERAL,NUM_COUNTRY,COD_STATE,IND_SYSTEM_LANGUAGE) values (5,'Almabani','Almabani',to_date('14-MAR-15','DD-MON-RR'),'Zaher','123456',3,'RI','P');

Insert into ADMINCOR.COM_PROJECTS (NUM_PROJECT,COD_PROJECT,NUM_COMPANY,NUM_CONTRACTOR,DAT_BEGIN_VALIDITY,DAT_END_VALIDITY,NAM_USER_MODIFY,DAT_LAST_MODIFY) values (1,'ERAOA',5,1,to_date('01-FEB-15','DD-MON-RR'),null,'zaher',to_date('28-FEB-15','DD-MON-RR'));
Insert into ADMINCOR.COM_PROJECTS (NUM_PROJECT,COD_PROJECT,NUM_COMPANY,NUM_CONTRACTOR,DAT_BEGIN_VALIDITY,DAT_END_VALIDITY,NAM_USER_MODIFY,DAT_LAST_MODIFY) values (2,'Beyond',3,1,to_date('01-FEB-15','DD-MON-RR'),null,'zaher',to_date('28-FEB-15','DD-MON-RR'));

Insert into COM_MUNICIPALITIES  values ('3550308','1','SP',to_date('08\11\10','DD\MM\RR'),'HIGIENIZ','SAO PAULO','0','355030','0','011 ','88412','0','9668','0',null,'M');
Insert into COM_MUNICIPALITIES  values ('3552809','1','SP',to_date('08\11\10','DD\MM\RR'),'HIGIENIZ','TABOAO DA SERRA','0','355280','0','011 ','88781','0','9707','0',null,'M');
Insert into COM_MUNICIPALITIES  values ('3553104','1','SP',to_date('08\11\10','DD\MM\RR'),'HIGIENIZ','TAIACU','0','355310','0','016 ','88811','0','9710','0','14725000','M');


Insert into COM_ZIP_CODE  values ('2435030','230493','PLINIO COLAS ','carga','3550308','1','SP',to_date('13\11\09','DD\MM\RR'),'3','28','2435','L PAULISTA',null,null,'M','R',null,null,null,null,'N',null,null,null,'36159',null,'S');
Insert into COM_ZIP_CODE  values ('4727160','228016','OSVALDO DE ANDRADE ','carga','3550308','1','SP',to_date('13\11\09','DD\MM\RR'),'3','69','4727','VL CRUZEIRO',null,null,'M','R',null,null,null,null,'N',null,null,null,'36588',null,'S');
Insert into COM_ZIP_CODE  values ('1547050','235455','OS SERTOES ','carga','3550308','1','SP',to_date('13\11\09','DD\MM\RR'),'3','22','1547','JD GLORIA',null,null,'M','R',null,null,null,null,'N',null,null,null,'35422',null,'S');


Insert into ADMINCOR.COM_ESTABLISHMENTS (NUM_ESTABLISHMENT,NUM_DOCUMENT,NUM_DIGIT_ESTABLISHMENT,NUM_COMPANY,IND_TYPE_ESTABLISHMENT,NAM_ESTABLISHMENT,DAT_LAST_MODIFY,NAM_USER_MODIFY,NUM_ZIP_CODE,NUM_SEQ_ZIP_CODE,IND_ACTIVE,NAM_ADDRESS,NUM_ADDRESS,DES_COMPLEMENT_ADDRESS_1,DES_COMPLEMENT_ADDRESS_2) values (1,11234,0,3,'O','Beyond Support',to_date('27-APR-14','DD-MON-RR'),'ECAD000001',2435030,230493,'Y',null,null,null,null);
Insert into ADMINCOR.COM_ESTABLISHMENTS (NUM_ESTABLISHMENT,NUM_DOCUMENT,NUM_DIGIT_ESTABLISHMENT,NUM_COMPANY,IND_TYPE_ESTABLISHMENT,NAM_ESTABLISHMENT,DAT_LAST_MODIFY,NAM_USER_MODIFY,NUM_ZIP_CODE,NUM_SEQ_ZIP_CODE,IND_ACTIVE,NAM_ADDRESS,NUM_ADDRESS,DES_COMPLEMENT_ADDRESS_1,DES_COMPLEMENT_ADDRESS_2) values (2,11234,0,5,'O','Alamabani OAM Oruba',to_date('27-APR-14','DD-MON-RR'),'ECAD000001',2435030,230493,'Y',null,null,null,null);
Insert into ADMINCOR.COM_DEPARTMENTS (NUM_DEPARTMENT,NUM_COMPANY,COD_DEPARTMENT,NAM_DEPARTMENT,IND_ACTIVE,COD_USER_RESPONSIBLE,DAT_LAST_MODIFY,NAM_USER_MODIFY) values (13,5,'ADM','Administration','Y',null,to_date('10-AUG-14','DD-MON-RR'),'ECAD000001');
Insert into ADMINCOR.COM_DEPARTMENTS (NUM_DEPARTMENT,NUM_COMPANY,COD_DEPARTMENT,NAM_DEPARTMENT,IND_ACTIVE,COD_USER_RESPONSIBLE,DAT_LAST_MODIFY,NAM_USER_MODIFY) values (14,5,'ELT','Eletronical','Y',null,to_date('10-AUG-14','DD-MON-RR'),'ECAD000001');
Insert into ADMINCOR.COM_DEPARTMENTS (NUM_DEPARTMENT,NUM_COMPANY,COD_DEPARTMENT,NAM_DEPARTMENT,IND_ACTIVE,COD_USER_RESPONSIBLE,DAT_LAST_MODIFY,NAM_USER_MODIFY) values (15,5,'MEC','Mechanical','Y',null,to_date('10-AUG-14','DD-MON-RR'),'ECAD000001');
Insert into ADMINCOR.COM_DEPARTMENTS (NUM_DEPARTMENT,NUM_COMPANY,COD_DEPARTMENT,NAM_DEPARTMENT,IND_ACTIVE,COD_USER_RESPONSIBLE,DAT_LAST_MODIFY,NAM_USER_MODIFY) values (16,5,'ELE','Eletrical','Y',null,to_date('10-AUG-14','DD-MON-RR'),'ECAD000001');
Insert into ADMINCOR.COM_DEPARTMENTS (NUM_DEPARTMENT,NUM_COMPANY,COD_DEPARTMENT,NAM_DEPARTMENT,IND_ACTIVE,COD_USER_RESPONSIBLE,DAT_LAST_MODIFY,NAM_USER_MODIFY) values (17,5,'NOTD','Not Defined','Y',null,to_date('18-MAR-15','DD-MON-RR'),'MABMCC0001');
Insert into ADMINCOR.COM_DEPARTMENTS (NUM_DEPARTMENT,NUM_COMPANY,COD_DEPARTMENT,NAM_DEPARTMENT,IND_ACTIVE,COD_USER_RESPONSIBLE,DAT_LAST_MODIFY,NAM_USER_MODIFY) values (18,5,'CIV','Civil','Y',null,to_date('10-AUG-14','DD-MON-RR'),'ECAD000001');
Insert into ADMINCOR.COM_DEPARTMENTS (NUM_DEPARTMENT,NUM_COMPANY,COD_DEPARTMENT,NAM_DEPARTMENT,IND_ACTIVE,COD_USER_RESPONSIBLE,DAT_LAST_MODIFY,NAM_USER_MODIFY) values (19,5,'LAN','LandScaping','Y',null,to_date('10-AUG-14','DD-MON-RR'),'ECAD000001');
Insert into ADMINCOR.COM_DEPARTMENTS (NUM_DEPARTMENT,NUM_COMPANY,COD_DEPARTMENT,NAM_DEPARTMENT,IND_ACTIVE,COD_USER_RESPONSIBLE,DAT_LAST_MODIFY,NAM_USER_MODIFY) values (12,5,'MCC','Traffic management','Y',null,to_date('10-AUG-14','DD-MON-RR'),'ECAD000001');
Insert into ADMINCOR.COM_DEPARTMENTS (NUM_DEPARTMENT,NUM_COMPANY,COD_DEPARTMENT,NAM_DEPARTMENT,IND_ACTIVE,COD_USER_RESPONSIBLE,DAT_LAST_MODIFY,NAM_USER_MODIFY) values (1,3,'ITS','IT Support','Y',null,to_date('10-AUG-14','DD-MON-RR'),'ECAD000001');

Insert into ADMINCOR.COM_DEP_SECTIONS (NUM_DEP_SECTION,NUM_DEPARTMENT,COD_SECTION,NAM_SECTION,IND_ACTIVE,COD_USER_RESPONSIBLE,DAT_LAST_MODIFY,NAM_USER_MODIFY) values (12,12,'ITS','Intlligent Traffic System','Y',null,to_date('18-MAR-15','DD-MON-RR'),'MABMCC0001');
Insert into ADMINCOR.COM_DEP_SECTIONS (NUM_DEP_SECTION,NUM_DEPARTMENT,COD_SECTION,NAM_SECTION,IND_ACTIVE,COD_USER_RESPONSIBLE,DAT_LAST_MODIFY,NAM_USER_MODIFY) values (13,13,'ADM','Administration','Y',null,to_date('21-JUL-14','DD-MON-RR'),'ADMINUSER3');
Insert into ADMINCOR.COM_DEP_SECTIONS (NUM_DEP_SECTION,NUM_DEPARTMENT,COD_SECTION,NAM_SECTION,IND_ACTIVE,COD_USER_RESPONSIBLE,DAT_LAST_MODIFY,NAM_USER_MODIFY) values (21,14,'ELET','Eletronical','Y',null,to_date('17-MAR-15','DD-MON-RR'),'MABMCC0001');
Insert into ADMINCOR.COM_DEP_SECTIONS (NUM_DEP_SECTION,NUM_DEPARTMENT,COD_SECTION,NAM_SECTION,IND_ACTIVE,COD_USER_RESPONSIBLE,DAT_LAST_MODIFY,NAM_USER_MODIFY) values (22,15,'MECH','Mechanical','Y',null,to_date('17-MAR-15','DD-MON-RR'),'MABMCC0001');
Insert into ADMINCOR.COM_DEP_SECTIONS (NUM_DEP_SECTION,NUM_DEPARTMENT,COD_SECTION,NAM_SECTION,IND_ACTIVE,COD_USER_RESPONSIBLE,DAT_LAST_MODIFY,NAM_USER_MODIFY) values (23,16,'ELET','Eletrical','Y',null,to_date('17-MAR-15','DD-MON-RR'),'MABMCC0001');
Insert into ADMINCOR.COM_DEP_SECTIONS (NUM_DEP_SECTION,NUM_DEPARTMENT,COD_SECTION,NAM_SECTION,IND_ACTIVE,COD_USER_RESPONSIBLE,DAT_LAST_MODIFY,NAM_USER_MODIFY) values (24,17,'NOTD','Not Defined','Y',null,to_date('18-MAR-15','DD-MON-RR'),'MABMCC0001');
Insert into ADMINCOR.COM_DEP_SECTIONS (NUM_DEP_SECTION,NUM_DEPARTMENT,COD_SECTION,NAM_SECTION,IND_ACTIVE,COD_USER_RESPONSIBLE,DAT_LAST_MODIFY,NAM_USER_MODIFY) values (25,18,'CIVI','Civil','Y',null,to_date('17-MAR-15','DD-MON-RR'),'MABMCC0001');
Insert into ADMINCOR.COM_DEP_SECTIONS (NUM_DEP_SECTION,NUM_DEPARTMENT,COD_SECTION,NAM_SECTION,IND_ACTIVE,COD_USER_RESPONSIBLE,DAT_LAST_MODIFY,NAM_USER_MODIFY) values (26,19,'LAND','Landscaping','Y',null,to_date('17-MAR-15','DD-MON-RR'),'MABMCC0001');
Insert into ADMINCOR.COM_DEP_SECTIONS (NUM_DEP_SECTION,NUM_DEPARTMENT,COD_SECTION,NAM_SECTION,IND_ACTIVE,COD_USER_RESPONSIBLE,DAT_LAST_MODIFY,NAM_USER_MODIFY) values (1,1,'ITS','IT SUPPORT','Y',null,to_date('21-JUL-14','DD-MON-RR'),'ADMINUSER3');


Insert into ADMINCOR.COM_TYPES_JOB_TITLE (NUM_TYPE_JOB_TITLE,DES_TYPE_JOB_TITLE,NUM_COMPANY,IND_ACTIVE,DAT_LAST_MODIFY,NAM_USER_MODIFY,VAL_CONTRACTOR) values (142,'Project Manager',5,'Y',to_date('15-FEB-15','DD-MON-RR'),'ADMINCOR',null);
Insert into ADMINCOR.COM_TYPES_JOB_TITLE (NUM_TYPE_JOB_TITLE,DES_TYPE_JOB_TITLE,NUM_COMPANY,IND_ACTIVE,DAT_LAST_MODIFY,NAM_USER_MODIFY,VAL_CONTRACTOR) values (143,'Call Center Rep',5,'Y',to_date('15-FEB-15','DD-MON-RR'),'ADMINCOR',null);
Insert into ADMINCOR.COM_TYPES_JOB_TITLE (NUM_TYPE_JOB_TITLE,DES_TYPE_JOB_TITLE,NUM_COMPANY,IND_ACTIVE,DAT_LAST_MODIFY,NAM_USER_MODIFY,VAL_CONTRACTOR) values (144,'Head Engineer',5,'Y',to_date('15-FEB-15','DD-MON-RR'),'ADMINCOR',null);
Insert into ADMINCOR.COM_TYPES_JOB_TITLE (NUM_TYPE_JOB_TITLE,DES_TYPE_JOB_TITLE,NUM_COMPANY,IND_ACTIVE,DAT_LAST_MODIFY,NAM_USER_MODIFY,VAL_CONTRACTOR) values (145,'Shift Engineer',5,'Y',to_date('15-FEB-15','DD-MON-RR'),'ADMINCOR',null);
Insert into ADMINCOR.COM_TYPES_JOB_TITLE (NUM_TYPE_JOB_TITLE,DES_TYPE_JOB_TITLE,NUM_COMPANY,IND_ACTIVE,DAT_LAST_MODIFY,NAM_USER_MODIFY,VAL_CONTRACTOR) values (146,'Data Encoder',5,'Y',to_date('15-FEB-15','DD-MON-RR'),'ADMINCOR',null);
Insert into ADMINCOR.COM_TYPES_JOB_TITLE (NUM_TYPE_JOB_TITLE,DES_TYPE_JOB_TITLE,NUM_COMPANY,IND_ACTIVE,DAT_LAST_MODIFY,NAM_USER_MODIFY,VAL_CONTRACTOR) values (147,'Systems Operator Technician',5,'Y',to_date('15-FEB-15','DD-MON-RR'),'ADMINCOR',null);
Insert into ADMINCOR.COM_TYPES_JOB_TITLE (NUM_TYPE_JOB_TITLE,DES_TYPE_JOB_TITLE,NUM_COMPANY,IND_ACTIVE,DAT_LAST_MODIFY,NAM_USER_MODIFY,VAL_CONTRACTOR) values (148,'Systems Operator',5,'Y',to_date('15-FEB-15','DD-MON-RR'),'ADMINCOR',null);
Insert into ADMINCOR.COM_TYPES_JOB_TITLE (NUM_TYPE_JOB_TITLE,DES_TYPE_JOB_TITLE,NUM_COMPANY,IND_ACTIVE,DAT_LAST_MODIFY,NAM_USER_MODIFY,VAL_CONTRACTOR) values (149,'Electronic Engineer',5,'Y',to_date('15-FEB-15','DD-MON-RR'),'ADMINCOR',null);
Insert into ADMINCOR.COM_TYPES_JOB_TITLE (NUM_TYPE_JOB_TITLE,DES_TYPE_JOB_TITLE,NUM_COMPANY,IND_ACTIVE,DAT_LAST_MODIFY,NAM_USER_MODIFY,VAL_CONTRACTOR) values (150,'Electronic Technician',5,'Y',to_date('15-FEB-15','DD-MON-RR'),'ADMINCOR',null);
Insert into ADMINCOR.COM_TYPES_JOB_TITLE (NUM_TYPE_JOB_TITLE,DES_TYPE_JOB_TITLE,NUM_COMPANY,IND_ACTIVE,DAT_LAST_MODIFY,NAM_USER_MODIFY,VAL_CONTRACTOR) values (151,'Main Electrical Technician',5,'Y',to_date('15-FEB-15','DD-MON-RR'),'ADMINCOR',null);
Insert into ADMINCOR.COM_TYPES_JOB_TITLE (NUM_TYPE_JOB_TITLE,DES_TYPE_JOB_TITLE,NUM_COMPANY,IND_ACTIVE,DAT_LAST_MODIFY,NAM_USER_MODIFY,VAL_CONTRACTOR) values (152,'Electrical Technician',5,'Y',to_date('15-FEB-15','DD-MON-RR'),'ADMINCOR',null);
Insert into ADMINCOR.COM_TYPES_JOB_TITLE (NUM_TYPE_JOB_TITLE,DES_TYPE_JOB_TITLE,NUM_COMPANY,IND_ACTIVE,DAT_LAST_MODIFY,NAM_USER_MODIFY,VAL_CONTRACTOR) values (153,'Main Mechanical Technician',5,'Y',to_date('15-FEB-15','DD-MON-RR'),'ADMINCOR',null);
Insert into ADMINCOR.COM_TYPES_JOB_TITLE (NUM_TYPE_JOB_TITLE,DES_TYPE_JOB_TITLE,NUM_COMPANY,IND_ACTIVE,DAT_LAST_MODIFY,NAM_USER_MODIFY,VAL_CONTRACTOR) values (154,'Mechanical Technician',5,'Y',to_date('15-FEB-15','DD-MON-RR'),'ADMINCOR',null);
Insert into ADMINCOR.COM_TYPES_JOB_TITLE (NUM_TYPE_JOB_TITLE,DES_TYPE_JOB_TITLE,NUM_COMPANY,IND_ACTIVE,DAT_LAST_MODIFY,NAM_USER_MODIFY,VAL_CONTRACTOR) values (155,'Unskilled Mechanical Labor',5,'Y',to_date('15-FEB-15','DD-MON-RR'),'ADMINCOR',null);
Insert into ADMINCOR.COM_TYPES_JOB_TITLE (NUM_TYPE_JOB_TITLE,DES_TYPE_JOB_TITLE,NUM_COMPANY,IND_ACTIVE,DAT_LAST_MODIFY,NAM_USER_MODIFY,VAL_CONTRACTOR) values (156,'Civil Technician',5,'Y',to_date('15-FEB-15','DD-MON-RR'),'ADMINCOR',null);
Insert into ADMINCOR.COM_TYPES_JOB_TITLE (NUM_TYPE_JOB_TITLE,DES_TYPE_JOB_TITLE,NUM_COMPANY,IND_ACTIVE,DAT_LAST_MODIFY,NAM_USER_MODIFY,VAL_CONTRACTOR) values (157,'Skilled Civil Labor',5,'Y',to_date('15-FEB-15','DD-MON-RR'),'ADMINCOR',null);
Insert into ADMINCOR.COM_TYPES_JOB_TITLE (NUM_TYPE_JOB_TITLE,DES_TYPE_JOB_TITLE,NUM_COMPANY,IND_ACTIVE,DAT_LAST_MODIFY,NAM_USER_MODIFY,VAL_CONTRACTOR) values (158,'Unskilled Civil Labor',5,'Y',to_date('15-FEB-15','DD-MON-RR'),'ADMINCOR',null);
Insert into ADMINCOR.COM_TYPES_JOB_TITLE (NUM_TYPE_JOB_TITLE,DES_TYPE_JOB_TITLE,NUM_COMPANY,IND_ACTIVE,DAT_LAST_MODIFY,NAM_USER_MODIFY,VAL_CONTRACTOR) values (159,'Main Landscaping Technician',5,'Y',to_date('15-FEB-15','DD-MON-RR'),'ADMINCOR',null);
Insert into ADMINCOR.COM_TYPES_JOB_TITLE (NUM_TYPE_JOB_TITLE,DES_TYPE_JOB_TITLE,NUM_COMPANY,IND_ACTIVE,DAT_LAST_MODIFY,NAM_USER_MODIFY,VAL_CONTRACTOR) values (160,'Landscaping Labor',5,'Y',to_date('15-FEB-15','DD-MON-RR'),'ADMINCOR',null);
Insert into ADMINCOR.COM_TYPES_JOB_TITLE (NUM_TYPE_JOB_TITLE,DES_TYPE_JOB_TITLE,NUM_COMPANY,IND_ACTIVE,DAT_LAST_MODIFY,NAM_USER_MODIFY,VAL_CONTRACTOR) values (161,'Irrigation Labor',5,'Y',to_date('15-FEB-15','DD-MON-RR'),'ADMINCOR',null);
Insert into ADMINCOR.COM_TYPES_JOB_TITLE (NUM_TYPE_JOB_TITLE,DES_TYPE_JOB_TITLE,NUM_COMPANY,IND_ACTIVE,DAT_LAST_MODIFY,NAM_USER_MODIFY,VAL_CONTRACTOR) values (162,'Palm Tree Technician ',5,'Y',to_date('15-FEB-15','DD-MON-RR'),'ADMINCOR',null);
Insert into ADMINCOR.COM_TYPES_JOB_TITLE (NUM_TYPE_JOB_TITLE,DES_TYPE_JOB_TITLE,NUM_COMPANY,IND_ACTIVE,DAT_LAST_MODIFY,NAM_USER_MODIFY,VAL_CONTRACTOR) values (163,'Irrigation System Operator',5,'Y',to_date('15-FEB-15','DD-MON-RR'),'ADMINCOR',null);
Insert into ADMINCOR.COM_TYPES_JOB_TITLE (NUM_TYPE_JOB_TITLE,DES_TYPE_JOB_TITLE,NUM_COMPANY,IND_ACTIVE,DAT_LAST_MODIFY,NAM_USER_MODIFY,VAL_CONTRACTOR) values (164,'Main Cleaning Works Technician',5,'Y',to_date('15-FEB-15','DD-MON-RR'),'ADMINCOR',null);
Insert into ADMINCOR.COM_TYPES_JOB_TITLE (NUM_TYPE_JOB_TITLE,DES_TYPE_JOB_TITLE,NUM_COMPANY,IND_ACTIVE,DAT_LAST_MODIFY,NAM_USER_MODIFY,VAL_CONTRACTOR) values (165,'Cleaning Labor',5,'Y',to_date('15-FEB-15','DD-MON-RR'),'ADMINCOR',null);
Insert into ADMINCOR.COM_TYPES_JOB_TITLE (NUM_TYPE_JOB_TITLE,DES_TYPE_JOB_TITLE,NUM_COMPANY,IND_ACTIVE,DAT_LAST_MODIFY,NAM_USER_MODIFY,VAL_CONTRACTOR) values (166,'Heavy Equipment Operator',5,'Y',to_date('15-FEB-15','DD-MON-RR'),'ADMINCOR',null);
Insert into ADMINCOR.COM_TYPES_JOB_TITLE (NUM_TYPE_JOB_TITLE,DES_TYPE_JOB_TITLE,NUM_COMPANY,IND_ACTIVE,DAT_LAST_MODIFY,NAM_USER_MODIFY,VAL_CONTRACTOR) values (167,'Tanker Driver',5,'Y',to_date('15-FEB-15','DD-MON-RR'),'ADMINCOR',null);
Insert into ADMINCOR.COM_TYPES_JOB_TITLE (NUM_TYPE_JOB_TITLE,DES_TYPE_JOB_TITLE,NUM_COMPANY,IND_ACTIVE,DAT_LAST_MODIFY,NAM_USER_MODIFY,VAL_CONTRACTOR) values (168,'General Driver',5,'Y',to_date('15-FEB-15','DD-MON-RR'),'ADMINCOR',null);
Insert into ADMINCOR.COM_TYPES_JOB_TITLE (NUM_TYPE_JOB_TITLE,DES_TYPE_JOB_TITLE,NUM_COMPANY,IND_ACTIVE,DAT_LAST_MODIFY,NAM_USER_MODIFY,VAL_CONTRACTOR) values (169,'Office Boy',5,'Y',to_date('15-FEB-15','DD-MON-RR'),'ADMINCOR',null);
Insert into ADMINCOR.COM_TYPES_JOB_TITLE (NUM_TYPE_JOB_TITLE,DES_TYPE_JOB_TITLE,NUM_COMPANY,IND_ACTIVE,DAT_LAST_MODIFY,NAM_USER_MODIFY,VAL_CONTRACTOR) values (170,'Occasional Foreman',5,'Y',to_date('15-FEB-15','DD-MON-RR'),'ADMINCOR',null);
Insert into ADMINCOR.COM_TYPES_JOB_TITLE (NUM_TYPE_JOB_TITLE,DES_TYPE_JOB_TITLE,NUM_COMPANY,IND_ACTIVE,DAT_LAST_MODIFY,NAM_USER_MODIFY,VAL_CONTRACTOR) values (2,'GERENTE',3,'Y',to_date('06-AUG-13','DD-MON-RR'),'ADMINCOR',null);
Insert into ADMINCOR.COM_TYPES_JOB_TITLE (NUM_TYPE_JOB_TITLE,DES_TYPE_JOB_TITLE,NUM_COMPANY,IND_ACTIVE,DAT_LAST_MODIFY,NAM_USER_MODIFY,VAL_CONTRACTOR) values (3,'COORDENADOR',3,'Y',to_date('16-JUL-00','DD-MON-RR'),'ADMINCOR',null);
Insert into ADMINCOR.COM_TYPES_JOB_TITLE (NUM_TYPE_JOB_TITLE,DES_TYPE_JOB_TITLE,NUM_COMPANY,IND_ACTIVE,DAT_LAST_MODIFY,NAM_USER_MODIFY,VAL_CONTRACTOR) values (4,'ANALISTA DE SISTEMA',3,'Y',to_date('16-JUL-00','DD-MON-RR'),'ADMINCOR',null);
Insert into ADMINCOR.COM_TYPES_JOB_TITLE (NUM_TYPE_JOB_TITLE,DES_TYPE_JOB_TITLE,NUM_COMPANY,IND_ACTIVE,DAT_LAST_MODIFY,NAM_USER_MODIFY,VAL_CONTRACTOR) values (5,'SUPERVISOR',3,'Y',to_date('16-JUL-00','DD-MON-RR'),'ADMINCOR',null);
Insert into ADMINCOR.COM_TYPES_JOB_TITLE (NUM_TYPE_JOB_TITLE,DES_TYPE_JOB_TITLE,NUM_COMPANY,IND_ACTIVE,DAT_LAST_MODIFY,NAM_USER_MODIFY,VAL_CONTRACTOR) values (6,'INSPETOR',3,'Y',to_date('16-JUL-00','DD-MON-RR'),'ADMINCOR',null);
Insert into ADMINCOR.COM_TYPES_JOB_TITLE (NUM_TYPE_JOB_TITLE,DES_TYPE_JOB_TITLE,NUM_COMPANY,IND_ACTIVE,DAT_LAST_MODIFY,NAM_USER_MODIFY,VAL_CONTRACTOR) values (7,'ASSISTENTE',3,'Y',to_date('16-JUL-00','DD-MON-RR'),'ADMINCOR',null);
Insert into ADMINCOR.COM_TYPES_JOB_TITLE (NUM_TYPE_JOB_TITLE,DES_TYPE_JOB_TITLE,NUM_COMPANY,IND_ACTIVE,DAT_LAST_MODIFY,NAM_USER_MODIFY,VAL_CONTRACTOR) values (8,'AUXILIAR',3,'Y',to_date('16-JUL-00','DD-MON-RR'),'ADMINCOR',null);
Insert into ADMINCOR.COM_TYPES_JOB_TITLE (NUM_TYPE_JOB_TITLE,DES_TYPE_JOB_TITLE,NUM_COMPANY,IND_ACTIVE,DAT_LAST_MODIFY,NAM_USER_MODIFY,VAL_CONTRACTOR) values (9,'CHEFE DE VENDAS',3,'Y',to_date('16-JUL-00','DD-MON-RR'),'ADMINCOR',null);
Insert into ADMINCOR.COM_TYPES_JOB_TITLE (NUM_TYPE_JOB_TITLE,DES_TYPE_JOB_TITLE,NUM_COMPANY,IND_ACTIVE,DAT_LAST_MODIFY,NAM_USER_MODIFY,VAL_CONTRACTOR) values (10,'CHEFE ADMINISTRATIVO',3,'Y',to_date('16-JUL-00','DD-MON-RR'),'ADMINCOR',null);
Insert into ADMINCOR.COM_TYPES_JOB_TITLE (NUM_TYPE_JOB_TITLE,DES_TYPE_JOB_TITLE,NUM_COMPANY,IND_ACTIVE,DAT_LAST_MODIFY,NAM_USER_MODIFY,VAL_CONTRACTOR) values (11,'VENDEDOR',3,'Y',to_date('16-JUL-00','DD-MON-RR'),'ADMINCOR',null);
Insert into ADMINCOR.COM_TYPES_JOB_TITLE (NUM_TYPE_JOB_TITLE,DES_TYPE_JOB_TITLE,NUM_COMPANY,IND_ACTIVE,DAT_LAST_MODIFY,NAM_USER_MODIFY,VAL_CONTRACTOR) values (12,'SUB-GERENTE',3,'Y',to_date('16-JUL-00','DD-MON-RR'),'ADMINCOR',null);
Insert into ADMINCOR.COM_TYPES_JOB_TITLE (NUM_TYPE_JOB_TITLE,DES_TYPE_JOB_TITLE,NUM_COMPANY,IND_ACTIVE,DAT_LAST_MODIFY,NAM_USER_MODIFY,VAL_CONTRACTOR) values (13,'CHEFE\COODENADOR',3,'Y',to_date('16-JUL-00','DD-MON-RR'),'ADMINCOR',null);
Insert into ADMINCOR.COM_TYPES_JOB_TITLE (NUM_TYPE_JOB_TITLE,DES_TYPE_JOB_TITLE,NUM_COMPANY,IND_ACTIVE,DAT_LAST_MODIFY,NAM_USER_MODIFY,VAL_CONTRACTOR) values (14,'SUPERVISOR\ANALISTA',3,'Y',to_date('16-JUL-00','DD-MON-RR'),'ADMINCOR',null);
Insert into ADMINCOR.COM_TYPES_JOB_TITLE (NUM_TYPE_JOB_TITLE,DES_TYPE_JOB_TITLE,NUM_COMPANY,IND_ACTIVE,DAT_LAST_MODIFY,NAM_USER_MODIFY,VAL_CONTRACTOR) values (15,'CAIXA',3,'Y',to_date('16-JUL-00','DD-MON-RR'),'ADMINCOR',null);
Insert into ADMINCOR.COM_TYPES_JOB_TITLE (NUM_TYPE_JOB_TITLE,DES_TYPE_JOB_TITLE,NUM_COMPANY,IND_ACTIVE,DAT_LAST_MODIFY,NAM_USER_MODIFY,VAL_CONTRACTOR) values (16,'AJUDANTE',3,'Y',to_date('16-JUL-00','DD-MON-RR'),'ADMINCOR',null);
Insert into ADMINCOR.COM_TYPES_JOB_TITLE (NUM_TYPE_JOB_TITLE,DES_TYPE_JOB_TITLE,NUM_COMPANY,IND_ACTIVE,DAT_LAST_MODIFY,NAM_USER_MODIFY,VAL_CONTRACTOR) values (17,'CHEFE DE SETOR',3,'Y',to_date('16-JUL-00','DD-MON-RR'),'ADMINCOR',null);
Insert into ADMINCOR.COM_TYPES_JOB_TITLE (NUM_TYPE_JOB_TITLE,DES_TYPE_JOB_TITLE,NUM_COMPANY,IND_ACTIVE,DAT_LAST_MODIFY,NAM_USER_MODIFY,VAL_CONTRACTOR) values (18,'COORDENADOR\SUPERVISOR',3,'Y',to_date('16-JUL-00','DD-MON-RR'),'ADMINCOR',null);
Insert into ADMINCOR.COM_TYPES_JOB_TITLE (NUM_TYPE_JOB_TITLE,DES_TYPE_JOB_TITLE,NUM_COMPANY,IND_ACTIVE,DAT_LAST_MODIFY,NAM_USER_MODIFY,VAL_CONTRACTOR) values (19,'ANALISTA',3,'Y',to_date('16-JUL-00','DD-MON-RR'),'ADMINCOR',null);
Insert into ADMINCOR.COM_TYPES_JOB_TITLE (NUM_TYPE_JOB_TITLE,DES_TYPE_JOB_TITLE,NUM_COMPANY,IND_ACTIVE,DAT_LAST_MODIFY,NAM_USER_MODIFY,VAL_CONTRACTOR) values (20,'TESOUREIRO',3,'Y',to_date('16-JUL-00','DD-MON-RR'),'ADMINCOR',null);
Insert into ADMINCOR.COM_TYPES_JOB_TITLE (NUM_TYPE_JOB_TITLE,DES_TYPE_JOB_TITLE,NUM_COMPANY,IND_ACTIVE,DAT_LAST_MODIFY,NAM_USER_MODIFY,VAL_CONTRACTOR) values (21,'ESCRITURARIO',3,'Y',to_date('16-JUL-00','DD-MON-RR'),'ADMINCOR',null);
Insert into ADMINCOR.COM_TYPES_JOB_TITLE (NUM_TYPE_JOB_TITLE,DES_TYPE_JOB_TITLE,NUM_COMPANY,IND_ACTIVE,DAT_LAST_MODIFY,NAM_USER_MODIFY,VAL_CONTRACTOR) values (22,'ASSISTENTE\ANALISTA',3,'Y',to_date('16-JUL-00','DD-MON-RR'),'ADMINCOR',null);
Insert into ADMINCOR.COM_TYPES_JOB_TITLE (NUM_TYPE_JOB_TITLE,DES_TYPE_JOB_TITLE,NUM_COMPANY,IND_ACTIVE,DAT_LAST_MODIFY,NAM_USER_MODIFY,VAL_CONTRACTOR) values (23,'TORNEIRO\FRISADOR',3,'Y',to_date('16-JUL-00','DD-MON-RR'),'ADMINCOR',null);
Insert into ADMINCOR.COM_TYPES_JOB_TITLE (NUM_TYPE_JOB_TITLE,DES_TYPE_JOB_TITLE,NUM_COMPANY,IND_ACTIVE,DAT_LAST_MODIFY,NAM_USER_MODIFY,VAL_CONTRACTOR) values (24,'OPERADOR',3,'Y',to_date('16-JUL-00','DD-MON-RR'),'ADMINCOR',null);
Insert into ADMINCOR.COM_TYPES_JOB_TITLE (NUM_TYPE_JOB_TITLE,DES_TYPE_JOB_TITLE,NUM_COMPANY,IND_ACTIVE,DAT_LAST_MODIFY,NAM_USER_MODIFY,VAL_CONTRACTOR) values (25,'AJUDANTE GERAL',3,'Y',to_date('16-JUL-00','DD-MON-RR'),'ADMINCOR',null);
Insert into ADMINCOR.COM_TYPES_JOB_TITLE (NUM_TYPE_JOB_TITLE,DES_TYPE_JOB_TITLE,NUM_COMPANY,IND_ACTIVE,DAT_LAST_MODIFY,NAM_USER_MODIFY,VAL_CONTRACTOR) values (26,'PUBLICO MUNICIPAL',3,'Y',to_date('16-JUL-00','DD-MON-RR'),'ADMINCOR',null);
Insert into ADMINCOR.COM_TYPES_JOB_TITLE (NUM_TYPE_JOB_TITLE,DES_TYPE_JOB_TITLE,NUM_COMPANY,IND_ACTIVE,DAT_LAST_MODIFY,NAM_USER_MODIFY,VAL_CONTRACTOR) values (27,'PUBLICO ESTADUAL',3,'Y',to_date('16-JUL-00','DD-MON-RR'),'ADMINCOR',null);
Insert into ADMINCOR.COM_TYPES_JOB_TITLE (NUM_TYPE_JOB_TITLE,DES_TYPE_JOB_TITLE,NUM_COMPANY,IND_ACTIVE,DAT_LAST_MODIFY,NAM_USER_MODIFY,VAL_CONTRACTOR) values (28,'PUBLICO FEDERAL',3,'Y',to_date('16-JUL-00','DD-MON-RR'),'ADMINCOR',null);
Insert into ADMINCOR.COM_TYPES_JOB_TITLE (NUM_TYPE_JOB_TITLE,DES_TYPE_JOB_TITLE,NUM_COMPANY,IND_ACTIVE,DAT_LAST_MODIFY,NAM_USER_MODIFY,VAL_CONTRACTOR) values (29,'EMPRESA PRIVADA',3,'Y',to_date('16-JUL-00','DD-MON-RR'),'ADMINCOR',null);
Insert into ADMINCOR.COM_TYPES_JOB_TITLE (NUM_TYPE_JOB_TITLE,DES_TYPE_JOB_TITLE,NUM_COMPANY,IND_ACTIVE,DAT_LAST_MODIFY,NAM_USER_MODIFY,VAL_CONTRACTOR) values (30,'BENEFICIARIO',3,'Y',to_date('16-JUL-00','DD-MON-RR'),'ADMINCOR',null);
Insert into ADMINCOR.COM_TYPES_JOB_TITLE (NUM_TYPE_JOB_TITLE,DES_TYPE_JOB_TITLE,NUM_COMPANY,IND_ACTIVE,DAT_LAST_MODIFY,NAM_USER_MODIFY,VAL_CONTRACTOR) values (31,'PENSIONISTA',3,'Y',to_date('16-JUL-00','DD-MON-RR'),'ADMINCOR',null);
Insert into ADMINCOR.COM_TYPES_JOB_TITLE (NUM_TYPE_JOB_TITLE,DES_TYPE_JOB_TITLE,NUM_COMPANY,IND_ACTIVE,DAT_LAST_MODIFY,NAM_USER_MODIFY,VAL_CONTRACTOR) values (32,'MILITAR',3,'Y',to_date('16-JUL-00','DD-MON-RR'),'ADMINCOR',null);
Insert into ADMINCOR.COM_TYPES_JOB_TITLE (NUM_TYPE_JOB_TITLE,DES_TYPE_JOB_TITLE,NUM_COMPANY,IND_ACTIVE,DAT_LAST_MODIFY,NAM_USER_MODIFY,VAL_CONTRACTOR) values (33,'PEDREIRO\PINTOR\ENCANADOR',3,'Y',to_date('16-JUL-00','DD-MON-RR'),'ADMINCOR',null);
Insert into ADMINCOR.COM_TYPES_JOB_TITLE (NUM_TYPE_JOB_TITLE,DES_TYPE_JOB_TITLE,NUM_COMPANY,IND_ACTIVE,DAT_LAST_MODIFY,NAM_USER_MODIFY,VAL_CONTRACTOR) values (34,'COSTUREIRA',3,'Y',to_date('16-JUL-00','DD-MON-RR'),'ADMINCOR',null);
Insert into ADMINCOR.COM_TYPES_JOB_TITLE (NUM_TYPE_JOB_TITLE,DES_TYPE_JOB_TITLE,NUM_COMPANY,IND_ACTIVE,DAT_LAST_MODIFY,NAM_USER_MODIFY,VAL_CONTRACTOR) values (35,'AMBULANTE EM GERAL',3,'Y',to_date('16-JUL-00','DD-MON-RR'),'ADMINCOR',null);
Insert into ADMINCOR.COM_TYPES_JOB_TITLE (NUM_TYPE_JOB_TITLE,DES_TYPE_JOB_TITLE,NUM_COMPANY,IND_ACTIVE,DAT_LAST_MODIFY,NAM_USER_MODIFY,VAL_CONTRACTOR) values (36,'PRESTADOR DE SERVICO',3,'Y',to_date('16-JUL-00','DD-MON-RR'),'ADMINCOR',null);
Insert into ADMINCOR.COM_TYPES_JOB_TITLE (NUM_TYPE_JOB_TITLE,DES_TYPE_JOB_TITLE,NUM_COMPANY,IND_ACTIVE,DAT_LAST_MODIFY,NAM_USER_MODIFY,VAL_CONTRACTOR) values (37,'MARCENEIRO',3,'Y',to_date('16-JUL-00','DD-MON-RR'),'ADMINCOR',null);
Insert into ADMINCOR.COM_TYPES_JOB_TITLE (NUM_TYPE_JOB_TITLE,DES_TYPE_JOB_TITLE,NUM_COMPANY,IND_ACTIVE,DAT_LAST_MODIFY,NAM_USER_MODIFY,VAL_CONTRACTOR) values (38,'ELETRICISTA',3,'Y',to_date('16-JUL-00','DD-MON-RR'),'ADMINCOR',null);
Insert into ADMINCOR.COM_TYPES_JOB_TITLE (NUM_TYPE_JOB_TITLE,DES_TYPE_JOB_TITLE,NUM_COMPANY,IND_ACTIVE,DAT_LAST_MODIFY,NAM_USER_MODIFY,VAL_CONTRACTOR) values (39,'SERVENTE',3,'Y',to_date('16-JUL-00','DD-MON-RR'),'ADMINCOR',null);
Insert into ADMINCOR.COM_TYPES_JOB_TITLE (NUM_TYPE_JOB_TITLE,DES_TYPE_JOB_TITLE,NUM_COMPANY,IND_ACTIVE,DAT_LAST_MODIFY,NAM_USER_MODIFY,VAL_CONTRACTOR) values (40,'MEDICO',3,'Y',to_date('16-JUL-00','DD-MON-RR'),'ADMINCOR',null);
Insert into ADMINCOR.COM_TYPES_JOB_TITLE (NUM_TYPE_JOB_TITLE,DES_TYPE_JOB_TITLE,NUM_COMPANY,IND_ACTIVE,DAT_LAST_MODIFY,NAM_USER_MODIFY,VAL_CONTRACTOR) values (41,'DENTISTA',3,'Y',to_date('16-JUL-00','DD-MON-RR'),'ADMINCOR',null);
Insert into ADMINCOR.COM_TYPES_JOB_TITLE (NUM_TYPE_JOB_TITLE,DES_TYPE_JOB_TITLE,NUM_COMPANY,IND_ACTIVE,DAT_LAST_MODIFY,NAM_USER_MODIFY,VAL_CONTRACTOR) values (42,'ADVOGADO',3,'Y',to_date('16-JUL-00','DD-MON-RR'),'ADMINCOR',null);
Insert into ADMINCOR.COM_TYPES_JOB_TITLE (NUM_TYPE_JOB_TITLE,DES_TYPE_JOB_TITLE,NUM_COMPANY,IND_ACTIVE,DAT_LAST_MODIFY,NAM_USER_MODIFY,VAL_CONTRACTOR) values (43,'ENGENHEIRO',3,'Y',to_date('16-JUL-00','DD-MON-RR'),'ADMINCOR',null);
Insert into ADMINCOR.COM_TYPES_JOB_TITLE (NUM_TYPE_JOB_TITLE,DES_TYPE_JOB_TITLE,NUM_COMPANY,IND_ACTIVE,DAT_LAST_MODIFY,NAM_USER_MODIFY,VAL_CONTRACTOR) values (44,'CONSULTOR REPRESENTANTE',3,'Y',to_date('16-JUL-00','DD-MON-RR'),'ADMINCOR',null);
Insert into ADMINCOR.COM_TYPES_JOB_TITLE (NUM_TYPE_JOB_TITLE,DES_TYPE_JOB_TITLE,NUM_COMPANY,IND_ACTIVE,DAT_LAST_MODIFY,NAM_USER_MODIFY,VAL_CONTRACTOR) values (45,'ARQUITETO',3,'Y',to_date('16-JUL-00','DD-MON-RR'),'ADMINCOR',null);
Insert into ADMINCOR.COM_TYPES_JOB_TITLE (NUM_TYPE_JOB_TITLE,DES_TYPE_JOB_TITLE,NUM_COMPANY,IND_ACTIVE,DAT_LAST_MODIFY,NAM_USER_MODIFY,VAL_CONTRACTOR) values (46,'PROTETICO',3,'Y',to_date('16-JUL-00','DD-MON-RR'),'ADMINCOR',null);
Insert into ADMINCOR.COM_TYPES_JOB_TITLE (NUM_TYPE_JOB_TITLE,DES_TYPE_JOB_TITLE,NUM_COMPANY,IND_ACTIVE,DAT_LAST_MODIFY,NAM_USER_MODIFY,VAL_CONTRACTOR) values (47,'AGRONOMO',3,'Y',to_date('17-JUL-00','DD-MON-RR'),'ADMINCOR',null);
Insert into ADMINCOR.COM_TYPES_JOB_TITLE (NUM_TYPE_JOB_TITLE,DES_TYPE_JOB_TITLE,NUM_COMPANY,IND_ACTIVE,DAT_LAST_MODIFY,NAM_USER_MODIFY,VAL_CONTRACTOR) values (48,'VETERINARIO',3,'Y',to_date('16-JUL-00','DD-MON-RR'),'ADMINCOR',null);
Insert into ADMINCOR.COM_TYPES_JOB_TITLE (NUM_TYPE_JOB_TITLE,DES_TYPE_JOB_TITLE,NUM_COMPANY,IND_ACTIVE,DAT_LAST_MODIFY,NAM_USER_MODIFY,VAL_CONTRACTOR) values (49,'CONTADOR',3,'Y',to_date('16-JUL-00','DD-MON-RR'),'ADMINCOR',null);
Insert into ADMINCOR.COM_TYPES_JOB_TITLE (NUM_TYPE_JOB_TITLE,DES_TYPE_JOB_TITLE,NUM_COMPANY,IND_ACTIVE,DAT_LAST_MODIFY,NAM_USER_MODIFY,VAL_CONTRACTOR) values (50,'PSICOLOGO',3,'Y',to_date('16-JUL-00','DD-MON-RR'),'ADMINCOR',null);
Insert into ADMINCOR.COM_TYPES_JOB_TITLE (NUM_TYPE_JOB_TITLE,DES_TYPE_JOB_TITLE,NUM_COMPANY,IND_ACTIVE,DAT_LAST_MODIFY,NAM_USER_MODIFY,VAL_CONTRACTOR) values (51,'FAZENDEIRO',3,'Y',to_date('16-JUL-00','DD-MON-RR'),'ADMINCOR',null);
Insert into ADMINCOR.COM_TYPES_JOB_TITLE (NUM_TYPE_JOB_TITLE,DES_TYPE_JOB_TITLE,NUM_COMPANY,IND_ACTIVE,DAT_LAST_MODIFY,NAM_USER_MODIFY,VAL_CONTRACTOR) values (52,'SITIANTE',3,'Y',to_date('16-JUL-00','DD-MON-RR'),'ADMINCOR',null);
Insert into ADMINCOR.COM_TYPES_JOB_TITLE (NUM_TYPE_JOB_TITLE,DES_TYPE_JOB_TITLE,NUM_COMPANY,IND_ACTIVE,DAT_LAST_MODIFY,NAM_USER_MODIFY,VAL_CONTRACTOR) values (53,'CHACAREIRO',3,'Y',to_date('16-JUL-00','DD-MON-RR'),'ADMINCOR',null);
Insert into ADMINCOR.COM_TYPES_JOB_TITLE (NUM_TYPE_JOB_TITLE,DES_TYPE_JOB_TITLE,NUM_COMPANY,IND_ACTIVE,DAT_LAST_MODIFY,NAM_USER_MODIFY,VAL_CONTRACTOR) values (54,'ADMINISTRADOR',3,'Y',to_date('16-JUL-00','DD-MON-RR'),'ADMINCOR',null);
Insert into ADMINCOR.COM_TYPES_JOB_TITLE (NUM_TYPE_JOB_TITLE,DES_TYPE_JOB_TITLE,NUM_COMPANY,IND_ACTIVE,DAT_LAST_MODIFY,NAM_USER_MODIFY,VAL_CONTRACTOR) values (55,'MEEIRO\ARRENDATARIO',3,'Y',to_date('16-JUL-00','DD-MON-RR'),'ADMINCOR',null);
Insert into ADMINCOR.COM_TYPES_JOB_TITLE (NUM_TYPE_JOB_TITLE,DES_TYPE_JOB_TITLE,NUM_COMPANY,IND_ACTIVE,DAT_LAST_MODIFY,NAM_USER_MODIFY,VAL_CONTRACTOR) values (56,'TRATORISTA\MOTORISTA',3,'Y',to_date('16-JUL-00','DD-MON-RR'),'ADMINCOR',null);
Insert into ADMINCOR.COM_TYPES_JOB_TITLE (NUM_TYPE_JOB_TITLE,DES_TYPE_JOB_TITLE,NUM_COMPANY,IND_ACTIVE,DAT_LAST_MODIFY,NAM_USER_MODIFY,VAL_CONTRACTOR) values (57,'CASEIRO',3,'Y',to_date('16-JUL-00','DD-MON-RR'),'ADMINCOR',null);
Insert into ADMINCOR.COM_TYPES_JOB_TITLE (NUM_TYPE_JOB_TITLE,DES_TYPE_JOB_TITLE,NUM_COMPANY,IND_ACTIVE,DAT_LAST_MODIFY,NAM_USER_MODIFY,VAL_CONTRACTOR) values (58,'DIARISTA',3,'Y',to_date('16-JUL-00','DD-MON-RR'),'ADMINCOR',null);
Insert into ADMINCOR.COM_TYPES_JOB_TITLE (NUM_TYPE_JOB_TITLE,DES_TYPE_JOB_TITLE,NUM_COMPANY,IND_ACTIVE,DAT_LAST_MODIFY,NAM_USER_MODIFY,VAL_CONTRACTOR) values (59,'GERENTE\SUB-GERENTE',3,'Y',to_date('16-JUL-00','DD-MON-RR'),'ADMINCOR',null);
Insert into ADMINCOR.COM_TYPES_JOB_TITLE (NUM_TYPE_JOB_TITLE,DES_TYPE_JOB_TITLE,NUM_COMPANY,IND_ACTIVE,DAT_LAST_MODIFY,NAM_USER_MODIFY,VAL_CONTRACTOR) values (61,'VENDEDOR\REPRESENTANTE',3,'Y',to_date('16-JUL-00','DD-MON-RR'),'ADMINCOR',null);
Insert into ADMINCOR.COM_TYPES_JOB_TITLE (NUM_TYPE_JOB_TITLE,DES_TYPE_JOB_TITLE,NUM_COMPANY,IND_ACTIVE,DAT_LAST_MODIFY,NAM_USER_MODIFY,VAL_CONTRACTOR) values (62,'PREFEITO\VEREADOR',3,'Y',to_date('16-JUL-00','DD-MON-RR'),'ADMINCOR',null);
Insert into ADMINCOR.COM_TYPES_JOB_TITLE (NUM_TYPE_JOB_TITLE,DES_TYPE_JOB_TITLE,NUM_COMPANY,IND_ACTIVE,DAT_LAST_MODIFY,NAM_USER_MODIFY,VAL_CONTRACTOR) values (63,'CHEFE\INSPETOR',3,'Y',to_date('16-JUL-00','DD-MON-RR'),'ADMINCOR',null);
Insert into ADMINCOR.COM_TYPES_JOB_TITLE (NUM_TYPE_JOB_TITLE,DES_TYPE_JOB_TITLE,NUM_COMPANY,IND_ACTIVE,DAT_LAST_MODIFY,NAM_USER_MODIFY,VAL_CONTRACTOR) values (64,'FISCAL\SUPERVISOR\COORDENADOR',3,'Y',to_date('16-JUL-00','DD-MON-RR'),'ADMINCOR',null);
Insert into ADMINCOR.COM_TYPES_JOB_TITLE (NUM_TYPE_JOB_TITLE,DES_TYPE_JOB_TITLE,NUM_COMPANY,IND_ACTIVE,DAT_LAST_MODIFY,NAM_USER_MODIFY,VAL_CONTRACTOR) values (65,'SECRETARIO',3,'Y',to_date('16-JUL-00','DD-MON-RR'),'ADMINCOR',null);
Insert into ADMINCOR.COM_TYPES_JOB_TITLE (NUM_TYPE_JOB_TITLE,DES_TYPE_JOB_TITLE,NUM_COMPANY,IND_ACTIVE,DAT_LAST_MODIFY,NAM_USER_MODIFY,VAL_CONTRACTOR) values (66,'MOTORISTA',3,'Y',to_date('16-JUL-00','DD-MON-RR'),'ADMINCOR',null);
Insert into ADMINCOR.COM_TYPES_JOB_TITLE (NUM_TYPE_JOB_TITLE,DES_TYPE_JOB_TITLE,NUM_COMPANY,IND_ACTIVE,DAT_LAST_MODIFY,NAM_USER_MODIFY,VAL_CONTRACTOR) values (67,'PROFESSOR',3,'Y',to_date('16-JUL-00','DD-MON-RR'),'ADMINCOR',null);
Insert into ADMINCOR.COM_TYPES_JOB_TITLE (NUM_TYPE_JOB_TITLE,DES_TYPE_JOB_TITLE,NUM_COMPANY,IND_ACTIVE,DAT_LAST_MODIFY,NAM_USER_MODIFY,VAL_CONTRACTOR) values (68,'GARI',3,'Y',to_date('16-JUL-00','DD-MON-RR'),'ADMINCOR',null);
Insert into ADMINCOR.COM_TYPES_JOB_TITLE (NUM_TYPE_JOB_TITLE,DES_TYPE_JOB_TITLE,NUM_COMPANY,IND_ACTIVE,DAT_LAST_MODIFY,NAM_USER_MODIFY,VAL_CONTRACTOR) values (69,'DEPUTADO\CHEFE DE GABINETE\JUIZ\PROMOTOR\DELEGADO',3,'Y',to_date('16-JUL-00','DD-MON-RR'),'ADMINCOR',null);
Insert into ADMINCOR.COM_TYPES_JOB_TITLE (NUM_TYPE_JOB_TITLE,DES_TYPE_JOB_TITLE,NUM_COMPANY,IND_ACTIVE,DAT_LAST_MODIFY,NAM_USER_MODIFY,VAL_CONTRACTOR) values (70,'CHEFE\COORDENADOR\SUPERVISOR',3,'Y',to_date('16-JUL-00','DD-MON-RR'),'ADMINCOR',null);
Insert into ADMINCOR.COM_TYPES_JOB_TITLE (NUM_TYPE_JOB_TITLE,DES_TYPE_JOB_TITLE,NUM_COMPANY,IND_ACTIVE,DAT_LAST_MODIFY,NAM_USER_MODIFY,VAL_CONTRACTOR) values (71,'FISCAL\INSPETOR',3,'Y',to_date('16-JUL-00','DD-MON-RR'),'ADMINCOR',null);
Insert into ADMINCOR.COM_TYPES_JOB_TITLE (NUM_TYPE_JOB_TITLE,DES_TYPE_JOB_TITLE,NUM_COMPANY,IND_ACTIVE,DAT_LAST_MODIFY,NAM_USER_MODIFY,VAL_CONTRACTOR) values (72,'PROFESSOR UNIVERSITARIO',3,'Y',to_date('16-JUL-00','DD-MON-RR'),'ADMINCOR',null);
Insert into ADMINCOR.COM_TYPES_JOB_TITLE (NUM_TYPE_JOB_TITLE,DES_TYPE_JOB_TITLE,NUM_COMPANY,IND_ACTIVE,DAT_LAST_MODIFY,NAM_USER_MODIFY,VAL_CONTRACTOR) values (73,'PROFESSOR PRIMEIRO E SEGUNDO GRAU',3,'Y',to_date('16-JUL-00','DD-MON-RR'),'ADMINCOR',null);
Insert into ADMINCOR.COM_TYPES_JOB_TITLE (NUM_TYPE_JOB_TITLE,DES_TYPE_JOB_TITLE,NUM_COMPANY,IND_ACTIVE,DAT_LAST_MODIFY,NAM_USER_MODIFY,VAL_CONTRACTOR) values (74,'ASSISTENTE\SECRETARIO',3,'Y',to_date('16-JUL-00','DD-MON-RR'),'ADMINCOR',null);
Insert into ADMINCOR.COM_TYPES_JOB_TITLE (NUM_TYPE_JOB_TITLE,DES_TYPE_JOB_TITLE,NUM_COMPANY,IND_ACTIVE,DAT_LAST_MODIFY,NAM_USER_MODIFY,VAL_CONTRACTOR) values (75,'SEGURANCA',3,'Y',to_date('16-JUL-00','DD-MON-RR'),'ADMINCOR',null);
Insert into ADMINCOR.COM_TYPES_JOB_TITLE (NUM_TYPE_JOB_TITLE,DES_TYPE_JOB_TITLE,NUM_COMPANY,IND_ACTIVE,DAT_LAST_MODIFY,NAM_USER_MODIFY,VAL_CONTRACTOR) values (76,'MESTRE DE OBRA',3,'Y',to_date('16-JUL-00','DD-MON-RR'),'ADMINCOR',null);
Insert into ADMINCOR.COM_TYPES_JOB_TITLE (NUM_TYPE_JOB_TITLE,DES_TYPE_JOB_TITLE,NUM_COMPANY,IND_ACTIVE,DAT_LAST_MODIFY,NAM_USER_MODIFY,VAL_CONTRACTOR) values (77,'EMPREITEIRO',3,'Y',to_date('16-JUL-00','DD-MON-RR'),'ADMINCOR',null);
Insert into ADMINCOR.COM_TYPES_JOB_TITLE (NUM_TYPE_JOB_TITLE,DES_TYPE_JOB_TITLE,NUM_COMPANY,IND_ACTIVE,DAT_LAST_MODIFY,NAM_USER_MODIFY,VAL_CONTRACTOR) values (78,'FISCAL DE OBRA',3,'Y',to_date('16-JUL-00','DD-MON-RR'),'ADMINCOR',null);
Insert into ADMINCOR.COM_TYPES_JOB_TITLE (NUM_TYPE_JOB_TITLE,DES_TYPE_JOB_TITLE,NUM_COMPANY,IND_ACTIVE,DAT_LAST_MODIFY,NAM_USER_MODIFY,VAL_CONTRACTOR) values (79,'OPERARIO',3,'Y',to_date('16-JUL-00','DD-MON-RR'),'ADMINCOR',null);
Insert into ADMINCOR.COM_TYPES_JOB_TITLE (NUM_TYPE_JOB_TITLE,DES_TYPE_JOB_TITLE,NUM_COMPANY,IND_ACTIVE,DAT_LAST_MODIFY,NAM_USER_MODIFY,VAL_CONTRACTOR) values (80,'MORDOMO\GOVERNANTA',3,'Y',to_date('16-JUL-00','DD-MON-RR'),'ADMINCOR',null);
Insert into ADMINCOR.COM_TYPES_JOB_TITLE (NUM_TYPE_JOB_TITLE,DES_TYPE_JOB_TITLE,NUM_COMPANY,IND_ACTIVE,DAT_LAST_MODIFY,NAM_USER_MODIFY,VAL_CONTRACTOR) values (81,'FAXINEIRA',3,'Y',to_date('16-JUL-00','DD-MON-RR'),'ADMINCOR',null);
Insert into ADMINCOR.COM_TYPES_JOB_TITLE (NUM_TYPE_JOB_TITLE,DES_TYPE_JOB_TITLE,NUM_COMPANY,IND_ACTIVE,DAT_LAST_MODIFY,NAM_USER_MODIFY,VAL_CONTRACTOR) values (82,'COZINHEIRA',3,'Y',to_date('16-JUL-00','DD-MON-RR'),'ADMINCOR',null);
Insert into ADMINCOR.COM_TYPES_JOB_TITLE (NUM_TYPE_JOB_TITLE,DES_TYPE_JOB_TITLE,NUM_COMPANY,IND_ACTIVE,DAT_LAST_MODIFY,NAM_USER_MODIFY,VAL_CONTRACTOR) values (83,'PASSADEIRA\ARRUMADEIRA',3,'Y',to_date('16-JUL-00','DD-MON-RR'),'ADMINCOR',null);
Insert into ADMINCOR.COM_TYPES_JOB_TITLE (NUM_TYPE_JOB_TITLE,DES_TYPE_JOB_TITLE,NUM_COMPANY,IND_ACTIVE,DAT_LAST_MODIFY,NAM_USER_MODIFY,VAL_CONTRACTOR) values (84,'JARDINEIRO',3,'Y',to_date('16-JUL-00','DD-MON-RR'),'ADMINCOR',null);
Insert into ADMINCOR.COM_TYPES_JOB_TITLE (NUM_TYPE_JOB_TITLE,DES_TYPE_JOB_TITLE,NUM_COMPANY,IND_ACTIVE,DAT_LAST_MODIFY,NAM_USER_MODIFY,VAL_CONTRACTOR) values (85,'BABA',3,'Y',to_date('16-JUL-00','DD-MON-RR'),'ADMINCOR',null);
Insert into ADMINCOR.COM_TYPES_JOB_TITLE (NUM_TYPE_JOB_TITLE,DES_TYPE_JOB_TITLE,NUM_COMPANY,IND_ACTIVE,DAT_LAST_MODIFY,NAM_USER_MODIFY,VAL_CONTRACTOR) values (86,'HOTEL\MOTEL',3,'Y',to_date('16-JUL-00','DD-MON-RR'),'ADMINCOR',null);
Insert into ADMINCOR.COM_TYPES_JOB_TITLE (NUM_TYPE_JOB_TITLE,DES_TYPE_JOB_TITLE,NUM_COMPANY,IND_ACTIVE,DAT_LAST_MODIFY,NAM_USER_MODIFY,VAL_CONTRACTOR) values (87,'POUSADA',3,'Y',to_date('16-JUL-00','DD-MON-RR'),'ADMINCOR',null);
Insert into ADMINCOR.COM_TYPES_JOB_TITLE (NUM_TYPE_JOB_TITLE,DES_TYPE_JOB_TITLE,NUM_COMPANY,IND_ACTIVE,DAT_LAST_MODIFY,NAM_USER_MODIFY,VAL_CONTRACTOR) values (88,'RESTAURANTE',3,'Y',to_date('16-JUL-00','DD-MON-RR'),'ADMINCOR',null);
Insert into ADMINCOR.COM_TYPES_JOB_TITLE (NUM_TYPE_JOB_TITLE,DES_TYPE_JOB_TITLE,NUM_COMPANY,IND_ACTIVE,DAT_LAST_MODIFY,NAM_USER_MODIFY,VAL_CONTRACTOR) values (89,'BAR\LANCHONETE',3,'Y',to_date('16-JUL-00','DD-MON-RR'),'ADMINCOR',null);
Insert into ADMINCOR.COM_TYPES_JOB_TITLE (NUM_TYPE_JOB_TITLE,DES_TYPE_JOB_TITLE,NUM_COMPANY,IND_ACTIVE,DAT_LAST_MODIFY,NAM_USER_MODIFY,VAL_CONTRACTOR) values (90,'QUITANDA',3,'Y',to_date('16-JUL-00','DD-MON-RR'),'ADMINCOR',null);
Insert into ADMINCOR.COM_TYPES_JOB_TITLE (NUM_TYPE_JOB_TITLE,DES_TYPE_JOB_TITLE,NUM_COMPANY,IND_ACTIVE,DAT_LAST_MODIFY,NAM_USER_MODIFY,VAL_CONTRACTOR) values (91,'LOJA',3,'Y',to_date('16-JUL-00','DD-MON-RR'),'ADMINCOR',null);
Insert into ADMINCOR.COM_TYPES_JOB_TITLE (NUM_TYPE_JOB_TITLE,DES_TYPE_JOB_TITLE,NUM_COMPANY,IND_ACTIVE,DAT_LAST_MODIFY,NAM_USER_MODIFY,VAL_CONTRACTOR) values (92,'OFICINA',3,'Y',to_date('16-JUL-00','DD-MON-RR'),'ADMINCOR',null);
Insert into ADMINCOR.COM_TYPES_JOB_TITLE (NUM_TYPE_JOB_TITLE,DES_TYPE_JOB_TITLE,NUM_COMPANY,IND_ACTIVE,DAT_LAST_MODIFY,NAM_USER_MODIFY,VAL_CONTRACTOR) values (93,'CHAVEIRO',3,'Y',to_date('16-JUL-00','DD-MON-RR'),'ADMINCOR',null);
Insert into ADMINCOR.COM_TYPES_JOB_TITLE (NUM_TYPE_JOB_TITLE,DES_TYPE_JOB_TITLE,NUM_COMPANY,IND_ACTIVE,DAT_LAST_MODIFY,NAM_USER_MODIFY,VAL_CONTRACTOR) values (94,'SAPATEIRO',3,'Y',to_date('16-JUL-00','DD-MON-RR'),'ADMINCOR',null);
Insert into ADMINCOR.COM_TYPES_JOB_TITLE (NUM_TYPE_JOB_TITLE,DES_TYPE_JOB_TITLE,NUM_COMPANY,IND_ACTIVE,DAT_LAST_MODIFY,NAM_USER_MODIFY,VAL_CONTRACTOR) values (95,'HOSPITAL',3,'Y',to_date('16-JUL-00','DD-MON-RR'),'ADMINCOR',null);
Insert into ADMINCOR.COM_TYPES_JOB_TITLE (NUM_TYPE_JOB_TITLE,DES_TYPE_JOB_TITLE,NUM_COMPANY,IND_ACTIVE,DAT_LAST_MODIFY,NAM_USER_MODIFY,VAL_CONTRACTOR) values (96,'FABRICA\USINA\INDUSTRIA',3,'Y',to_date('16-JUL-00','DD-MON-RR'),'ADMINCOR',null);
Insert into ADMINCOR.COM_TYPES_JOB_TITLE (NUM_TYPE_JOB_TITLE,DES_TYPE_JOB_TITLE,NUM_COMPANY,IND_ACTIVE,DAT_LAST_MODIFY,NAM_USER_MODIFY,VAL_CONTRACTOR) values (97,'RESTAURANTE\BAR',3,'Y',to_date('16-JUL-00','DD-MON-RR'),'ADMINCOR',null);
Insert into ADMINCOR.COM_TYPES_JOB_TITLE (NUM_TYPE_JOB_TITLE,DES_TYPE_JOB_TITLE,NUM_COMPANY,IND_ACTIVE,DAT_LAST_MODIFY,NAM_USER_MODIFY,VAL_CONTRACTOR) values (98,'UNIVERSITARIO PARTICULAR',3,'Y',to_date('16-JUL-00','DD-MON-RR'),'ADMINCOR',null);
Insert into ADMINCOR.COM_TYPES_JOB_TITLE (NUM_TYPE_JOB_TITLE,DES_TYPE_JOB_TITLE,NUM_COMPANY,IND_ACTIVE,DAT_LAST_MODIFY,NAM_USER_MODIFY,VAL_CONTRACTOR) values (99,'UNIVERSITARIO PUBLICO',3,'Y',to_date('16-JUL-00','DD-MON-RR'),'ADMINCOR',null);
Insert into ADMINCOR.COM_TYPES_JOB_TITLE (NUM_TYPE_JOB_TITLE,DES_TYPE_JOB_TITLE,NUM_COMPANY,IND_ACTIVE,DAT_LAST_MODIFY,NAM_USER_MODIFY,VAL_CONTRACTOR) values (100,'PRIMEIRO E SEGUNDO GRAU PARTICULAR',3,'Y',to_date('16-JUL-00','DD-MON-RR'),'ADMINCOR',null);
Insert into ADMINCOR.COM_TYPES_JOB_TITLE (NUM_TYPE_JOB_TITLE,DES_TYPE_JOB_TITLE,NUM_COMPANY,IND_ACTIVE,DAT_LAST_MODIFY,NAM_USER_MODIFY,VAL_CONTRACTOR) values (101,'PRIMEIRO E SEGUNDO GRAU PUBLICO',3,'Y',to_date('16-JUL-00','DD-MON-RR'),'ADMINCOR',null);
Insert into ADMINCOR.COM_TYPES_JOB_TITLE (NUM_TYPE_JOB_TITLE,DES_TYPE_JOB_TITLE,NUM_COMPANY,IND_ACTIVE,DAT_LAST_MODIFY,NAM_USER_MODIFY,VAL_CONTRACTOR) values (102,'LINGUAS PARTICULAR',3,'Y',to_date('16-JUL-00','DD-MON-RR'),'ADMINCOR',null);
Insert into ADMINCOR.COM_TYPES_JOB_TITLE (NUM_TYPE_JOB_TITLE,DES_TYPE_JOB_TITLE,NUM_COMPANY,IND_ACTIVE,DAT_LAST_MODIFY,NAM_USER_MODIFY,VAL_CONTRACTOR) values (103,'ACADEMIA',3,'Y',to_date('16-JUL-00','DD-MON-RR'),'ADMINCOR',null);
Insert into ADMINCOR.COM_TYPES_JOB_TITLE (NUM_TYPE_JOB_TITLE,DES_TYPE_JOB_TITLE,NUM_COMPANY,IND_ACTIVE,DAT_LAST_MODIFY,NAM_USER_MODIFY,VAL_CONTRACTOR) values (104,'GENERAL\CORONEL',3,'Y',to_date('16-JUL-00','DD-MON-RR'),'ADMINCOR',null);
Insert into ADMINCOR.COM_TYPES_JOB_TITLE (NUM_TYPE_JOB_TITLE,DES_TYPE_JOB_TITLE,NUM_COMPANY,IND_ACTIVE,DAT_LAST_MODIFY,NAM_USER_MODIFY,VAL_CONTRACTOR) values (105,'TENENTE\CAPITAO',3,'Y',to_date('16-JUL-00','DD-MON-RR'),'ADMINCOR',null);
Insert into ADMINCOR.COM_TYPES_JOB_TITLE (NUM_TYPE_JOB_TITLE,DES_TYPE_JOB_TITLE,NUM_COMPANY,IND_ACTIVE,DAT_LAST_MODIFY,NAM_USER_MODIFY,VAL_CONTRACTOR) values (106,'SARGENTO',3,'Y',to_date('16-JUL-00','DD-MON-RR'),'ADMINCOR',null);
Insert into ADMINCOR.COM_TYPES_JOB_TITLE (NUM_TYPE_JOB_TITLE,DES_TYPE_JOB_TITLE,NUM_COMPANY,IND_ACTIVE,DAT_LAST_MODIFY,NAM_USER_MODIFY,VAL_CONTRACTOR) values (107,'CABO',3,'Y',to_date('16-JUL-00','DD-MON-RR'),'ADMINCOR',null);
Insert into ADMINCOR.COM_TYPES_JOB_TITLE (NUM_TYPE_JOB_TITLE,DES_TYPE_JOB_TITLE,NUM_COMPANY,IND_ACTIVE,DAT_LAST_MODIFY,NAM_USER_MODIFY,VAL_CONTRACTOR) values (108,'DELEGADO',3,'Y',to_date('16-JUL-00','DD-MON-RR'),'ADMINCOR',null);
Insert into ADMINCOR.COM_TYPES_JOB_TITLE (NUM_TYPE_JOB_TITLE,DES_TYPE_JOB_TITLE,NUM_COMPANY,IND_ACTIVE,DAT_LAST_MODIFY,NAM_USER_MODIFY,VAL_CONTRACTOR) values (109,'INVESTIGADOR',3,'Y',to_date('16-JUL-00','DD-MON-RR'),'ADMINCOR',null);
Insert into ADMINCOR.COM_TYPES_JOB_TITLE (NUM_TYPE_JOB_TITLE,DES_TYPE_JOB_TITLE,NUM_COMPANY,IND_ACTIVE,DAT_LAST_MODIFY,NAM_USER_MODIFY,VAL_CONTRACTOR) values (110,'SOLDADO',3,'Y',to_date('16-JUL-00','DD-MON-RR'),'ADMINCOR',null);
Insert into ADMINCOR.COM_TYPES_JOB_TITLE (NUM_TYPE_JOB_TITLE,DES_TYPE_JOB_TITLE,NUM_COMPANY,IND_ACTIVE,DAT_LAST_MODIFY,NAM_USER_MODIFY,VAL_CONTRACTOR) values (111,'ESCREVENTE',3,'Y',to_date('16-JUL-00','DD-MON-RR'),'ADMINCOR',null);
Insert into ADMINCOR.COM_TYPES_JOB_TITLE (NUM_TYPE_JOB_TITLE,DES_TYPE_JOB_TITLE,NUM_COMPANY,IND_ACTIVE,DAT_LAST_MODIFY,NAM_USER_MODIFY,VAL_CONTRACTOR) values (112,'UNIVERSITARIO',3,'Y',to_date('16-JUL-00','DD-MON-RR'),'ADMINCOR',null);
Insert into ADMINCOR.COM_TYPES_JOB_TITLE (NUM_TYPE_JOB_TITLE,DES_TYPE_JOB_TITLE,NUM_COMPANY,IND_ACTIVE,DAT_LAST_MODIFY,NAM_USER_MODIFY,VAL_CONTRACTOR) values (113,'PRIMEIRO E SEGUNDO GRAU',3,'Y',to_date('16-JUL-00','DD-MON-RR'),'ADMINCOR',null);
Insert into ADMINCOR.COM_TYPES_JOB_TITLE (NUM_TYPE_JOB_TITLE,DES_TYPE_JOB_TITLE,NUM_COMPANY,IND_ACTIVE,DAT_LAST_MODIFY,NAM_USER_MODIFY,VAL_CONTRACTOR) values (114,'ESTAGIARIO',3,'Y',to_date('16-JUL-00','DD-MON-RR'),'ADMINCOR',null);
Insert into ADMINCOR.COM_TYPES_JOB_TITLE (NUM_TYPE_JOB_TITLE,DES_TYPE_JOB_TITLE,NUM_COMPANY,IND_ACTIVE,DAT_LAST_MODIFY,NAM_USER_MODIFY,VAL_CONTRACTOR) values (115,'OUTROS',3,'Y',to_date('16-JUL-00','DD-MON-RR'),'ADMINCOR',null);
Insert into ADMINCOR.COM_TYPES_JOB_TITLE (NUM_TYPE_JOB_TITLE,DES_TYPE_JOB_TITLE,NUM_COMPANY,IND_ACTIVE,DAT_LAST_MODIFY,NAM_USER_MODIFY,VAL_CONTRACTOR) values (116,'VIGIA',3,'Y',to_date('16-JUL-00','DD-MON-RR'),'ADMINCOR',null);
Insert into ADMINCOR.COM_TYPES_JOB_TITLE (NUM_TYPE_JOB_TITLE,DES_TYPE_JOB_TITLE,NUM_COMPANY,IND_ACTIVE,DAT_LAST_MODIFY,NAM_USER_MODIFY,VAL_CONTRACTOR) values (117,'PADRE',3,'Y',to_date('16-JUL-00','DD-MON-RR'),'ADMINCOR',null);
Insert into ADMINCOR.COM_TYPES_JOB_TITLE (NUM_TYPE_JOB_TITLE,DES_TYPE_JOB_TITLE,NUM_COMPANY,IND_ACTIVE,DAT_LAST_MODIFY,NAM_USER_MODIFY,VAL_CONTRACTOR) values (118,'PASTOR',3,'Y',to_date('16-JUL-00','DD-MON-RR'),'ADMINCOR',null);
Insert into ADMINCOR.COM_TYPES_JOB_TITLE (NUM_TYPE_JOB_TITLE,DES_TYPE_JOB_TITLE,NUM_COMPANY,IND_ACTIVE,DAT_LAST_MODIFY,NAM_USER_MODIFY,VAL_CONTRACTOR) values (119,'FREIRA',3,'Y',to_date('16-JUL-00','DD-MON-RR'),'ADMINCOR',null);
Insert into ADMINCOR.COM_TYPES_JOB_TITLE (NUM_TYPE_JOB_TITLE,DES_TYPE_JOB_TITLE,NUM_COMPANY,IND_ACTIVE,DAT_LAST_MODIFY,NAM_USER_MODIFY,VAL_CONTRACTOR) values (120,'ENFERMEIRA',3,'Y',to_date('16-JUL-00','DD-MON-RR'),'ADMINCOR',null);
Insert into ADMINCOR.COM_TYPES_JOB_TITLE (NUM_TYPE_JOB_TITLE,DES_TYPE_JOB_TITLE,NUM_COMPANY,IND_ACTIVE,DAT_LAST_MODIFY,NAM_USER_MODIFY,VAL_CONTRACTOR) values (121,'AACEUTICO(A)',3,'Y',to_date('17-OCT-13','DD-MON-RR'),'ADMINCOR',null);
Insert into ADMINCOR.COM_TYPES_JOB_TITLE (NUM_TYPE_JOB_TITLE,DES_TYPE_JOB_TITLE,NUM_COMPANY,IND_ACTIVE,DAT_LAST_MODIFY,NAM_USER_MODIFY,VAL_CONTRACTOR) values (122,'AUDITOR',3,'Y',to_date('27-AUG-02','DD-MON-RR'),'RAMESSIA',null);
Insert into ADMINCOR.COM_TYPES_JOB_TITLE (NUM_TYPE_JOB_TITLE,DES_TYPE_JOB_TITLE,NUM_COMPANY,IND_ACTIVE,DAT_LAST_MODIFY,NAM_USER_MODIFY,VAL_CONTRACTOR) values (126,'BOLSA SOCIAL',3,'Y',to_date('20-SEP-13','DD-MON-RR'),'ADMINCOR',null);
Insert into ADMINCOR.COM_TYPES_JOB_TITLE (NUM_TYPE_JOB_TITLE,DES_TYPE_JOB_TITLE,NUM_COMPANY,IND_ACTIVE,DAT_LAST_MODIFY,NAM_USER_MODIFY,VAL_CONTRACTOR) values (128,'AUXILIO ACIDENTE',3,'Y',to_date('03-OCT-13','DD-MON-RR'),'ADMINCOR',null);
Insert into ADMINCOR.COM_TYPES_JOB_TITLE (NUM_TYPE_JOB_TITLE,DES_TYPE_JOB_TITLE,NUM_COMPANY,IND_ACTIVE,DAT_LAST_MODIFY,NAM_USER_MODIFY,VAL_CONTRACTOR) values (129,'AUXILIO DOENA',3,'Y',to_date('03-OCT-13','DD-MON-RR'),'ADMINCOR',null);
Insert into ADMINCOR.COM_TYPES_JOB_TITLE (NUM_TYPE_JOB_TITLE,DES_TYPE_JOB_TITLE,NUM_COMPANY,IND_ACTIVE,DAT_LAST_MODIFY,NAM_USER_MODIFY,VAL_CONTRACTOR) values (130,'AUXILIO  RECLUSO',3,'Y',to_date('03-OCT-13','DD-MON-RR'),'ADMINCOR',null);
Insert into ADMINCOR.COM_TYPES_JOB_TITLE (NUM_TYPE_JOB_TITLE,DES_TYPE_JOB_TITLE,NUM_COMPANY,IND_ACTIVE,DAT_LAST_MODIFY,NAM_USER_MODIFY,VAL_CONTRACTOR) values (131,'PENSO POR MORTE',3,'Y',to_date('23-SEP-13','DD-MON-RR'),'ADMINCOR',null);
Insert into ADMINCOR.COM_TYPES_JOB_TITLE (NUM_TYPE_JOB_TITLE,DES_TYPE_JOB_TITLE,NUM_COMPANY,IND_ACTIVE,DAT_LAST_MODIFY,NAM_USER_MODIFY,VAL_CONTRACTOR) values (132,'SALRIO MATERNIDADE',3,'Y',to_date('23-SEP-13','DD-MON-RR'),'ADMINCOR',null);
Insert into ADMINCOR.COM_TYPES_JOB_TITLE (NUM_TYPE_JOB_TITLE,DES_TYPE_JOB_TITLE,NUM_COMPANY,IND_ACTIVE,DAT_LAST_MODIFY,NAM_USER_MODIFY,VAL_CONTRACTOR) values (133,'PENSO ALIMENTCIA',3,'Y',to_date('23-SEP-13','DD-MON-RR'),'ADMINCOR',null);
Insert into ADMINCOR.COM_TYPES_JOB_TITLE (NUM_TYPE_JOB_TITLE,DES_TYPE_JOB_TITLE,NUM_COMPANY,IND_ACTIVE,DAT_LAST_MODIFY,NAM_USER_MODIFY,VAL_CONTRACTOR) values (127,'APOSENTADO',3,'Y',to_date('23-SEP-13','DD-MON-RR'),'ADMINCOR',null);
Insert into ADMINCOR.COM_TYPES_JOB_TITLE (NUM_TYPE_JOB_TITLE,DES_TYPE_JOB_TITLE,NUM_COMPANY,IND_ACTIVE,DAT_LAST_MODIFY,NAM_USER_MODIFY,VAL_CONTRACTOR) values (134,'COORD. DE APOIO A VENDAS',3,'Y',to_date('17-OCT-13','DD-MON-RR'),'ADMINCOR',null);
Insert into ADMINCOR.COM_TYPES_JOB_TITLE (NUM_TYPE_JOB_TITLE,DES_TYPE_JOB_TITLE,NUM_COMPANY,IND_ACTIVE,DAT_LAST_MODIFY,NAM_USER_MODIFY,VAL_CONTRACTOR) values (135,'ASSESSOR DE APOIO A VENDAS',3,'Y',to_date('17-OCT-13','DD-MON-RR'),'ADMINCOR',null);
Insert into ADMINCOR.COM_TYPES_JOB_TITLE (NUM_TYPE_JOB_TITLE,DES_TYPE_JOB_TITLE,NUM_COMPANY,IND_ACTIVE,DAT_LAST_MODIFY,NAM_USER_MODIFY,VAL_CONTRACTOR) values (136,'ANALISTA',3,'Y',to_date('17-OCT-13','DD-MON-RR'),'ADMINCOR',null);

Insert into ADMINCOR.COM_EMPLOYEES (COD_EMPLOYEE,COD_IDENTITY_FEDERAL,NUM_DEP_SECTION,NAM_EMPLOYEE,NUM_ESTABLISHMENT,DAT_REGISTRATION,COD_IDENTITY_STATE,DAT_BIRTH,IND_GENDER,IND_MARITAL_STATUS,DAT_ADMISSION,NUM_TYPE_JOB_TITLE,DES_OBSERVATION,IND_ACTIVE,DAT_BEGIN_INACTIVITY,IND_TYPE_EMPLOYEE,DES_EMAIL_1,DES_EMAIL_2,NUM_DDI_TELEFONE,NUM_DDD_TELEFONE,NUM_TELEFONE,NUM_DDI_MOBILE,NUM_DDD_MOBILE,NUM_MOBILE,NAM_USER_MODIFY,DAT_LAST_MODIFY,NUM_COUNTRY_NATIONALITY,IND_TYPE_DOCUMENT) values (88,'14237',25,'Atta Ul Munam Muhammad',2,to_date('16-FEB-15','DD-MON-RR'),null,null,null,null,null,null,null,'Y',null,null,null,null,null,null,null,null,null,null,'ADMINCOR',to_date('16-FEB-15','DD-MON-RR'),null,null);
Insert into ADMINCOR.COM_EMPLOYEES (COD_EMPLOYEE,COD_IDENTITY_FEDERAL,NUM_DEP_SECTION,NAM_EMPLOYEE,NUM_ESTABLISHMENT,DAT_REGISTRATION,COD_IDENTITY_STATE,DAT_BIRTH,IND_GENDER,IND_MARITAL_STATUS,DAT_ADMISSION,NUM_TYPE_JOB_TITLE,DES_OBSERVATION,IND_ACTIVE,DAT_BEGIN_INACTIVITY,IND_TYPE_EMPLOYEE,DES_EMAIL_1,DES_EMAIL_2,NUM_DDI_TELEFONE,NUM_DDD_TELEFONE,NUM_TELEFONE,NUM_DDI_MOBILE,NUM_DDD_MOBILE,NUM_MOBILE,NAM_USER_MODIFY,DAT_LAST_MODIFY,NUM_COUNTRY_NATIONALITY,IND_TYPE_DOCUMENT) values (89,'16215',25,'Waheed Shaik',2,to_date('16-FEB-15','DD-MON-RR'),null,null,null,null,null,null,null,'Y',null,null,null,null,null,null,null,null,null,null,'ADMINCOR',to_date('16-FEB-15','DD-MON-RR'),null,null);
Insert into ADMINCOR.COM_EMPLOYEES (COD_EMPLOYEE,COD_IDENTITY_FEDERAL,NUM_DEP_SECTION,NAM_EMPLOYEE,NUM_ESTABLISHMENT,DAT_REGISTRATION,COD_IDENTITY_STATE,DAT_BIRTH,IND_GENDER,IND_MARITAL_STATUS,DAT_ADMISSION,NUM_TYPE_JOB_TITLE,DES_OBSERVATION,IND_ACTIVE,DAT_BEGIN_INACTIVITY,IND_TYPE_EMPLOYEE,DES_EMAIL_1,DES_EMAIL_2,NUM_DDI_TELEFONE,NUM_DDD_TELEFONE,NUM_TELEFONE,NUM_DDI_MOBILE,NUM_DDD_MOBILE,NUM_MOBILE,NAM_USER_MODIFY,DAT_LAST_MODIFY,NUM_COUNTRY_NATIONALITY,IND_TYPE_DOCUMENT) values (90,'7755',25,'Yunus Mohammad',2,to_date('16-FEB-15','DD-MON-RR'),null,null,null,null,null,null,null,'Y',null,null,null,null,null,null,null,null,null,null,'ADMINCOR',to_date('16-FEB-15','DD-MON-RR'),null,null);
Insert into ADMINCOR.COM_EMPLOYEES (COD_EMPLOYEE,COD_IDENTITY_FEDERAL,NUM_DEP_SECTION,NAM_EMPLOYEE,NUM_ESTABLISHMENT,DAT_REGISTRATION,COD_IDENTITY_STATE,DAT_BIRTH,IND_GENDER,IND_MARITAL_STATUS,DAT_ADMISSION,NUM_TYPE_JOB_TITLE,DES_OBSERVATION,IND_ACTIVE,DAT_BEGIN_INACTIVITY,IND_TYPE_EMPLOYEE,DES_EMAIL_1,DES_EMAIL_2,NUM_DDI_TELEFONE,NUM_DDD_TELEFONE,NUM_TELEFONE,NUM_DDI_MOBILE,NUM_DDD_MOBILE,NUM_MOBILE,NAM_USER_MODIFY,DAT_LAST_MODIFY,NUM_COUNTRY_NATIONALITY,IND_TYPE_DOCUMENT) values (91,'16210',25,'Khasim Ali Mohammad',2,to_date('16-FEB-15','DD-MON-RR'),null,null,null,null,null,null,null,'Y',null,null,null,null,null,null,null,null,null,null,'ADMINCOR',to_date('16-FEB-15','DD-MON-RR'),null,null);
Insert into ADMINCOR.COM_EMPLOYEES (COD_EMPLOYEE,COD_IDENTITY_FEDERAL,NUM_DEP_SECTION,NAM_EMPLOYEE,NUM_ESTABLISHMENT,DAT_REGISTRATION,COD_IDENTITY_STATE,DAT_BIRTH,IND_GENDER,IND_MARITAL_STATUS,DAT_ADMISSION,NUM_TYPE_JOB_TITLE,DES_OBSERVATION,IND_ACTIVE,DAT_BEGIN_INACTIVITY,IND_TYPE_EMPLOYEE,DES_EMAIL_1,DES_EMAIL_2,NUM_DDI_TELEFONE,NUM_DDD_TELEFONE,NUM_TELEFONE,NUM_DDI_MOBILE,NUM_DDD_MOBILE,NUM_MOBILE,NAM_USER_MODIFY,DAT_LAST_MODIFY,NUM_COUNTRY_NATIONALITY,IND_TYPE_DOCUMENT) values (92,'11978',25,'Hussain Gul',2,to_date('16-FEB-15','DD-MON-RR'),null,null,null,null,null,null,null,'Y',null,null,null,null,null,null,null,null,null,null,'ADMINCOR',to_date('16-FEB-15','DD-MON-RR'),null,null);
Insert into ADMINCOR.COM_EMPLOYEES (COD_EMPLOYEE,COD_IDENTITY_FEDERAL,NUM_DEP_SECTION,NAM_EMPLOYEE,NUM_ESTABLISHMENT,DAT_REGISTRATION,COD_IDENTITY_STATE,DAT_BIRTH,IND_GENDER,IND_MARITAL_STATUS,DAT_ADMISSION,NUM_TYPE_JOB_TITLE,DES_OBSERVATION,IND_ACTIVE,DAT_BEGIN_INACTIVITY,IND_TYPE_EMPLOYEE,DES_EMAIL_1,DES_EMAIL_2,NUM_DDI_TELEFONE,NUM_DDD_TELEFONE,NUM_TELEFONE,NUM_DDI_MOBILE,NUM_DDD_MOBILE,NUM_MOBILE,NAM_USER_MODIFY,DAT_LAST_MODIFY,NUM_COUNTRY_NATIONALITY,IND_TYPE_DOCUMENT) values (93,'13052',24,'Romeo Pastorfide',2,to_date('16-FEB-15','DD-MON-RR'),null,null,null,null,null,null,null,'Y',null,null,null,null,null,null,null,null,null,null,'ADMINCOR',to_date('16-FEB-15','DD-MON-RR'),null,null);
Insert into ADMINCOR.COM_EMPLOYEES (COD_EMPLOYEE,COD_IDENTITY_FEDERAL,NUM_DEP_SECTION,NAM_EMPLOYEE,NUM_ESTABLISHMENT,DAT_REGISTRATION,COD_IDENTITY_STATE,DAT_BIRTH,IND_GENDER,IND_MARITAL_STATUS,DAT_ADMISSION,NUM_TYPE_JOB_TITLE,DES_OBSERVATION,IND_ACTIVE,DAT_BEGIN_INACTIVITY,IND_TYPE_EMPLOYEE,DES_EMAIL_1,DES_EMAIL_2,NUM_DDI_TELEFONE,NUM_DDD_TELEFONE,NUM_TELEFONE,NUM_DDI_MOBILE,NUM_DDD_MOBILE,NUM_MOBILE,NAM_USER_MODIFY,DAT_LAST_MODIFY,NUM_COUNTRY_NATIONALITY,IND_TYPE_DOCUMENT) values (94,'14196',13,'Abid Mustak Khan',2,to_date('16-FEB-15','DD-MON-RR'),null,null,null,null,null,null,null,'Y',null,null,null,null,null,null,null,null,null,null,'ADMINCOR',to_date('16-FEB-15','DD-MON-RR'),null,null);
Insert into ADMINCOR.COM_EMPLOYEES (COD_EMPLOYEE,COD_IDENTITY_FEDERAL,NUM_DEP_SECTION,NAM_EMPLOYEE,NUM_ESTABLISHMENT,DAT_REGISTRATION,COD_IDENTITY_STATE,DAT_BIRTH,IND_GENDER,IND_MARITAL_STATUS,DAT_ADMISSION,NUM_TYPE_JOB_TITLE,DES_OBSERVATION,IND_ACTIVE,DAT_BEGIN_INACTIVITY,IND_TYPE_EMPLOYEE,DES_EMAIL_1,DES_EMAIL_2,NUM_DDI_TELEFONE,NUM_DDD_TELEFONE,NUM_TELEFONE,NUM_DDI_MOBILE,NUM_DDD_MOBILE,NUM_MOBILE,NAM_USER_MODIFY,DAT_LAST_MODIFY,NUM_COUNTRY_NATIONALITY,IND_TYPE_DOCUMENT) values (123,'123456',1,'Zaher El Hassan (Admin)',1,to_date('10-APR-14','DD-MON-RR'),null,null,null,null,null,null,null,'Y',null,null,null,null,null,null,null,null,null,null,'ECAD000002',to_date('14-JUN-14','DD-MON-RR'),null,null);
Insert into ADMINCOR.COM_EMPLOYEES (COD_EMPLOYEE,COD_IDENTITY_FEDERAL,NUM_DEP_SECTION,NAM_EMPLOYEE,NUM_ESTABLISHMENT,DAT_REGISTRATION,COD_IDENTITY_STATE,DAT_BIRTH,IND_GENDER,IND_MARITAL_STATUS,DAT_ADMISSION,NUM_TYPE_JOB_TITLE,DES_OBSERVATION,IND_ACTIVE,DAT_BEGIN_INACTIVITY,IND_TYPE_EMPLOYEE,DES_EMAIL_1,DES_EMAIL_2,NUM_DDI_TELEFONE,NUM_DDD_TELEFONE,NUM_TELEFONE,NUM_DDI_MOBILE,NUM_DDD_MOBILE,NUM_MOBILE,NAM_USER_MODIFY,DAT_LAST_MODIFY,NUM_COUNTRY_NATIONALITY,IND_TYPE_DOCUMENT) values (124,'123456',1,'Rodrigo',1,to_date('10-APR-14','DD-MON-RR'),null,null,null,null,null,null,null,'Y',null,null,null,null,null,null,null,null,null,null,'ECAD000002',to_date('14-JUN-14','DD-MON-RR'),null,null);
Insert into ADMINCOR.COM_EMPLOYEES (COD_EMPLOYEE,COD_IDENTITY_FEDERAL,NUM_DEP_SECTION,NAM_EMPLOYEE,NUM_ESTABLISHMENT,DAT_REGISTRATION,COD_IDENTITY_STATE,DAT_BIRTH,IND_GENDER,IND_MARITAL_STATUS,DAT_ADMISSION,NUM_TYPE_JOB_TITLE,DES_OBSERVATION,IND_ACTIVE,DAT_BEGIN_INACTIVITY,IND_TYPE_EMPLOYEE,DES_EMAIL_1,DES_EMAIL_2,NUM_DDI_TELEFONE,NUM_DDD_TELEFONE,NUM_TELEFONE,NUM_DDI_MOBILE,NUM_DDD_MOBILE,NUM_MOBILE,NAM_USER_MODIFY,DAT_LAST_MODIFY,NUM_COUNTRY_NATIONALITY,IND_TYPE_DOCUMENT) values (125,'123456',1,'Khalid',1,to_date('10-APR-14','DD-MON-RR'),null,null,null,null,null,null,null,'Y',null,null,null,null,null,null,null,null,null,null,'ECAD000002',to_date('14-JUN-14','DD-MON-RR'),null,null);
Insert into ADMINCOR.COM_EMPLOYEES (COD_EMPLOYEE,COD_IDENTITY_FEDERAL,NUM_DEP_SECTION,NAM_EMPLOYEE,NUM_ESTABLISHMENT,DAT_REGISTRATION,COD_IDENTITY_STATE,DAT_BIRTH,IND_GENDER,IND_MARITAL_STATUS,DAT_ADMISSION,NUM_TYPE_JOB_TITLE,DES_OBSERVATION,IND_ACTIVE,DAT_BEGIN_INACTIVITY,IND_TYPE_EMPLOYEE,DES_EMAIL_1,DES_EMAIL_2,NUM_DDI_TELEFONE,NUM_DDD_TELEFONE,NUM_TELEFONE,NUM_DDI_MOBILE,NUM_DDD_MOBILE,NUM_MOBILE,NAM_USER_MODIFY,DAT_LAST_MODIFY,NUM_COUNTRY_NATIONALITY,IND_TYPE_DOCUMENT) values (126,'123456',13,'Mohamad Bayoumi',2,to_date('10-APR-14','DD-MON-RR'),null,null,null,null,null,null,null,'Y',null,null,null,null,null,null,null,null,null,null,'ECAD000002',to_date('14-JUN-14','DD-MON-RR'),null,null);
Insert into ADMINCOR.COM_EMPLOYEES (COD_EMPLOYEE,COD_IDENTITY_FEDERAL,NUM_DEP_SECTION,NAM_EMPLOYEE,NUM_ESTABLISHMENT,DAT_REGISTRATION,COD_IDENTITY_STATE,DAT_BIRTH,IND_GENDER,IND_MARITAL_STATUS,DAT_ADMISSION,NUM_TYPE_JOB_TITLE,DES_OBSERVATION,IND_ACTIVE,DAT_BEGIN_INACTIVITY,IND_TYPE_EMPLOYEE,DES_EMAIL_1,DES_EMAIL_2,NUM_DDI_TELEFONE,NUM_DDD_TELEFONE,NUM_TELEFONE,NUM_DDI_MOBILE,NUM_DDD_MOBILE,NUM_MOBILE,NAM_USER_MODIFY,DAT_LAST_MODIFY,NUM_COUNTRY_NATIONALITY,IND_TYPE_DOCUMENT) values (128,'9999',13,'Abdul Kader Fathallah',2,to_date('16-FEB-15','DD-MON-RR'),null,null,null,null,null,null,null,'Y',null,null,'afathallah@almabani.com.sa',null,null,null,null,null,null,null,'ADMINCOR',to_date('16-FEB-15','DD-MON-RR'),null,null);
Insert into ADMINCOR.COM_EMPLOYEES (COD_EMPLOYEE,COD_IDENTITY_FEDERAL,NUM_DEP_SECTION,NAM_EMPLOYEE,NUM_ESTABLISHMENT,DAT_REGISTRATION,COD_IDENTITY_STATE,DAT_BIRTH,IND_GENDER,IND_MARITAL_STATUS,DAT_ADMISSION,NUM_TYPE_JOB_TITLE,DES_OBSERVATION,IND_ACTIVE,DAT_BEGIN_INACTIVITY,IND_TYPE_EMPLOYEE,DES_EMAIL_1,DES_EMAIL_2,NUM_DDI_TELEFONE,NUM_DDD_TELEFONE,NUM_TELEFONE,NUM_DDI_MOBILE,NUM_DDD_MOBILE,NUM_MOBILE,NAM_USER_MODIFY,DAT_LAST_MODIFY,NUM_COUNTRY_NATIONALITY,IND_TYPE_DOCUMENT) values (95,'12232',24,'Yasir Irfan Muhammad',2,to_date('16-FEB-15','DD-MON-RR'),null,null,null,null,null,null,null,'Y',null,null,null,null,null,null,null,null,null,null,'ADMINCOR',to_date('16-FEB-15','DD-MON-RR'),null,null);
Insert into ADMINCOR.COM_EMPLOYEES (COD_EMPLOYEE,COD_IDENTITY_FEDERAL,NUM_DEP_SECTION,NAM_EMPLOYEE,NUM_ESTABLISHMENT,DAT_REGISTRATION,COD_IDENTITY_STATE,DAT_BIRTH,IND_GENDER,IND_MARITAL_STATUS,DAT_ADMISSION,NUM_TYPE_JOB_TITLE,DES_OBSERVATION,IND_ACTIVE,DAT_BEGIN_INACTIVITY,IND_TYPE_EMPLOYEE,DES_EMAIL_1,DES_EMAIL_2,NUM_DDI_TELEFONE,NUM_DDD_TELEFONE,NUM_TELEFONE,NUM_DDI_MOBILE,NUM_DDD_MOBILE,NUM_MOBILE,NAM_USER_MODIFY,DAT_LAST_MODIFY,NUM_COUNTRY_NATIONALITY,IND_TYPE_DOCUMENT) values (97,'8769',13,'Md. Fazlul Hoque Fazul',2,to_date('16-FEB-15','DD-MON-RR'),null,null,null,null,null,null,null,'Y',null,null,null,null,null,null,null,null,null,null,'ADMINCOR',to_date('16-FEB-15','DD-MON-RR'),null,null);
Insert into ADMINCOR.COM_EMPLOYEES (COD_EMPLOYEE,COD_IDENTITY_FEDERAL,NUM_DEP_SECTION,NAM_EMPLOYEE,NUM_ESTABLISHMENT,DAT_REGISTRATION,COD_IDENTITY_STATE,DAT_BIRTH,IND_GENDER,IND_MARITAL_STATUS,DAT_ADMISSION,NUM_TYPE_JOB_TITLE,DES_OBSERVATION,IND_ACTIVE,DAT_BEGIN_INACTIVITY,IND_TYPE_EMPLOYEE,DES_EMAIL_1,DES_EMAIL_2,NUM_DDI_TELEFONE,NUM_DDD_TELEFONE,NUM_TELEFONE,NUM_DDI_MOBILE,NUM_DDD_MOBILE,NUM_MOBILE,NAM_USER_MODIFY,DAT_LAST_MODIFY,NUM_COUNTRY_NATIONALITY,IND_TYPE_DOCUMENT) values (98,'14335',13,'Muhammad Ali Khan',2,to_date('16-FEB-15','DD-MON-RR'),null,null,null,null,null,null,null,'Y',null,null,null,null,null,null,null,null,null,null,'ADMINCOR',to_date('16-FEB-15','DD-MON-RR'),null,null);
Insert into ADMINCOR.COM_EMPLOYEES (COD_EMPLOYEE,COD_IDENTITY_FEDERAL,NUM_DEP_SECTION,NAM_EMPLOYEE,NUM_ESTABLISHMENT,DAT_REGISTRATION,COD_IDENTITY_STATE,DAT_BIRTH,IND_GENDER,IND_MARITAL_STATUS,DAT_ADMISSION,NUM_TYPE_JOB_TITLE,DES_OBSERVATION,IND_ACTIVE,DAT_BEGIN_INACTIVITY,IND_TYPE_EMPLOYEE,DES_EMAIL_1,DES_EMAIL_2,NUM_DDI_TELEFONE,NUM_DDD_TELEFONE,NUM_TELEFONE,NUM_DDI_MOBILE,NUM_DDD_MOBILE,NUM_MOBILE,NAM_USER_MODIFY,DAT_LAST_MODIFY,NUM_COUNTRY_NATIONALITY,IND_TYPE_DOCUMENT) values (99,'11677',13,'John Lennard Ignacio',2,to_date('16-FEB-15','DD-MON-RR'),null,null,null,null,null,null,null,'Y',null,null,null,null,null,null,null,null,null,null,'ADMINCOR',to_date('16-FEB-15','DD-MON-RR'),null,null);
Insert into ADMINCOR.COM_EMPLOYEES (COD_EMPLOYEE,COD_IDENTITY_FEDERAL,NUM_DEP_SECTION,NAM_EMPLOYEE,NUM_ESTABLISHMENT,DAT_REGISTRATION,COD_IDENTITY_STATE,DAT_BIRTH,IND_GENDER,IND_MARITAL_STATUS,DAT_ADMISSION,NUM_TYPE_JOB_TITLE,DES_OBSERVATION,IND_ACTIVE,DAT_BEGIN_INACTIVITY,IND_TYPE_EMPLOYEE,DES_EMAIL_1,DES_EMAIL_2,NUM_DDI_TELEFONE,NUM_DDD_TELEFONE,NUM_TELEFONE,NUM_DDI_MOBILE,NUM_DDD_MOBILE,NUM_MOBILE,NAM_USER_MODIFY,DAT_LAST_MODIFY,NUM_COUNTRY_NATIONALITY,IND_TYPE_DOCUMENT) values (100,'7825',13,'Khurshid Muhammad Ditta',2,to_date('16-FEB-15','DD-MON-RR'),null,null,null,null,null,null,null,'Y',null,null,null,null,null,null,null,null,null,null,'ADMINCOR',to_date('16-FEB-15','DD-MON-RR'),null,null);
Insert into ADMINCOR.COM_EMPLOYEES (COD_EMPLOYEE,COD_IDENTITY_FEDERAL,NUM_DEP_SECTION,NAM_EMPLOYEE,NUM_ESTABLISHMENT,DAT_REGISTRATION,COD_IDENTITY_STATE,DAT_BIRTH,IND_GENDER,IND_MARITAL_STATUS,DAT_ADMISSION,NUM_TYPE_JOB_TITLE,DES_OBSERVATION,IND_ACTIVE,DAT_BEGIN_INACTIVITY,IND_TYPE_EMPLOYEE,DES_EMAIL_1,DES_EMAIL_2,NUM_DDI_TELEFONE,NUM_DDD_TELEFONE,NUM_TELEFONE,NUM_DDI_MOBILE,NUM_DDD_MOBILE,NUM_MOBILE,NAM_USER_MODIFY,DAT_LAST_MODIFY,NUM_COUNTRY_NATIONALITY,IND_TYPE_DOCUMENT) values (101,'16641',13,'June Alcantara Romos',2,to_date('16-FEB-15','DD-MON-RR'),null,null,null,null,null,null,null,'Y',null,null,null,null,null,null,null,null,null,null,'ADMINCOR',to_date('16-FEB-15','DD-MON-RR'),null,null);
Insert into ADMINCOR.COM_EMPLOYEES (COD_EMPLOYEE,COD_IDENTITY_FEDERAL,NUM_DEP_SECTION,NAM_EMPLOYEE,NUM_ESTABLISHMENT,DAT_REGISTRATION,COD_IDENTITY_STATE,DAT_BIRTH,IND_GENDER,IND_MARITAL_STATUS,DAT_ADMISSION,NUM_TYPE_JOB_TITLE,DES_OBSERVATION,IND_ACTIVE,DAT_BEGIN_INACTIVITY,IND_TYPE_EMPLOYEE,DES_EMAIL_1,DES_EMAIL_2,NUM_DDI_TELEFONE,NUM_DDD_TELEFONE,NUM_TELEFONE,NUM_DDI_MOBILE,NUM_DDD_MOBILE,NUM_MOBILE,NAM_USER_MODIFY,DAT_LAST_MODIFY,NUM_COUNTRY_NATIONALITY,IND_TYPE_DOCUMENT) values (102,'13359',26,'Muhammad Sarfraz Khan',2,to_date('16-FEB-15','DD-MON-RR'),null,null,null,null,null,null,null,'Y',null,null,null,null,null,null,null,null,null,null,'ADMINCOR',to_date('16-FEB-15','DD-MON-RR'),null,null);
Insert into ADMINCOR.COM_EMPLOYEES (COD_EMPLOYEE,COD_IDENTITY_FEDERAL,NUM_DEP_SECTION,NAM_EMPLOYEE,NUM_ESTABLISHMENT,DAT_REGISTRATION,COD_IDENTITY_STATE,DAT_BIRTH,IND_GENDER,IND_MARITAL_STATUS,DAT_ADMISSION,NUM_TYPE_JOB_TITLE,DES_OBSERVATION,IND_ACTIVE,DAT_BEGIN_INACTIVITY,IND_TYPE_EMPLOYEE,DES_EMAIL_1,DES_EMAIL_2,NUM_DDI_TELEFONE,NUM_DDD_TELEFONE,NUM_TELEFONE,NUM_DDI_MOBILE,NUM_DDD_MOBILE,NUM_MOBILE,NAM_USER_MODIFY,DAT_LAST_MODIFY,NUM_COUNTRY_NATIONALITY,IND_TYPE_DOCUMENT) values (103,'16590',13,'Harold Pamintuan',2,to_date('16-FEB-15','DD-MON-RR'),null,null,null,null,null,null,null,'Y',null,null,null,null,null,null,null,null,null,null,'ADMINCOR',to_date('16-FEB-15','DD-MON-RR'),null,null);
Insert into ADMINCOR.COM_EMPLOYEES (COD_EMPLOYEE,COD_IDENTITY_FEDERAL,NUM_DEP_SECTION,NAM_EMPLOYEE,NUM_ESTABLISHMENT,DAT_REGISTRATION,COD_IDENTITY_STATE,DAT_BIRTH,IND_GENDER,IND_MARITAL_STATUS,DAT_ADMISSION,NUM_TYPE_JOB_TITLE,DES_OBSERVATION,IND_ACTIVE,DAT_BEGIN_INACTIVITY,IND_TYPE_EMPLOYEE,DES_EMAIL_1,DES_EMAIL_2,NUM_DDI_TELEFONE,NUM_DDD_TELEFONE,NUM_TELEFONE,NUM_DDI_MOBILE,NUM_DDD_MOBILE,NUM_MOBILE,NAM_USER_MODIFY,DAT_LAST_MODIFY,NUM_COUNTRY_NATIONALITY,IND_TYPE_DOCUMENT) values (104,'8052',25,'Mohamed Ibrahim Arafat',2,to_date('16-FEB-15','DD-MON-RR'),null,null,null,null,null,null,null,'Y',null,null,null,null,null,null,null,null,null,null,'ADMINCOR',to_date('16-FEB-15','DD-MON-RR'),null,null);
Insert into ADMINCOR.COM_EMPLOYEES (COD_EMPLOYEE,COD_IDENTITY_FEDERAL,NUM_DEP_SECTION,NAM_EMPLOYEE,NUM_ESTABLISHMENT,DAT_REGISTRATION,COD_IDENTITY_STATE,DAT_BIRTH,IND_GENDER,IND_MARITAL_STATUS,DAT_ADMISSION,NUM_TYPE_JOB_TITLE,DES_OBSERVATION,IND_ACTIVE,DAT_BEGIN_INACTIVITY,IND_TYPE_EMPLOYEE,DES_EMAIL_1,DES_EMAIL_2,NUM_DDI_TELEFONE,NUM_DDD_TELEFONE,NUM_TELEFONE,NUM_DDI_MOBILE,NUM_DDD_MOBILE,NUM_MOBILE,NAM_USER_MODIFY,DAT_LAST_MODIFY,NUM_COUNTRY_NATIONALITY,IND_TYPE_DOCUMENT) values (105,'8658',23,'Zaldi Nomacio Pascual',2,to_date('16-FEB-15','DD-MON-RR'),null,null,null,null,null,null,null,'Y',null,null,null,null,null,null,null,null,null,null,'ADMINCOR',to_date('16-FEB-15','DD-MON-RR'),null,null);
Insert into ADMINCOR.COM_EMPLOYEES (COD_EMPLOYEE,COD_IDENTITY_FEDERAL,NUM_DEP_SECTION,NAM_EMPLOYEE,NUM_ESTABLISHMENT,DAT_REGISTRATION,COD_IDENTITY_STATE,DAT_BIRTH,IND_GENDER,IND_MARITAL_STATUS,DAT_ADMISSION,NUM_TYPE_JOB_TITLE,DES_OBSERVATION,IND_ACTIVE,DAT_BEGIN_INACTIVITY,IND_TYPE_EMPLOYEE,DES_EMAIL_1,DES_EMAIL_2,NUM_DDI_TELEFONE,NUM_DDD_TELEFONE,NUM_TELEFONE,NUM_DDI_MOBILE,NUM_DDD_MOBILE,NUM_MOBILE,NAM_USER_MODIFY,DAT_LAST_MODIFY,NUM_COUNTRY_NATIONALITY,IND_TYPE_DOCUMENT) values (121,'18800',13,'Moutaz Altalhi',2,to_date('16-FEB-15','DD-MON-RR'),null,null,null,null,null,null,null,'Y',null,null,'maltalhi@almabani.com.sa',null,null,null,null,null,null,null,'ADMINCOR',to_date('16-FEB-15','DD-MON-RR'),null,null);
Insert into ADMINCOR.COM_EMPLOYEES (COD_EMPLOYEE,COD_IDENTITY_FEDERAL,NUM_DEP_SECTION,NAM_EMPLOYEE,NUM_ESTABLISHMENT,DAT_REGISTRATION,COD_IDENTITY_STATE,DAT_BIRTH,IND_GENDER,IND_MARITAL_STATUS,DAT_ADMISSION,NUM_TYPE_JOB_TITLE,DES_OBSERVATION,IND_ACTIVE,DAT_BEGIN_INACTIVITY,IND_TYPE_EMPLOYEE,DES_EMAIL_1,DES_EMAIL_2,NUM_DDI_TELEFONE,NUM_DDD_TELEFONE,NUM_TELEFONE,NUM_DDI_MOBILE,NUM_DDD_MOBILE,NUM_MOBILE,NAM_USER_MODIFY,DAT_LAST_MODIFY,NUM_COUNTRY_NATIONALITY,IND_TYPE_DOCUMENT) values (122,'123456',12,'Faraz Ahmed',2,to_date('16-FEB-15','DD-MON-RR'),null,null,null,null,null,null,null,'Y',null,null,null,null,null,null,null,null,null,null,'ADMINCOR',to_date('16-FEB-15','DD-MON-RR'),null,null);
Insert into ADMINCOR.COM_EMPLOYEES (COD_EMPLOYEE,COD_IDENTITY_FEDERAL,NUM_DEP_SECTION,NAM_EMPLOYEE,NUM_ESTABLISHMENT,DAT_REGISTRATION,COD_IDENTITY_STATE,DAT_BIRTH,IND_GENDER,IND_MARITAL_STATUS,DAT_ADMISSION,NUM_TYPE_JOB_TITLE,DES_OBSERVATION,IND_ACTIVE,DAT_BEGIN_INACTIVITY,IND_TYPE_EMPLOYEE,DES_EMAIL_1,DES_EMAIL_2,NUM_DDI_TELEFONE,NUM_DDD_TELEFONE,NUM_TELEFONE,NUM_DDI_MOBILE,NUM_DDD_MOBILE,NUM_MOBILE,NAM_USER_MODIFY,DAT_LAST_MODIFY,NUM_COUNTRY_NATIONALITY,IND_TYPE_DOCUMENT) values (35,'14565',22,'Melvin Chavez',2,to_date('16-FEB-15','DD-MON-RR'),null,null,null,null,null,null,null,'Y',null,null,null,null,null,null,null,null,null,null,'ADMINCOR',to_date('16-FEB-15','DD-MON-RR'),null,null);
Insert into ADMINCOR.COM_EMPLOYEES (COD_EMPLOYEE,COD_IDENTITY_FEDERAL,NUM_DEP_SECTION,NAM_EMPLOYEE,NUM_ESTABLISHMENT,DAT_REGISTRATION,COD_IDENTITY_STATE,DAT_BIRTH,IND_GENDER,IND_MARITAL_STATUS,DAT_ADMISSION,NUM_TYPE_JOB_TITLE,DES_OBSERVATION,IND_ACTIVE,DAT_BEGIN_INACTIVITY,IND_TYPE_EMPLOYEE,DES_EMAIL_1,DES_EMAIL_2,NUM_DDI_TELEFONE,NUM_DDD_TELEFONE,NUM_TELEFONE,NUM_DDI_MOBILE,NUM_DDD_MOBILE,NUM_MOBILE,NAM_USER_MODIFY,DAT_LAST_MODIFY,NUM_COUNTRY_NATIONALITY,IND_TYPE_DOCUMENT) values (36,'14636',22,'Emiliano Endozo',2,to_date('16-FEB-15','DD-MON-RR'),null,null,null,null,null,null,null,'Y',null,null,null,null,null,null,null,null,null,null,'ADMINCOR',to_date('16-FEB-15','DD-MON-RR'),null,null);
Insert into ADMINCOR.COM_EMPLOYEES (COD_EMPLOYEE,COD_IDENTITY_FEDERAL,NUM_DEP_SECTION,NAM_EMPLOYEE,NUM_ESTABLISHMENT,DAT_REGISTRATION,COD_IDENTITY_STATE,DAT_BIRTH,IND_GENDER,IND_MARITAL_STATUS,DAT_ADMISSION,NUM_TYPE_JOB_TITLE,DES_OBSERVATION,IND_ACTIVE,DAT_BEGIN_INACTIVITY,IND_TYPE_EMPLOYEE,DES_EMAIL_1,DES_EMAIL_2,NUM_DDI_TELEFONE,NUM_DDD_TELEFONE,NUM_TELEFONE,NUM_DDI_MOBILE,NUM_DDD_MOBILE,NUM_MOBILE,NAM_USER_MODIFY,DAT_LAST_MODIFY,NUM_COUNTRY_NATIONALITY,IND_TYPE_DOCUMENT) values (51,'1002',25,'Alex Neri Neri',2,to_date('16-FEB-15','DD-MON-RR'),null,null,null,null,null,null,null,'Y',null,null,null,null,null,null,null,null,null,null,'ADMINCOR',to_date('16-FEB-15','DD-MON-RR'),null,null);
Insert into ADMINCOR.COM_EMPLOYEES (COD_EMPLOYEE,COD_IDENTITY_FEDERAL,NUM_DEP_SECTION,NAM_EMPLOYEE,NUM_ESTABLISHMENT,DAT_REGISTRATION,COD_IDENTITY_STATE,DAT_BIRTH,IND_GENDER,IND_MARITAL_STATUS,DAT_ADMISSION,NUM_TYPE_JOB_TITLE,DES_OBSERVATION,IND_ACTIVE,DAT_BEGIN_INACTIVITY,IND_TYPE_EMPLOYEE,DES_EMAIL_1,DES_EMAIL_2,NUM_DDI_TELEFONE,NUM_DDD_TELEFONE,NUM_TELEFONE,NUM_DDI_MOBILE,NUM_DDD_MOBILE,NUM_MOBILE,NAM_USER_MODIFY,DAT_LAST_MODIFY,NUM_COUNTRY_NATIONALITY,IND_TYPE_DOCUMENT) values (52,'3094',25,'Isgani Cayabyab',2,to_date('16-FEB-15','DD-MON-RR'),null,null,null,null,null,null,null,'Y',null,null,null,null,null,null,null,null,null,null,'ADMINCOR',to_date('16-FEB-15','DD-MON-RR'),null,null);
Insert into ADMINCOR.COM_EMPLOYEES (COD_EMPLOYEE,COD_IDENTITY_FEDERAL,NUM_DEP_SECTION,NAM_EMPLOYEE,NUM_ESTABLISHMENT,DAT_REGISTRATION,COD_IDENTITY_STATE,DAT_BIRTH,IND_GENDER,IND_MARITAL_STATUS,DAT_ADMISSION,NUM_TYPE_JOB_TITLE,DES_OBSERVATION,IND_ACTIVE,DAT_BEGIN_INACTIVITY,IND_TYPE_EMPLOYEE,DES_EMAIL_1,DES_EMAIL_2,NUM_DDI_TELEFONE,NUM_DDD_TELEFONE,NUM_TELEFONE,NUM_DDI_MOBILE,NUM_DDD_MOBILE,NUM_MOBILE,NAM_USER_MODIFY,DAT_LAST_MODIFY,NUM_COUNTRY_NATIONALITY,IND_TYPE_DOCUMENT) values (96,'13745',13,'Erwin Milanes',2,to_date('16-FEB-15','DD-MON-RR'),null,null,null,null,null,null,null,'Y',null,null,null,null,null,null,null,null,null,null,'ADMINCOR',to_date('16-FEB-15','DD-MON-RR'),null,null);
Insert into ADMINCOR.COM_EMPLOYEES (COD_EMPLOYEE,COD_IDENTITY_FEDERAL,NUM_DEP_SECTION,NAM_EMPLOYEE,NUM_ESTABLISHMENT,DAT_REGISTRATION,COD_IDENTITY_STATE,DAT_BIRTH,IND_GENDER,IND_MARITAL_STATUS,DAT_ADMISSION,NUM_TYPE_JOB_TITLE,DES_OBSERVATION,IND_ACTIVE,DAT_BEGIN_INACTIVITY,IND_TYPE_EMPLOYEE,DES_EMAIL_1,DES_EMAIL_2,NUM_DDI_TELEFONE,NUM_DDD_TELEFONE,NUM_TELEFONE,NUM_DDI_MOBILE,NUM_DDD_MOBILE,NUM_MOBILE,NAM_USER_MODIFY,DAT_LAST_MODIFY,NUM_COUNTRY_NATIONALITY,IND_TYPE_DOCUMENT) values (127,'9999',13,'Fransico Ignacio',2,to_date('16-FEB-15','DD-MON-RR'),null,null,null,null,null,null,null,'Y',null,null,'IFrancisco@almabani.com.sa',null,null,null,null,null,null,null,'ADMINCOR',to_date('16-FEB-15','DD-MON-RR'),null,null);
Insert into ADMINCOR.COM_EMPLOYEES (COD_EMPLOYEE,COD_IDENTITY_FEDERAL,NUM_DEP_SECTION,NAM_EMPLOYEE,NUM_ESTABLISHMENT,DAT_REGISTRATION,COD_IDENTITY_STATE,DAT_BIRTH,IND_GENDER,IND_MARITAL_STATUS,DAT_ADMISSION,NUM_TYPE_JOB_TITLE,DES_OBSERVATION,IND_ACTIVE,DAT_BEGIN_INACTIVITY,IND_TYPE_EMPLOYEE,DES_EMAIL_1,DES_EMAIL_2,NUM_DDI_TELEFONE,NUM_DDD_TELEFONE,NUM_TELEFONE,NUM_DDI_MOBILE,NUM_DDD_MOBILE,NUM_MOBILE,NAM_USER_MODIFY,DAT_LAST_MODIFY,NUM_COUNTRY_NATIONALITY,IND_TYPE_DOCUMENT) values (1,'123456',12,'Zaher El Hassan',2,to_date('28-JAN-15','DD-MON-RR'),null,null,null,null,null,null,null,'Y',null,null,'zelhassan@almabani.com.sa',null,null,null,null,null,null,null,'ADMINCOR',to_date('16-FEB-15','DD-MON-RR'),null,null);
Insert into ADMINCOR.COM_EMPLOYEES (COD_EMPLOYEE,COD_IDENTITY_FEDERAL,NUM_DEP_SECTION,NAM_EMPLOYEE,NUM_ESTABLISHMENT,DAT_REGISTRATION,COD_IDENTITY_STATE,DAT_BIRTH,IND_GENDER,IND_MARITAL_STATUS,DAT_ADMISSION,NUM_TYPE_JOB_TITLE,DES_OBSERVATION,IND_ACTIVE,DAT_BEGIN_INACTIVITY,IND_TYPE_EMPLOYEE,DES_EMAIL_1,DES_EMAIL_2,NUM_DDI_TELEFONE,NUM_DDD_TELEFONE,NUM_TELEFONE,NUM_DDI_MOBILE,NUM_DDD_MOBILE,NUM_MOBILE,NAM_USER_MODIFY,DAT_LAST_MODIFY,NUM_COUNTRY_NATIONALITY,IND_TYPE_DOCUMENT) values (2,'123456',12,'Faustino Ramirez',2,to_date('28-JAN-15','DD-MON-RR'),null,null,null,null,null,null,null,'Y',null,null,'framirez@almabani.com.sa',null,null,null,null,null,null,null,'ADMINCOR',to_date('16-FEB-15','DD-MON-RR'),null,null);
Insert into ADMINCOR.COM_EMPLOYEES (COD_EMPLOYEE,COD_IDENTITY_FEDERAL,NUM_DEP_SECTION,NAM_EMPLOYEE,NUM_ESTABLISHMENT,DAT_REGISTRATION,COD_IDENTITY_STATE,DAT_BIRTH,IND_GENDER,IND_MARITAL_STATUS,DAT_ADMISSION,NUM_TYPE_JOB_TITLE,DES_OBSERVATION,IND_ACTIVE,DAT_BEGIN_INACTIVITY,IND_TYPE_EMPLOYEE,DES_EMAIL_1,DES_EMAIL_2,NUM_DDI_TELEFONE,NUM_DDD_TELEFONE,NUM_TELEFONE,NUM_DDI_MOBILE,NUM_DDD_MOBILE,NUM_MOBILE,NAM_USER_MODIFY,DAT_LAST_MODIFY,NUM_COUNTRY_NATIONALITY,IND_TYPE_DOCUMENT) values (3,'20292',12,'Gareen Cayabyab',2,to_date('28-JAN-15','DD-MON-RR'),null,null,null,null,null,null,null,'Y',null,null,'zelhassan@almabani.com.sa',null,null,null,null,null,null,null,'ADMINCOR',to_date('16-FEB-15','DD-MON-RR'),null,null);
Insert into ADMINCOR.COM_EMPLOYEES (COD_EMPLOYEE,COD_IDENTITY_FEDERAL,NUM_DEP_SECTION,NAM_EMPLOYEE,NUM_ESTABLISHMENT,DAT_REGISTRATION,COD_IDENTITY_STATE,DAT_BIRTH,IND_GENDER,IND_MARITAL_STATUS,DAT_ADMISSION,NUM_TYPE_JOB_TITLE,DES_OBSERVATION,IND_ACTIVE,DAT_BEGIN_INACTIVITY,IND_TYPE_EMPLOYEE,DES_EMAIL_1,DES_EMAIL_2,NUM_DDI_TELEFONE,NUM_DDD_TELEFONE,NUM_TELEFONE,NUM_DDI_MOBILE,NUM_DDD_MOBILE,NUM_MOBILE,NAM_USER_MODIFY,DAT_LAST_MODIFY,NUM_COUNTRY_NATIONALITY,IND_TYPE_DOCUMENT) values (4,'18184',12,'Alexander Calipayan',2,to_date('28-JAN-15','DD-MON-RR'),null,null,null,null,null,null,null,'Y',null,null,'acalipayan@almabani.com.sa',null,null,null,null,null,null,null,'ADMINCOR',to_date('16-FEB-15','DD-MON-RR'),null,null);
Insert into ADMINCOR.COM_EMPLOYEES (COD_EMPLOYEE,COD_IDENTITY_FEDERAL,NUM_DEP_SECTION,NAM_EMPLOYEE,NUM_ESTABLISHMENT,DAT_REGISTRATION,COD_IDENTITY_STATE,DAT_BIRTH,IND_GENDER,IND_MARITAL_STATUS,DAT_ADMISSION,NUM_TYPE_JOB_TITLE,DES_OBSERVATION,IND_ACTIVE,DAT_BEGIN_INACTIVITY,IND_TYPE_EMPLOYEE,DES_EMAIL_1,DES_EMAIL_2,NUM_DDI_TELEFONE,NUM_DDD_TELEFONE,NUM_TELEFONE,NUM_DDI_MOBILE,NUM_DDD_MOBILE,NUM_MOBILE,NAM_USER_MODIFY,DAT_LAST_MODIFY,NUM_COUNTRY_NATIONALITY,IND_TYPE_DOCUMENT) values (5,'18801',26,'Mohamad Aqeel',2,to_date('28-JAN-15','DD-MON-RR'),null,null,null,null,null,null,null,'Y',null,null,'manwar@almabani.com.sa',null,null,null,null,null,null,null,'ADMINCOR',to_date('16-FEB-15','DD-MON-RR'),null,null);
Insert into ADMINCOR.COM_EMPLOYEES (COD_EMPLOYEE,COD_IDENTITY_FEDERAL,NUM_DEP_SECTION,NAM_EMPLOYEE,NUM_ESTABLISHMENT,DAT_REGISTRATION,COD_IDENTITY_STATE,DAT_BIRTH,IND_GENDER,IND_MARITAL_STATUS,DAT_ADMISSION,NUM_TYPE_JOB_TITLE,DES_OBSERVATION,IND_ACTIVE,DAT_BEGIN_INACTIVITY,IND_TYPE_EMPLOYEE,DES_EMAIL_1,DES_EMAIL_2,NUM_DDI_TELEFONE,NUM_DDD_TELEFONE,NUM_TELEFONE,NUM_DDI_MOBILE,NUM_DDD_MOBILE,NUM_MOBILE,NAM_USER_MODIFY,DAT_LAST_MODIFY,NUM_COUNTRY_NATIONALITY,IND_TYPE_DOCUMENT) values (6,'17397',12,'Rexie Falcon',2,to_date('28-JAN-15','DD-MON-RR'),null,null,null,null,null,null,null,'Y',null,null,'rfalcon@almabani.com.sa',null,null,null,null,null,null,null,'ADMINCOR',to_date('16-FEB-15','DD-MON-RR'),null,null);
Insert into ADMINCOR.COM_EMPLOYEES (COD_EMPLOYEE,COD_IDENTITY_FEDERAL,NUM_DEP_SECTION,NAM_EMPLOYEE,NUM_ESTABLISHMENT,DAT_REGISTRATION,COD_IDENTITY_STATE,DAT_BIRTH,IND_GENDER,IND_MARITAL_STATUS,DAT_ADMISSION,NUM_TYPE_JOB_TITLE,DES_OBSERVATION,IND_ACTIVE,DAT_BEGIN_INACTIVITY,IND_TYPE_EMPLOYEE,DES_EMAIL_1,DES_EMAIL_2,NUM_DDI_TELEFONE,NUM_DDD_TELEFONE,NUM_TELEFONE,NUM_DDI_MOBILE,NUM_DDD_MOBILE,NUM_MOBILE,NAM_USER_MODIFY,DAT_LAST_MODIFY,NUM_COUNTRY_NATIONALITY,IND_TYPE_DOCUMENT) values (7,'123456',12,'Adeel Rasool',2,to_date('28-JAN-15','DD-MON-RR'),null,null,null,null,null,null,null,'Y',null,null,'zelhassan@almabani.com.sa',null,null,null,null,null,null,null,'ADMINCOR',to_date('16-FEB-15','DD-MON-RR'),null,null);
Insert into ADMINCOR.COM_EMPLOYEES (COD_EMPLOYEE,COD_IDENTITY_FEDERAL,NUM_DEP_SECTION,NAM_EMPLOYEE,NUM_ESTABLISHMENT,DAT_REGISTRATION,COD_IDENTITY_STATE,DAT_BIRTH,IND_GENDER,IND_MARITAL_STATUS,DAT_ADMISSION,NUM_TYPE_JOB_TITLE,DES_OBSERVATION,IND_ACTIVE,DAT_BEGIN_INACTIVITY,IND_TYPE_EMPLOYEE,DES_EMAIL_1,DES_EMAIL_2,NUM_DDI_TELEFONE,NUM_DDD_TELEFONE,NUM_TELEFONE,NUM_DDI_MOBILE,NUM_DDD_MOBILE,NUM_MOBILE,NAM_USER_MODIFY,DAT_LAST_MODIFY,NUM_COUNTRY_NATIONALITY,IND_TYPE_DOCUMENT) values (8,'19505',12,'Jalil P Ali',2,to_date('28-JAN-15','DD-MON-RR'),null,null,null,null,null,null,null,'Y',null,null,'zelhassan@almabani.com.sa',null,null,null,null,null,null,null,'ADMINCOR',to_date('16-FEB-15','DD-MON-RR'),null,null);
Insert into ADMINCOR.COM_EMPLOYEES (COD_EMPLOYEE,COD_IDENTITY_FEDERAL,NUM_DEP_SECTION,NAM_EMPLOYEE,NUM_ESTABLISHMENT,DAT_REGISTRATION,COD_IDENTITY_STATE,DAT_BIRTH,IND_GENDER,IND_MARITAL_STATUS,DAT_ADMISSION,NUM_TYPE_JOB_TITLE,DES_OBSERVATION,IND_ACTIVE,DAT_BEGIN_INACTIVITY,IND_TYPE_EMPLOYEE,DES_EMAIL_1,DES_EMAIL_2,NUM_DDI_TELEFONE,NUM_DDD_TELEFONE,NUM_TELEFONE,NUM_DDI_MOBILE,NUM_DDD_MOBILE,NUM_MOBILE,NAM_USER_MODIFY,DAT_LAST_MODIFY,NUM_COUNTRY_NATIONALITY,IND_TYPE_DOCUMENT) values (9,'12345678',12,'Jerry Sumagang',2,to_date('23-AUG-15','DD-MON-RR'),null,null,null,null,null,null,null,'Y',null,null,'jsumagang@almabani.com.sa',null,null,0,0,null,0,0,'Register',to_date('23-AUG-15','DD-MON-RR'),null,null);
Insert into ADMINCOR.COM_EMPLOYEES (COD_EMPLOYEE,COD_IDENTITY_FEDERAL,NUM_DEP_SECTION,NAM_EMPLOYEE,NUM_ESTABLISHMENT,DAT_REGISTRATION,COD_IDENTITY_STATE,DAT_BIRTH,IND_GENDER,IND_MARITAL_STATUS,DAT_ADMISSION,NUM_TYPE_JOB_TITLE,DES_OBSERVATION,IND_ACTIVE,DAT_BEGIN_INACTIVITY,IND_TYPE_EMPLOYEE,DES_EMAIL_1,DES_EMAIL_2,NUM_DDI_TELEFONE,NUM_DDD_TELEFONE,NUM_TELEFONE,NUM_DDI_MOBILE,NUM_DDD_MOBILE,NUM_MOBILE,NAM_USER_MODIFY,DAT_LAST_MODIFY,NUM_COUNTRY_NATIONALITY,IND_TYPE_DOCUMENT) values (10,'19506',12,'Lourenjon Falcon',2,to_date('28-JAN-15','DD-MON-RR'),null,null,null,null,null,null,null,'Y',null,null,null,null,null,null,null,null,null,null,'ADMINCOR',to_date('16-FEB-15','DD-MON-RR'),null,null);
Insert into ADMINCOR.COM_EMPLOYEES (COD_EMPLOYEE,COD_IDENTITY_FEDERAL,NUM_DEP_SECTION,NAM_EMPLOYEE,NUM_ESTABLISHMENT,DAT_REGISTRATION,COD_IDENTITY_STATE,DAT_BIRTH,IND_GENDER,IND_MARITAL_STATUS,DAT_ADMISSION,NUM_TYPE_JOB_TITLE,DES_OBSERVATION,IND_ACTIVE,DAT_BEGIN_INACTIVITY,IND_TYPE_EMPLOYEE,DES_EMAIL_1,DES_EMAIL_2,NUM_DDI_TELEFONE,NUM_DDD_TELEFONE,NUM_TELEFONE,NUM_DDI_MOBILE,NUM_DDD_MOBILE,NUM_MOBILE,NAM_USER_MODIFY,DAT_LAST_MODIFY,NUM_COUNTRY_NATIONALITY,IND_TYPE_DOCUMENT) values (11,'20599',12,'Ruzell Marin Pamintuan',2,to_date('28-JAN-15','DD-MON-RR'),null,null,null,null,null,null,null,'Y',null,null,null,null,null,null,null,null,null,null,'ADMINCOR',to_date('16-FEB-15','DD-MON-RR'),null,null);
Insert into ADMINCOR.COM_EMPLOYEES (COD_EMPLOYEE,COD_IDENTITY_FEDERAL,NUM_DEP_SECTION,NAM_EMPLOYEE,NUM_ESTABLISHMENT,DAT_REGISTRATION,COD_IDENTITY_STATE,DAT_BIRTH,IND_GENDER,IND_MARITAL_STATUS,DAT_ADMISSION,NUM_TYPE_JOB_TITLE,DES_OBSERVATION,IND_ACTIVE,DAT_BEGIN_INACTIVITY,IND_TYPE_EMPLOYEE,DES_EMAIL_1,DES_EMAIL_2,NUM_DDI_TELEFONE,NUM_DDD_TELEFONE,NUM_TELEFONE,NUM_DDI_MOBILE,NUM_DDD_MOBILE,NUM_MOBILE,NAM_USER_MODIFY,DAT_LAST_MODIFY,NUM_COUNTRY_NATIONALITY,IND_TYPE_DOCUMENT) values (12,'123456',12,'Shah Quaizar',2,to_date('28-JAN-15','DD-MON-RR'),null,null,null,null,null,null,null,'Y',null,null,null,null,null,null,null,null,null,null,'ADMINCOR',to_date('16-FEB-15','DD-MON-RR'),null,null);
Insert into ADMINCOR.COM_EMPLOYEES (COD_EMPLOYEE,COD_IDENTITY_FEDERAL,NUM_DEP_SECTION,NAM_EMPLOYEE,NUM_ESTABLISHMENT,DAT_REGISTRATION,COD_IDENTITY_STATE,DAT_BIRTH,IND_GENDER,IND_MARITAL_STATUS,DAT_ADMISSION,NUM_TYPE_JOB_TITLE,DES_OBSERVATION,IND_ACTIVE,DAT_BEGIN_INACTIVITY,IND_TYPE_EMPLOYEE,DES_EMAIL_1,DES_EMAIL_2,NUM_DDI_TELEFONE,NUM_DDD_TELEFONE,NUM_TELEFONE,NUM_DDI_MOBILE,NUM_DDD_MOBILE,NUM_MOBILE,NAM_USER_MODIFY,DAT_LAST_MODIFY,NUM_COUNTRY_NATIONALITY,IND_TYPE_DOCUMENT) values (13,'17744',12,'Joel Berandoy',2,to_date('28-JAN-15','DD-MON-RR'),null,null,null,null,null,null,null,'Y',null,null,'jberandoy@almabani.com.sa',null,null,null,null,null,null,null,'ADMINCOR',to_date('16-FEB-15','DD-MON-RR'),null,null);
Insert into ADMINCOR.COM_EMPLOYEES (COD_EMPLOYEE,COD_IDENTITY_FEDERAL,NUM_DEP_SECTION,NAM_EMPLOYEE,NUM_ESTABLISHMENT,DAT_REGISTRATION,COD_IDENTITY_STATE,DAT_BIRTH,IND_GENDER,IND_MARITAL_STATUS,DAT_ADMISSION,NUM_TYPE_JOB_TITLE,DES_OBSERVATION,IND_ACTIVE,DAT_BEGIN_INACTIVITY,IND_TYPE_EMPLOYEE,DES_EMAIL_1,DES_EMAIL_2,NUM_DDI_TELEFONE,NUM_DDD_TELEFONE,NUM_TELEFONE,NUM_DDI_MOBILE,NUM_DDD_MOBILE,NUM_MOBILE,NAM_USER_MODIFY,DAT_LAST_MODIFY,NUM_COUNTRY_NATIONALITY,IND_TYPE_DOCUMENT) values (14,'123456',12,'Haroon Shamim Ahmad',2,to_date('28-JAN-15','DD-MON-RR'),null,null,null,null,null,null,null,'Y',null,null,null,null,null,null,null,null,null,null,'ADMINCOR',to_date('16-FEB-15','DD-MON-RR'),null,null);
Insert into ADMINCOR.COM_EMPLOYEES (COD_EMPLOYEE,COD_IDENTITY_FEDERAL,NUM_DEP_SECTION,NAM_EMPLOYEE,NUM_ESTABLISHMENT,DAT_REGISTRATION,COD_IDENTITY_STATE,DAT_BIRTH,IND_GENDER,IND_MARITAL_STATUS,DAT_ADMISSION,NUM_TYPE_JOB_TITLE,DES_OBSERVATION,IND_ACTIVE,DAT_BEGIN_INACTIVITY,IND_TYPE_EMPLOYEE,DES_EMAIL_1,DES_EMAIL_2,NUM_DDI_TELEFONE,NUM_DDD_TELEFONE,NUM_TELEFONE,NUM_DDI_MOBILE,NUM_DDD_MOBILE,NUM_MOBILE,NAM_USER_MODIFY,DAT_LAST_MODIFY,NUM_COUNTRY_NATIONALITY,IND_TYPE_DOCUMENT) values (15,'123456',13,'Nadim Thome',2,to_date('28-JAN-15','DD-MON-RR'),null,null,null,null,null,null,null,'Y',null,null,'ntohme@almabani.com.sa',null,null,null,null,null,null,null,'ADMINCOR',to_date('16-FEB-15','DD-MON-RR'),null,null);
Insert into ADMINCOR.COM_EMPLOYEES (COD_EMPLOYEE,COD_IDENTITY_FEDERAL,NUM_DEP_SECTION,NAM_EMPLOYEE,NUM_ESTABLISHMENT,DAT_REGISTRATION,COD_IDENTITY_STATE,DAT_BIRTH,IND_GENDER,IND_MARITAL_STATUS,DAT_ADMISSION,NUM_TYPE_JOB_TITLE,DES_OBSERVATION,IND_ACTIVE,DAT_BEGIN_INACTIVITY,IND_TYPE_EMPLOYEE,DES_EMAIL_1,DES_EMAIL_2,NUM_DDI_TELEFONE,NUM_DDD_TELEFONE,NUM_TELEFONE,NUM_DDI_MOBILE,NUM_DDD_MOBILE,NUM_MOBILE,NAM_USER_MODIFY,DAT_LAST_MODIFY,NUM_COUNTRY_NATIONALITY,IND_TYPE_DOCUMENT) values (17,'20415',13,'Talal Alotibi',2,to_date('16-FEB-15','DD-MON-RR'),null,null,null,null,null,null,null,'Y',null,null,null,null,null,null,null,null,null,null,'ADMINCOR',to_date('16-FEB-15','DD-MON-RR'),null,null);
Insert into ADMINCOR.COM_EMPLOYEES (COD_EMPLOYEE,COD_IDENTITY_FEDERAL,NUM_DEP_SECTION,NAM_EMPLOYEE,NUM_ESTABLISHMENT,DAT_REGISTRATION,COD_IDENTITY_STATE,DAT_BIRTH,IND_GENDER,IND_MARITAL_STATUS,DAT_ADMISSION,NUM_TYPE_JOB_TITLE,DES_OBSERVATION,IND_ACTIVE,DAT_BEGIN_INACTIVITY,IND_TYPE_EMPLOYEE,DES_EMAIL_1,DES_EMAIL_2,NUM_DDI_TELEFONE,NUM_DDD_TELEFONE,NUM_TELEFONE,NUM_DDI_MOBILE,NUM_DDD_MOBILE,NUM_MOBILE,NAM_USER_MODIFY,DAT_LAST_MODIFY,NUM_COUNTRY_NATIONALITY,IND_TYPE_DOCUMENT) values (18,'17052',13,'Talal Fahad Mashali',2,to_date('16-FEB-15','DD-MON-RR'),null,null,null,null,null,null,null,'Y',null,null,null,null,null,null,null,null,null,null,'ADMINCOR',to_date('16-FEB-15','DD-MON-RR'),null,null);
Insert into ADMINCOR.COM_EMPLOYEES (COD_EMPLOYEE,COD_IDENTITY_FEDERAL,NUM_DEP_SECTION,NAM_EMPLOYEE,NUM_ESTABLISHMENT,DAT_REGISTRATION,COD_IDENTITY_STATE,DAT_BIRTH,IND_GENDER,IND_MARITAL_STATUS,DAT_ADMISSION,NUM_TYPE_JOB_TITLE,DES_OBSERVATION,IND_ACTIVE,DAT_BEGIN_INACTIVITY,IND_TYPE_EMPLOYEE,DES_EMAIL_1,DES_EMAIL_2,NUM_DDI_TELEFONE,NUM_DDD_TELEFONE,NUM_TELEFONE,NUM_DDI_MOBILE,NUM_DDD_MOBILE,NUM_MOBILE,NAM_USER_MODIFY,DAT_LAST_MODIFY,NUM_COUNTRY_NATIONALITY,IND_TYPE_DOCUMENT) values (19,'17053',13,'Saud Naif Al Anazi',2,to_date('16-FEB-15','DD-MON-RR'),null,null,null,null,null,null,null,'Y',null,null,null,null,null,null,null,null,null,null,'ADMINCOR',to_date('16-FEB-15','DD-MON-RR'),null,null);
Insert into ADMINCOR.COM_EMPLOYEES (COD_EMPLOYEE,COD_IDENTITY_FEDERAL,NUM_DEP_SECTION,NAM_EMPLOYEE,NUM_ESTABLISHMENT,DAT_REGISTRATION,COD_IDENTITY_STATE,DAT_BIRTH,IND_GENDER,IND_MARITAL_STATUS,DAT_ADMISSION,NUM_TYPE_JOB_TITLE,DES_OBSERVATION,IND_ACTIVE,DAT_BEGIN_INACTIVITY,IND_TYPE_EMPLOYEE,DES_EMAIL_1,DES_EMAIL_2,NUM_DDI_TELEFONE,NUM_DDD_TELEFONE,NUM_TELEFONE,NUM_DDI_MOBILE,NUM_DDD_MOBILE,NUM_MOBILE,NAM_USER_MODIFY,DAT_LAST_MODIFY,NUM_COUNTRY_NATIONALITY,IND_TYPE_DOCUMENT) values (20,'17051',13,'Khaled Naif Al Anazi',2,to_date('16-FEB-15','DD-MON-RR'),null,null,null,null,null,null,null,'Y',null,null,null,null,null,null,null,null,null,null,'ADMINCOR',to_date('16-FEB-15','DD-MON-RR'),null,null);
Insert into ADMINCOR.COM_EMPLOYEES (COD_EMPLOYEE,COD_IDENTITY_FEDERAL,NUM_DEP_SECTION,NAM_EMPLOYEE,NUM_ESTABLISHMENT,DAT_REGISTRATION,COD_IDENTITY_STATE,DAT_BIRTH,IND_GENDER,IND_MARITAL_STATUS,DAT_ADMISSION,NUM_TYPE_JOB_TITLE,DES_OBSERVATION,IND_ACTIVE,DAT_BEGIN_INACTIVITY,IND_TYPE_EMPLOYEE,DES_EMAIL_1,DES_EMAIL_2,NUM_DDI_TELEFONE,NUM_DDD_TELEFONE,NUM_TELEFONE,NUM_DDI_MOBILE,NUM_DDD_MOBILE,NUM_MOBILE,NAM_USER_MODIFY,DAT_LAST_MODIFY,NUM_COUNTRY_NATIONALITY,IND_TYPE_DOCUMENT) values (21,'8593',13,'Youssef Mohamed',2,to_date('16-FEB-15','DD-MON-RR'),null,null,null,null,null,null,null,'Y',null,null,'ymohamed@almabani.com.sa',null,null,null,null,null,null,null,'ADMINCOR',to_date('16-FEB-15','DD-MON-RR'),null,null);
Insert into ADMINCOR.COM_EMPLOYEES (COD_EMPLOYEE,COD_IDENTITY_FEDERAL,NUM_DEP_SECTION,NAM_EMPLOYEE,NUM_ESTABLISHMENT,DAT_REGISTRATION,COD_IDENTITY_STATE,DAT_BIRTH,IND_GENDER,IND_MARITAL_STATUS,DAT_ADMISSION,NUM_TYPE_JOB_TITLE,DES_OBSERVATION,IND_ACTIVE,DAT_BEGIN_INACTIVITY,IND_TYPE_EMPLOYEE,DES_EMAIL_1,DES_EMAIL_2,NUM_DDI_TELEFONE,NUM_DDD_TELEFONE,NUM_TELEFONE,NUM_DDI_MOBILE,NUM_DDD_MOBILE,NUM_MOBILE,NAM_USER_MODIFY,DAT_LAST_MODIFY,NUM_COUNTRY_NATIONALITY,IND_TYPE_DOCUMENT) values (22,'16572',23,'Eleno Liwanag Dela cruz',2,to_date('16-FEB-15','DD-MON-RR'),null,null,null,null,null,null,null,'Y',null,null,'ecruz@almabani.com.sa',null,null,null,null,null,null,null,'ADMINCOR',to_date('16-FEB-15','DD-MON-RR'),null,null);
Insert into ADMINCOR.COM_EMPLOYEES (COD_EMPLOYEE,COD_IDENTITY_FEDERAL,NUM_DEP_SECTION,NAM_EMPLOYEE,NUM_ESTABLISHMENT,DAT_REGISTRATION,COD_IDENTITY_STATE,DAT_BIRTH,IND_GENDER,IND_MARITAL_STATUS,DAT_ADMISSION,NUM_TYPE_JOB_TITLE,DES_OBSERVATION,IND_ACTIVE,DAT_BEGIN_INACTIVITY,IND_TYPE_EMPLOYEE,DES_EMAIL_1,DES_EMAIL_2,NUM_DDI_TELEFONE,NUM_DDD_TELEFONE,NUM_TELEFONE,NUM_DDI_MOBILE,NUM_DDD_MOBILE,NUM_MOBILE,NAM_USER_MODIFY,DAT_LAST_MODIFY,NUM_COUNTRY_NATIONALITY,IND_TYPE_DOCUMENT) values (23,'14547',22,'Ron Andrew Garcia',2,to_date('16-FEB-15','DD-MON-RR'),null,null,null,null,null,null,null,'Y',null,null,'rgarcia@almabani.com.sa',null,null,null,null,null,null,null,'ADMINCOR',to_date('16-FEB-15','DD-MON-RR'),null,null);
Insert into ADMINCOR.COM_EMPLOYEES (COD_EMPLOYEE,COD_IDENTITY_FEDERAL,NUM_DEP_SECTION,NAM_EMPLOYEE,NUM_ESTABLISHMENT,DAT_REGISTRATION,COD_IDENTITY_STATE,DAT_BIRTH,IND_GENDER,IND_MARITAL_STATUS,DAT_ADMISSION,NUM_TYPE_JOB_TITLE,DES_OBSERVATION,IND_ACTIVE,DAT_BEGIN_INACTIVITY,IND_TYPE_EMPLOYEE,DES_EMAIL_1,DES_EMAIL_2,NUM_DDI_TELEFONE,NUM_DDD_TELEFONE,NUM_TELEFONE,NUM_DDI_MOBILE,NUM_DDD_MOBILE,NUM_MOBILE,NAM_USER_MODIFY,DAT_LAST_MODIFY,NUM_COUNTRY_NATIONALITY,IND_TYPE_DOCUMENT) values (24,'13729',13,'Ronald Maglasang',2,to_date('16-FEB-15','DD-MON-RR'),null,null,null,null,null,null,null,'Y',null,null,'rmaglasang@almabani.com.sa',null,null,null,null,null,null,null,'ADMINCOR',to_date('16-FEB-15','DD-MON-RR'),null,null);
Insert into ADMINCOR.COM_EMPLOYEES (COD_EMPLOYEE,COD_IDENTITY_FEDERAL,NUM_DEP_SECTION,NAM_EMPLOYEE,NUM_ESTABLISHMENT,DAT_REGISTRATION,COD_IDENTITY_STATE,DAT_BIRTH,IND_GENDER,IND_MARITAL_STATUS,DAT_ADMISSION,NUM_TYPE_JOB_TITLE,DES_OBSERVATION,IND_ACTIVE,DAT_BEGIN_INACTIVITY,IND_TYPE_EMPLOYEE,DES_EMAIL_1,DES_EMAIL_2,NUM_DDI_TELEFONE,NUM_DDD_TELEFONE,NUM_TELEFONE,NUM_DDI_MOBILE,NUM_DDD_MOBILE,NUM_MOBILE,NAM_USER_MODIFY,DAT_LAST_MODIFY,NUM_COUNTRY_NATIONALITY,IND_TYPE_DOCUMENT) values (25,'16767',23,'Dindo De Guma',2,to_date('16-FEB-15','DD-MON-RR'),null,null,null,null,null,null,null,'Y',null,null,'ddeguma@almabani.com.sa',null,null,null,null,null,null,null,'ADMINCOR',to_date('16-FEB-15','DD-MON-RR'),null,null);
Insert into ADMINCOR.COM_EMPLOYEES (COD_EMPLOYEE,COD_IDENTITY_FEDERAL,NUM_DEP_SECTION,NAM_EMPLOYEE,NUM_ESTABLISHMENT,DAT_REGISTRATION,COD_IDENTITY_STATE,DAT_BIRTH,IND_GENDER,IND_MARITAL_STATUS,DAT_ADMISSION,NUM_TYPE_JOB_TITLE,DES_OBSERVATION,IND_ACTIVE,DAT_BEGIN_INACTIVITY,IND_TYPE_EMPLOYEE,DES_EMAIL_1,DES_EMAIL_2,NUM_DDI_TELEFONE,NUM_DDD_TELEFONE,NUM_TELEFONE,NUM_DDI_MOBILE,NUM_DDD_MOBILE,NUM_MOBILE,NAM_USER_MODIFY,DAT_LAST_MODIFY,NUM_COUNTRY_NATIONALITY,IND_TYPE_DOCUMENT) values (26,'14449',23,'Ahmad Al Ayoubi',2,to_date('16-FEB-15','DD-MON-RR'),null,null,null,null,null,null,null,'Y',null,null,null,null,null,null,null,null,null,null,'ADMINCOR',to_date('16-FEB-15','DD-MON-RR'),null,null);
Insert into ADMINCOR.COM_EMPLOYEES (COD_EMPLOYEE,COD_IDENTITY_FEDERAL,NUM_DEP_SECTION,NAM_EMPLOYEE,NUM_ESTABLISHMENT,DAT_REGISTRATION,COD_IDENTITY_STATE,DAT_BIRTH,IND_GENDER,IND_MARITAL_STATUS,DAT_ADMISSION,NUM_TYPE_JOB_TITLE,DES_OBSERVATION,IND_ACTIVE,DAT_BEGIN_INACTIVITY,IND_TYPE_EMPLOYEE,DES_EMAIL_1,DES_EMAIL_2,NUM_DDI_TELEFONE,NUM_DDD_TELEFONE,NUM_TELEFONE,NUM_DDI_MOBILE,NUM_DDD_MOBILE,NUM_MOBILE,NAM_USER_MODIFY,DAT_LAST_MODIFY,NUM_COUNTRY_NATIONALITY,IND_TYPE_DOCUMENT) values (27,'2921',23,'Abad Celerio',2,to_date('16-FEB-15','DD-MON-RR'),null,null,null,null,null,null,null,'Y',null,null,null,null,null,null,null,null,null,null,'ADMINCOR',to_date('16-FEB-15','DD-MON-RR'),null,null);
Insert into ADMINCOR.COM_EMPLOYEES (COD_EMPLOYEE,COD_IDENTITY_FEDERAL,NUM_DEP_SECTION,NAM_EMPLOYEE,NUM_ESTABLISHMENT,DAT_REGISTRATION,COD_IDENTITY_STATE,DAT_BIRTH,IND_GENDER,IND_MARITAL_STATUS,DAT_ADMISSION,NUM_TYPE_JOB_TITLE,DES_OBSERVATION,IND_ACTIVE,DAT_BEGIN_INACTIVITY,IND_TYPE_EMPLOYEE,DES_EMAIL_1,DES_EMAIL_2,NUM_DDI_TELEFONE,NUM_DDD_TELEFONE,NUM_TELEFONE,NUM_DDI_MOBILE,NUM_DDD_MOBILE,NUM_MOBILE,NAM_USER_MODIFY,DAT_LAST_MODIFY,NUM_COUNTRY_NATIONALITY,IND_TYPE_DOCUMENT) values (28,'6509',23,'Muhhamd Kamran Parvezahmed',2,to_date('16-FEB-15','DD-MON-RR'),null,null,null,null,null,null,null,'Y',null,null,null,null,null,null,null,null,null,null,'ADMINCOR',to_date('16-FEB-15','DD-MON-RR'),null,null);
Insert into ADMINCOR.COM_EMPLOYEES (COD_EMPLOYEE,COD_IDENTITY_FEDERAL,NUM_DEP_SECTION,NAM_EMPLOYEE,NUM_ESTABLISHMENT,DAT_REGISTRATION,COD_IDENTITY_STATE,DAT_BIRTH,IND_GENDER,IND_MARITAL_STATUS,DAT_ADMISSION,NUM_TYPE_JOB_TITLE,DES_OBSERVATION,IND_ACTIVE,DAT_BEGIN_INACTIVITY,IND_TYPE_EMPLOYEE,DES_EMAIL_1,DES_EMAIL_2,NUM_DDI_TELEFONE,NUM_DDD_TELEFONE,NUM_TELEFONE,NUM_DDI_MOBILE,NUM_DDD_MOBILE,NUM_MOBILE,NAM_USER_MODIFY,DAT_LAST_MODIFY,NUM_COUNTRY_NATIONALITY,IND_TYPE_DOCUMENT) values (29,'11907',23,'Patriotico Fonte Jr.',2,to_date('16-FEB-15','DD-MON-RR'),null,null,null,null,null,null,null,'Y',null,null,null,null,null,null,null,null,null,null,'ADMINCOR',to_date('16-FEB-15','DD-MON-RR'),null,null);
Insert into ADMINCOR.COM_EMPLOYEES (COD_EMPLOYEE,COD_IDENTITY_FEDERAL,NUM_DEP_SECTION,NAM_EMPLOYEE,NUM_ESTABLISHMENT,DAT_REGISTRATION,COD_IDENTITY_STATE,DAT_BIRTH,IND_GENDER,IND_MARITAL_STATUS,DAT_ADMISSION,NUM_TYPE_JOB_TITLE,DES_OBSERVATION,IND_ACTIVE,DAT_BEGIN_INACTIVITY,IND_TYPE_EMPLOYEE,DES_EMAIL_1,DES_EMAIL_2,NUM_DDI_TELEFONE,NUM_DDD_TELEFONE,NUM_TELEFONE,NUM_DDI_MOBILE,NUM_DDD_MOBILE,NUM_MOBILE,NAM_USER_MODIFY,DAT_LAST_MODIFY,NUM_COUNTRY_NATIONALITY,IND_TYPE_DOCUMENT) values (30,'9958',23,'Edge Lalinao',2,to_date('16-FEB-15','DD-MON-RR'),null,null,null,null,null,null,null,'Y',null,null,null,null,null,null,null,null,null,null,'ADMINCOR',to_date('16-FEB-15','DD-MON-RR'),null,null);
Insert into ADMINCOR.COM_EMPLOYEES (COD_EMPLOYEE,COD_IDENTITY_FEDERAL,NUM_DEP_SECTION,NAM_EMPLOYEE,NUM_ESTABLISHMENT,DAT_REGISTRATION,COD_IDENTITY_STATE,DAT_BIRTH,IND_GENDER,IND_MARITAL_STATUS,DAT_ADMISSION,NUM_TYPE_JOB_TITLE,DES_OBSERVATION,IND_ACTIVE,DAT_BEGIN_INACTIVITY,IND_TYPE_EMPLOYEE,DES_EMAIL_1,DES_EMAIL_2,NUM_DDI_TELEFONE,NUM_DDD_TELEFONE,NUM_TELEFONE,NUM_DDI_MOBILE,NUM_DDD_MOBILE,NUM_MOBILE,NAM_USER_MODIFY,DAT_LAST_MODIFY,NUM_COUNTRY_NATIONALITY,IND_TYPE_DOCUMENT) values (31,'11872',23,'Wajid Ihsan Ul Haq',2,to_date('16-FEB-15','DD-MON-RR'),null,null,null,null,null,null,null,'Y',null,null,null,null,null,null,null,null,null,null,'ADMINCOR',to_date('16-FEB-15','DD-MON-RR'),null,null);
Insert into ADMINCOR.COM_EMPLOYEES (COD_EMPLOYEE,COD_IDENTITY_FEDERAL,NUM_DEP_SECTION,NAM_EMPLOYEE,NUM_ESTABLISHMENT,DAT_REGISTRATION,COD_IDENTITY_STATE,DAT_BIRTH,IND_GENDER,IND_MARITAL_STATUS,DAT_ADMISSION,NUM_TYPE_JOB_TITLE,DES_OBSERVATION,IND_ACTIVE,DAT_BEGIN_INACTIVITY,IND_TYPE_EMPLOYEE,DES_EMAIL_1,DES_EMAIL_2,NUM_DDI_TELEFONE,NUM_DDD_TELEFONE,NUM_TELEFONE,NUM_DDI_MOBILE,NUM_DDD_MOBILE,NUM_MOBILE,NAM_USER_MODIFY,DAT_LAST_MODIFY,NUM_COUNTRY_NATIONALITY,IND_TYPE_DOCUMENT) values (32,'11304',23,'Mohammad Javed',2,to_date('16-FEB-15','DD-MON-RR'),null,null,null,null,null,null,null,'Y',null,null,null,null,null,null,null,null,null,null,'ADMINCOR',to_date('16-FEB-15','DD-MON-RR'),null,null);
Insert into ADMINCOR.COM_EMPLOYEES (COD_EMPLOYEE,COD_IDENTITY_FEDERAL,NUM_DEP_SECTION,NAM_EMPLOYEE,NUM_ESTABLISHMENT,DAT_REGISTRATION,COD_IDENTITY_STATE,DAT_BIRTH,IND_GENDER,IND_MARITAL_STATUS,DAT_ADMISSION,NUM_TYPE_JOB_TITLE,DES_OBSERVATION,IND_ACTIVE,DAT_BEGIN_INACTIVITY,IND_TYPE_EMPLOYEE,DES_EMAIL_1,DES_EMAIL_2,NUM_DDI_TELEFONE,NUM_DDD_TELEFONE,NUM_TELEFONE,NUM_DDI_MOBILE,NUM_DDD_MOBILE,NUM_MOBILE,NAM_USER_MODIFY,DAT_LAST_MODIFY,NUM_COUNTRY_NATIONALITY,IND_TYPE_DOCUMENT) values (33,'20309',22,'Aldrin M. Pamintuan',2,to_date('16-FEB-15','DD-MON-RR'),null,null,null,null,null,null,null,'Y',null,null,'apamintuan@almabani.com.sa',null,null,null,null,null,null,null,'ADMINCOR',to_date('16-FEB-15','DD-MON-RR'),null,null);
Insert into ADMINCOR.COM_EMPLOYEES (COD_EMPLOYEE,COD_IDENTITY_FEDERAL,NUM_DEP_SECTION,NAM_EMPLOYEE,NUM_ESTABLISHMENT,DAT_REGISTRATION,COD_IDENTITY_STATE,DAT_BIRTH,IND_GENDER,IND_MARITAL_STATUS,DAT_ADMISSION,NUM_TYPE_JOB_TITLE,DES_OBSERVATION,IND_ACTIVE,DAT_BEGIN_INACTIVITY,IND_TYPE_EMPLOYEE,DES_EMAIL_1,DES_EMAIL_2,NUM_DDI_TELEFONE,NUM_DDD_TELEFONE,NUM_TELEFONE,NUM_DDI_MOBILE,NUM_DDD_MOBILE,NUM_MOBILE,NAM_USER_MODIFY,DAT_LAST_MODIFY,NUM_COUNTRY_NATIONALITY,IND_TYPE_DOCUMENT) values (34,'14287',22,'Meerdad Khan Sher Dad Khan',2,to_date('16-FEB-15','DD-MON-RR'),null,null,null,null,null,null,null,'Y',null,null,null,null,null,null,null,null,null,null,'ADMINCOR',to_date('16-FEB-15','DD-MON-RR'),null,null);
Insert into ADMINCOR.COM_EMPLOYEES (COD_EMPLOYEE,COD_IDENTITY_FEDERAL,NUM_DEP_SECTION,NAM_EMPLOYEE,NUM_ESTABLISHMENT,DAT_REGISTRATION,COD_IDENTITY_STATE,DAT_BIRTH,IND_GENDER,IND_MARITAL_STATUS,DAT_ADMISSION,NUM_TYPE_JOB_TITLE,DES_OBSERVATION,IND_ACTIVE,DAT_BEGIN_INACTIVITY,IND_TYPE_EMPLOYEE,DES_EMAIL_1,DES_EMAIL_2,NUM_DDI_TELEFONE,NUM_DDD_TELEFONE,NUM_TELEFONE,NUM_DDI_MOBILE,NUM_DDD_MOBILE,NUM_MOBILE,NAM_USER_MODIFY,DAT_LAST_MODIFY,NUM_COUNTRY_NATIONALITY,IND_TYPE_DOCUMENT) values (37,'16513',24,'Imad Kasem Mohammed',2,to_date('16-FEB-15','DD-MON-RR'),null,null,null,null,null,null,null,'Y',null,null,null,null,null,null,null,null,null,null,'ADMINCOR',to_date('16-FEB-15','DD-MON-RR'),null,null);
Insert into ADMINCOR.COM_EMPLOYEES (COD_EMPLOYEE,COD_IDENTITY_FEDERAL,NUM_DEP_SECTION,NAM_EMPLOYEE,NUM_ESTABLISHMENT,DAT_REGISTRATION,COD_IDENTITY_STATE,DAT_BIRTH,IND_GENDER,IND_MARITAL_STATUS,DAT_ADMISSION,NUM_TYPE_JOB_TITLE,DES_OBSERVATION,IND_ACTIVE,DAT_BEGIN_INACTIVITY,IND_TYPE_EMPLOYEE,DES_EMAIL_1,DES_EMAIL_2,NUM_DDI_TELEFONE,NUM_DDD_TELEFONE,NUM_TELEFONE,NUM_DDI_MOBILE,NUM_DDD_MOBILE,NUM_MOBILE,NAM_USER_MODIFY,DAT_LAST_MODIFY,NUM_COUNTRY_NATIONALITY,IND_TYPE_DOCUMENT) values (38,'6599',22,'Tahir Hussain',2,to_date('16-FEB-15','DD-MON-RR'),null,null,null,null,null,null,null,'Y',null,null,null,null,null,null,null,null,null,null,'ADMINCOR',to_date('16-FEB-15','DD-MON-RR'),null,null);
Insert into ADMINCOR.COM_EMPLOYEES (COD_EMPLOYEE,COD_IDENTITY_FEDERAL,NUM_DEP_SECTION,NAM_EMPLOYEE,NUM_ESTABLISHMENT,DAT_REGISTRATION,COD_IDENTITY_STATE,DAT_BIRTH,IND_GENDER,IND_MARITAL_STATUS,DAT_ADMISSION,NUM_TYPE_JOB_TITLE,DES_OBSERVATION,IND_ACTIVE,DAT_BEGIN_INACTIVITY,IND_TYPE_EMPLOYEE,DES_EMAIL_1,DES_EMAIL_2,NUM_DDI_TELEFONE,NUM_DDD_TELEFONE,NUM_TELEFONE,NUM_DDI_MOBILE,NUM_DDD_MOBILE,NUM_MOBILE,NAM_USER_MODIFY,DAT_LAST_MODIFY,NUM_COUNTRY_NATIONALITY,IND_TYPE_DOCUMENT) values (39,'2904',22,'Zulfiqar Ali',2,to_date('16-FEB-15','DD-MON-RR'),null,null,null,null,null,null,null,'Y',null,null,null,null,null,null,null,null,null,null,'ADMINCOR',to_date('16-FEB-15','DD-MON-RR'),null,null);
Insert into ADMINCOR.COM_EMPLOYEES (COD_EMPLOYEE,COD_IDENTITY_FEDERAL,NUM_DEP_SECTION,NAM_EMPLOYEE,NUM_ESTABLISHMENT,DAT_REGISTRATION,COD_IDENTITY_STATE,DAT_BIRTH,IND_GENDER,IND_MARITAL_STATUS,DAT_ADMISSION,NUM_TYPE_JOB_TITLE,DES_OBSERVATION,IND_ACTIVE,DAT_BEGIN_INACTIVITY,IND_TYPE_EMPLOYEE,DES_EMAIL_1,DES_EMAIL_2,NUM_DDI_TELEFONE,NUM_DDD_TELEFONE,NUM_TELEFONE,NUM_DDI_MOBILE,NUM_DDD_MOBILE,NUM_MOBILE,NAM_USER_MODIFY,DAT_LAST_MODIFY,NUM_COUNTRY_NATIONALITY,IND_TYPE_DOCUMENT) values (40,'11540',22,'Imtiyaz Khan Sabir Khan',2,to_date('16-FEB-15','DD-MON-RR'),null,null,null,null,null,null,null,'Y',null,null,null,null,null,null,null,null,null,null,'ADMINCOR',to_date('16-FEB-15','DD-MON-RR'),null,null);
Insert into ADMINCOR.COM_EMPLOYEES (COD_EMPLOYEE,COD_IDENTITY_FEDERAL,NUM_DEP_SECTION,NAM_EMPLOYEE,NUM_ESTABLISHMENT,DAT_REGISTRATION,COD_IDENTITY_STATE,DAT_BIRTH,IND_GENDER,IND_MARITAL_STATUS,DAT_ADMISSION,NUM_TYPE_JOB_TITLE,DES_OBSERVATION,IND_ACTIVE,DAT_BEGIN_INACTIVITY,IND_TYPE_EMPLOYEE,DES_EMAIL_1,DES_EMAIL_2,NUM_DDI_TELEFONE,NUM_DDD_TELEFONE,NUM_TELEFONE,NUM_DDI_MOBILE,NUM_DDD_MOBILE,NUM_MOBILE,NAM_USER_MODIFY,DAT_LAST_MODIFY,NUM_COUNTRY_NATIONALITY,IND_TYPE_DOCUMENT) values (41,'13771',22,'Julirire Providencia',2,to_date('16-FEB-15','DD-MON-RR'),null,null,null,null,null,null,null,'Y',null,null,null,null,null,null,null,null,null,null,'ADMINCOR',to_date('16-FEB-15','DD-MON-RR'),null,null);
Insert into ADMINCOR.COM_EMPLOYEES (COD_EMPLOYEE,COD_IDENTITY_FEDERAL,NUM_DEP_SECTION,NAM_EMPLOYEE,NUM_ESTABLISHMENT,DAT_REGISTRATION,COD_IDENTITY_STATE,DAT_BIRTH,IND_GENDER,IND_MARITAL_STATUS,DAT_ADMISSION,NUM_TYPE_JOB_TITLE,DES_OBSERVATION,IND_ACTIVE,DAT_BEGIN_INACTIVITY,IND_TYPE_EMPLOYEE,DES_EMAIL_1,DES_EMAIL_2,NUM_DDI_TELEFONE,NUM_DDD_TELEFONE,NUM_TELEFONE,NUM_DDI_MOBILE,NUM_DDD_MOBILE,NUM_MOBILE,NAM_USER_MODIFY,DAT_LAST_MODIFY,NUM_COUNTRY_NATIONALITY,IND_TYPE_DOCUMENT) values (42,'6463',22,'Mohd Firoz Alam',2,to_date('16-FEB-15','DD-MON-RR'),null,null,null,null,null,null,null,'Y',null,null,null,null,null,null,null,null,null,null,'ADMINCOR',to_date('16-FEB-15','DD-MON-RR'),null,null);
Insert into ADMINCOR.COM_EMPLOYEES (COD_EMPLOYEE,COD_IDENTITY_FEDERAL,NUM_DEP_SECTION,NAM_EMPLOYEE,NUM_ESTABLISHMENT,DAT_REGISTRATION,COD_IDENTITY_STATE,DAT_BIRTH,IND_GENDER,IND_MARITAL_STATUS,DAT_ADMISSION,NUM_TYPE_JOB_TITLE,DES_OBSERVATION,IND_ACTIVE,DAT_BEGIN_INACTIVITY,IND_TYPE_EMPLOYEE,DES_EMAIL_1,DES_EMAIL_2,NUM_DDI_TELEFONE,NUM_DDD_TELEFONE,NUM_TELEFONE,NUM_DDI_MOBILE,NUM_DDD_MOBILE,NUM_MOBILE,NAM_USER_MODIFY,DAT_LAST_MODIFY,NUM_COUNTRY_NATIONALITY,IND_TYPE_DOCUMENT) values (43,'2369',22,'Perfecto Magapant',2,to_date('16-FEB-15','DD-MON-RR'),null,null,null,null,null,null,null,'Y',null,null,null,null,null,null,null,null,null,null,'ADMINCOR',to_date('16-FEB-15','DD-MON-RR'),null,null);
Insert into ADMINCOR.COM_EMPLOYEES (COD_EMPLOYEE,COD_IDENTITY_FEDERAL,NUM_DEP_SECTION,NAM_EMPLOYEE,NUM_ESTABLISHMENT,DAT_REGISTRATION,COD_IDENTITY_STATE,DAT_BIRTH,IND_GENDER,IND_MARITAL_STATUS,DAT_ADMISSION,NUM_TYPE_JOB_TITLE,DES_OBSERVATION,IND_ACTIVE,DAT_BEGIN_INACTIVITY,IND_TYPE_EMPLOYEE,DES_EMAIL_1,DES_EMAIL_2,NUM_DDI_TELEFONE,NUM_DDD_TELEFONE,NUM_TELEFONE,NUM_DDI_MOBILE,NUM_DDD_MOBILE,NUM_MOBILE,NAM_USER_MODIFY,DAT_LAST_MODIFY,NUM_COUNTRY_NATIONALITY,IND_TYPE_DOCUMENT) values (44,'16568',22,'Mahmoud Ali Hassan',2,to_date('16-FEB-15','DD-MON-RR'),null,null,null,null,null,null,null,'Y',null,null,null,null,null,null,null,null,null,null,'ADMINCOR',to_date('16-FEB-15','DD-MON-RR'),null,null);
Insert into ADMINCOR.COM_EMPLOYEES (COD_EMPLOYEE,COD_IDENTITY_FEDERAL,NUM_DEP_SECTION,NAM_EMPLOYEE,NUM_ESTABLISHMENT,DAT_REGISTRATION,COD_IDENTITY_STATE,DAT_BIRTH,IND_GENDER,IND_MARITAL_STATUS,DAT_ADMISSION,NUM_TYPE_JOB_TITLE,DES_OBSERVATION,IND_ACTIVE,DAT_BEGIN_INACTIVITY,IND_TYPE_EMPLOYEE,DES_EMAIL_1,DES_EMAIL_2,NUM_DDI_TELEFONE,NUM_DDD_TELEFONE,NUM_TELEFONE,NUM_DDI_MOBILE,NUM_DDD_MOBILE,NUM_MOBILE,NAM_USER_MODIFY,DAT_LAST_MODIFY,NUM_COUNTRY_NATIONALITY,IND_TYPE_DOCUMENT) values (45,'16276',22,'Ruel Lacerna',2,to_date('16-FEB-15','DD-MON-RR'),null,null,null,null,null,null,null,'Y',null,null,null,null,null,null,null,null,null,null,'ADMINCOR',to_date('16-FEB-15','DD-MON-RR'),null,null);
Insert into ADMINCOR.COM_EMPLOYEES (COD_EMPLOYEE,COD_IDENTITY_FEDERAL,NUM_DEP_SECTION,NAM_EMPLOYEE,NUM_ESTABLISHMENT,DAT_REGISTRATION,COD_IDENTITY_STATE,DAT_BIRTH,IND_GENDER,IND_MARITAL_STATUS,DAT_ADMISSION,NUM_TYPE_JOB_TITLE,DES_OBSERVATION,IND_ACTIVE,DAT_BEGIN_INACTIVITY,IND_TYPE_EMPLOYEE,DES_EMAIL_1,DES_EMAIL_2,NUM_DDI_TELEFONE,NUM_DDD_TELEFONE,NUM_TELEFONE,NUM_DDI_MOBILE,NUM_DDD_MOBILE,NUM_MOBILE,NAM_USER_MODIFY,DAT_LAST_MODIFY,NUM_COUNTRY_NATIONALITY,IND_TYPE_DOCUMENT) values (46,'13336',22,'Jose Alson Belen',2,to_date('16-FEB-15','DD-MON-RR'),null,null,null,null,null,null,null,'Y',null,null,null,null,null,null,null,null,null,null,'ADMINCOR',to_date('16-FEB-15','DD-MON-RR'),null,null);
Insert into ADMINCOR.COM_EMPLOYEES (COD_EMPLOYEE,COD_IDENTITY_FEDERAL,NUM_DEP_SECTION,NAM_EMPLOYEE,NUM_ESTABLISHMENT,DAT_REGISTRATION,COD_IDENTITY_STATE,DAT_BIRTH,IND_GENDER,IND_MARITAL_STATUS,DAT_ADMISSION,NUM_TYPE_JOB_TITLE,DES_OBSERVATION,IND_ACTIVE,DAT_BEGIN_INACTIVITY,IND_TYPE_EMPLOYEE,DES_EMAIL_1,DES_EMAIL_2,NUM_DDI_TELEFONE,NUM_DDD_TELEFONE,NUM_TELEFONE,NUM_DDI_MOBILE,NUM_DDD_MOBILE,NUM_MOBILE,NAM_USER_MODIFY,DAT_LAST_MODIFY,NUM_COUNTRY_NATIONALITY,IND_TYPE_DOCUMENT) values (47,'14190',22,'Bernnie Quiambo',2,to_date('16-FEB-15','DD-MON-RR'),null,null,null,null,null,null,null,'Y',null,null,null,null,null,null,null,null,null,null,'ADMINCOR',to_date('16-FEB-15','DD-MON-RR'),null,null);
Insert into ADMINCOR.COM_EMPLOYEES (COD_EMPLOYEE,COD_IDENTITY_FEDERAL,NUM_DEP_SECTION,NAM_EMPLOYEE,NUM_ESTABLISHMENT,DAT_REGISTRATION,COD_IDENTITY_STATE,DAT_BIRTH,IND_GENDER,IND_MARITAL_STATUS,DAT_ADMISSION,NUM_TYPE_JOB_TITLE,DES_OBSERVATION,IND_ACTIVE,DAT_BEGIN_INACTIVITY,IND_TYPE_EMPLOYEE,DES_EMAIL_1,DES_EMAIL_2,NUM_DDI_TELEFONE,NUM_DDD_TELEFONE,NUM_TELEFONE,NUM_DDI_MOBILE,NUM_DDD_MOBILE,NUM_MOBILE,NAM_USER_MODIFY,DAT_LAST_MODIFY,NUM_COUNTRY_NATIONALITY,IND_TYPE_DOCUMENT) values (48,'13217',22,'Jason Peralta',2,to_date('16-FEB-15','DD-MON-RR'),null,null,null,null,null,null,null,'Y',null,null,null,null,null,null,null,null,null,null,'ADMINCOR',to_date('16-FEB-15','DD-MON-RR'),null,null);
Insert into ADMINCOR.COM_EMPLOYEES (COD_EMPLOYEE,COD_IDENTITY_FEDERAL,NUM_DEP_SECTION,NAM_EMPLOYEE,NUM_ESTABLISHMENT,DAT_REGISTRATION,COD_IDENTITY_STATE,DAT_BIRTH,IND_GENDER,IND_MARITAL_STATUS,DAT_ADMISSION,NUM_TYPE_JOB_TITLE,DES_OBSERVATION,IND_ACTIVE,DAT_BEGIN_INACTIVITY,IND_TYPE_EMPLOYEE,DES_EMAIL_1,DES_EMAIL_2,NUM_DDI_TELEFONE,NUM_DDD_TELEFONE,NUM_TELEFONE,NUM_DDI_MOBILE,NUM_DDD_MOBILE,NUM_MOBILE,NAM_USER_MODIFY,DAT_LAST_MODIFY,NUM_COUNTRY_NATIONALITY,IND_TYPE_DOCUMENT) values (49,'20141',25,'Mohamed Mahmoud Eldardir',2,to_date('16-FEB-15','DD-MON-RR'),null,null,null,null,null,null,null,'Y',null,null,null,null,null,null,null,null,null,null,'ADMINCOR',to_date('16-FEB-15','DD-MON-RR'),null,null);
Insert into ADMINCOR.COM_EMPLOYEES (COD_EMPLOYEE,COD_IDENTITY_FEDERAL,NUM_DEP_SECTION,NAM_EMPLOYEE,NUM_ESTABLISHMENT,DAT_REGISTRATION,COD_IDENTITY_STATE,DAT_BIRTH,IND_GENDER,IND_MARITAL_STATUS,DAT_ADMISSION,NUM_TYPE_JOB_TITLE,DES_OBSERVATION,IND_ACTIVE,DAT_BEGIN_INACTIVITY,IND_TYPE_EMPLOYEE,DES_EMAIL_1,DES_EMAIL_2,NUM_DDI_TELEFONE,NUM_DDD_TELEFONE,NUM_TELEFONE,NUM_DDI_MOBILE,NUM_DDD_MOBILE,NUM_MOBILE,NAM_USER_MODIFY,DAT_LAST_MODIFY,NUM_COUNTRY_NATIONALITY,IND_TYPE_DOCUMENT) values (50,'16360',25,'Mohmmad Jamal Alsamhari',2,to_date('16-FEB-15','DD-MON-RR'),null,null,null,null,null,null,null,'Y',null,null,null,null,null,null,null,null,null,null,'ADMINCOR',to_date('16-FEB-15','DD-MON-RR'),null,null);
Insert into ADMINCOR.COM_EMPLOYEES (COD_EMPLOYEE,COD_IDENTITY_FEDERAL,NUM_DEP_SECTION,NAM_EMPLOYEE,NUM_ESTABLISHMENT,DAT_REGISTRATION,COD_IDENTITY_STATE,DAT_BIRTH,IND_GENDER,IND_MARITAL_STATUS,DAT_ADMISSION,NUM_TYPE_JOB_TITLE,DES_OBSERVATION,IND_ACTIVE,DAT_BEGIN_INACTIVITY,IND_TYPE_EMPLOYEE,DES_EMAIL_1,DES_EMAIL_2,NUM_DDI_TELEFONE,NUM_DDD_TELEFONE,NUM_TELEFONE,NUM_DDI_MOBILE,NUM_DDD_MOBILE,NUM_MOBILE,NAM_USER_MODIFY,DAT_LAST_MODIFY,NUM_COUNTRY_NATIONALITY,IND_TYPE_DOCUMENT) values (53,'14689',25,'Elizer Dela Cruz',2,to_date('16-FEB-15','DD-MON-RR'),null,null,null,null,null,null,null,'Y',null,null,null,null,null,null,null,null,null,null,'ADMINCOR',to_date('16-FEB-15','DD-MON-RR'),null,null);
Insert into ADMINCOR.COM_EMPLOYEES (COD_EMPLOYEE,COD_IDENTITY_FEDERAL,NUM_DEP_SECTION,NAM_EMPLOYEE,NUM_ESTABLISHMENT,DAT_REGISTRATION,COD_IDENTITY_STATE,DAT_BIRTH,IND_GENDER,IND_MARITAL_STATUS,DAT_ADMISSION,NUM_TYPE_JOB_TITLE,DES_OBSERVATION,IND_ACTIVE,DAT_BEGIN_INACTIVITY,IND_TYPE_EMPLOYEE,DES_EMAIL_1,DES_EMAIL_2,NUM_DDI_TELEFONE,NUM_DDD_TELEFONE,NUM_TELEFONE,NUM_DDI_MOBILE,NUM_DDD_MOBILE,NUM_MOBILE,NAM_USER_MODIFY,DAT_LAST_MODIFY,NUM_COUNTRY_NATIONALITY,IND_TYPE_DOCUMENT) values (54,'13775',25,'Paquito Dela Cruz',2,to_date('16-FEB-15','DD-MON-RR'),null,null,null,null,null,null,null,'Y',null,null,null,null,null,null,null,null,null,null,'ADMINCOR',to_date('16-FEB-15','DD-MON-RR'),null,null);
Insert into ADMINCOR.COM_EMPLOYEES (COD_EMPLOYEE,COD_IDENTITY_FEDERAL,NUM_DEP_SECTION,NAM_EMPLOYEE,NUM_ESTABLISHMENT,DAT_REGISTRATION,COD_IDENTITY_STATE,DAT_BIRTH,IND_GENDER,IND_MARITAL_STATUS,DAT_ADMISSION,NUM_TYPE_JOB_TITLE,DES_OBSERVATION,IND_ACTIVE,DAT_BEGIN_INACTIVITY,IND_TYPE_EMPLOYEE,DES_EMAIL_1,DES_EMAIL_2,NUM_DDI_TELEFONE,NUM_DDD_TELEFONE,NUM_TELEFONE,NUM_DDI_MOBILE,NUM_DDD_MOBILE,NUM_MOBILE,NAM_USER_MODIFY,DAT_LAST_MODIFY,NUM_COUNTRY_NATIONALITY,IND_TYPE_DOCUMENT) values (55,'14092',25,'Rowell Jaramilla',2,to_date('16-FEB-15','DD-MON-RR'),null,null,null,null,null,null,null,'Y',null,null,null,null,null,null,null,null,null,null,'ADMINCOR',to_date('16-FEB-15','DD-MON-RR'),null,null);
Insert into ADMINCOR.COM_EMPLOYEES (COD_EMPLOYEE,COD_IDENTITY_FEDERAL,NUM_DEP_SECTION,NAM_EMPLOYEE,NUM_ESTABLISHMENT,DAT_REGISTRATION,COD_IDENTITY_STATE,DAT_BIRTH,IND_GENDER,IND_MARITAL_STATUS,DAT_ADMISSION,NUM_TYPE_JOB_TITLE,DES_OBSERVATION,IND_ACTIVE,DAT_BEGIN_INACTIVITY,IND_TYPE_EMPLOYEE,DES_EMAIL_1,DES_EMAIL_2,NUM_DDI_TELEFONE,NUM_DDD_TELEFONE,NUM_TELEFONE,NUM_DDI_MOBILE,NUM_DDD_MOBILE,NUM_MOBILE,NAM_USER_MODIFY,DAT_LAST_MODIFY,NUM_COUNTRY_NATIONALITY,IND_TYPE_DOCUMENT) values (56,'14306',25,'Mohd Manjor Ahmed',2,to_date('16-FEB-15','DD-MON-RR'),null,null,null,null,null,null,null,'Y',null,null,null,null,null,null,null,null,null,null,'ADMINCOR',to_date('16-FEB-15','DD-MON-RR'),null,null);
Insert into ADMINCOR.COM_EMPLOYEES (COD_EMPLOYEE,COD_IDENTITY_FEDERAL,NUM_DEP_SECTION,NAM_EMPLOYEE,NUM_ESTABLISHMENT,DAT_REGISTRATION,COD_IDENTITY_STATE,DAT_BIRTH,IND_GENDER,IND_MARITAL_STATUS,DAT_ADMISSION,NUM_TYPE_JOB_TITLE,DES_OBSERVATION,IND_ACTIVE,DAT_BEGIN_INACTIVITY,IND_TYPE_EMPLOYEE,DES_EMAIL_1,DES_EMAIL_2,NUM_DDI_TELEFONE,NUM_DDD_TELEFONE,NUM_TELEFONE,NUM_DDI_MOBILE,NUM_DDD_MOBILE,NUM_MOBILE,NAM_USER_MODIFY,DAT_LAST_MODIFY,NUM_COUNTRY_NATIONALITY,IND_TYPE_DOCUMENT) values (57,'12020',25,'Murtaza Hussain',2,to_date('16-FEB-15','DD-MON-RR'),null,null,null,null,null,null,null,'Y',null,null,null,null,null,null,null,null,null,null,'ADMINCOR',to_date('16-FEB-15','DD-MON-RR'),null,null);
Insert into ADMINCOR.COM_EMPLOYEES (COD_EMPLOYEE,COD_IDENTITY_FEDERAL,NUM_DEP_SECTION,NAM_EMPLOYEE,NUM_ESTABLISHMENT,DAT_REGISTRATION,COD_IDENTITY_STATE,DAT_BIRTH,IND_GENDER,IND_MARITAL_STATUS,DAT_ADMISSION,NUM_TYPE_JOB_TITLE,DES_OBSERVATION,IND_ACTIVE,DAT_BEGIN_INACTIVITY,IND_TYPE_EMPLOYEE,DES_EMAIL_1,DES_EMAIL_2,NUM_DDI_TELEFONE,NUM_DDD_TELEFONE,NUM_TELEFONE,NUM_DDI_MOBILE,NUM_DDD_MOBILE,NUM_MOBILE,NAM_USER_MODIFY,DAT_LAST_MODIFY,NUM_COUNTRY_NATIONALITY,IND_TYPE_DOCUMENT) values (58,'3171',25,'Abdul Rashid Maqsood',2,to_date('16-FEB-15','DD-MON-RR'),null,null,null,null,null,null,null,'Y',null,null,null,null,null,null,null,null,null,null,'ADMINCOR',to_date('16-FEB-15','DD-MON-RR'),null,null);
Insert into ADMINCOR.COM_EMPLOYEES (COD_EMPLOYEE,COD_IDENTITY_FEDERAL,NUM_DEP_SECTION,NAM_EMPLOYEE,NUM_ESTABLISHMENT,DAT_REGISTRATION,COD_IDENTITY_STATE,DAT_BIRTH,IND_GENDER,IND_MARITAL_STATUS,DAT_ADMISSION,NUM_TYPE_JOB_TITLE,DES_OBSERVATION,IND_ACTIVE,DAT_BEGIN_INACTIVITY,IND_TYPE_EMPLOYEE,DES_EMAIL_1,DES_EMAIL_2,NUM_DDI_TELEFONE,NUM_DDD_TELEFONE,NUM_TELEFONE,NUM_DDI_MOBILE,NUM_DDD_MOBILE,NUM_MOBILE,NAM_USER_MODIFY,DAT_LAST_MODIFY,NUM_COUNTRY_NATIONALITY,IND_TYPE_DOCUMENT) values (59,'13531',25,'Joseph Vea',2,to_date('16-FEB-15','DD-MON-RR'),null,null,null,null,null,null,null,'Y',null,null,null,null,null,null,null,null,null,null,'ADMINCOR',to_date('16-FEB-15','DD-MON-RR'),null,null);
Insert into ADMINCOR.COM_EMPLOYEES (COD_EMPLOYEE,COD_IDENTITY_FEDERAL,NUM_DEP_SECTION,NAM_EMPLOYEE,NUM_ESTABLISHMENT,DAT_REGISTRATION,COD_IDENTITY_STATE,DAT_BIRTH,IND_GENDER,IND_MARITAL_STATUS,DAT_ADMISSION,NUM_TYPE_JOB_TITLE,DES_OBSERVATION,IND_ACTIVE,DAT_BEGIN_INACTIVITY,IND_TYPE_EMPLOYEE,DES_EMAIL_1,DES_EMAIL_2,NUM_DDI_TELEFONE,NUM_DDD_TELEFONE,NUM_TELEFONE,NUM_DDI_MOBILE,NUM_DDD_MOBILE,NUM_MOBILE,NAM_USER_MODIFY,DAT_LAST_MODIFY,NUM_COUNTRY_NATIONALITY,IND_TYPE_DOCUMENT) values (60,'793',25,'Asanaru Kamrudeen',2,to_date('16-FEB-15','DD-MON-RR'),null,null,null,null,null,null,null,'Y',null,null,null,null,null,null,null,null,null,null,'ADMINCOR',to_date('16-FEB-15','DD-MON-RR'),null,null);
Insert into ADMINCOR.COM_EMPLOYEES (COD_EMPLOYEE,COD_IDENTITY_FEDERAL,NUM_DEP_SECTION,NAM_EMPLOYEE,NUM_ESTABLISHMENT,DAT_REGISTRATION,COD_IDENTITY_STATE,DAT_BIRTH,IND_GENDER,IND_MARITAL_STATUS,DAT_ADMISSION,NUM_TYPE_JOB_TITLE,DES_OBSERVATION,IND_ACTIVE,DAT_BEGIN_INACTIVITY,IND_TYPE_EMPLOYEE,DES_EMAIL_1,DES_EMAIL_2,NUM_DDI_TELEFONE,NUM_DDD_TELEFONE,NUM_TELEFONE,NUM_DDI_MOBILE,NUM_DDD_MOBILE,NUM_MOBILE,NAM_USER_MODIFY,DAT_LAST_MODIFY,NUM_COUNTRY_NATIONALITY,IND_TYPE_DOCUMENT) values (61,'6733',25,'Qamar Abbas Amir',2,to_date('16-FEB-15','DD-MON-RR'),null,null,null,null,null,null,null,'Y',null,null,null,null,null,null,null,null,null,null,'ADMINCOR',to_date('16-FEB-15','DD-MON-RR'),null,null);
Insert into ADMINCOR.COM_EMPLOYEES (COD_EMPLOYEE,COD_IDENTITY_FEDERAL,NUM_DEP_SECTION,NAM_EMPLOYEE,NUM_ESTABLISHMENT,DAT_REGISTRATION,COD_IDENTITY_STATE,DAT_BIRTH,IND_GENDER,IND_MARITAL_STATUS,DAT_ADMISSION,NUM_TYPE_JOB_TITLE,DES_OBSERVATION,IND_ACTIVE,DAT_BEGIN_INACTIVITY,IND_TYPE_EMPLOYEE,DES_EMAIL_1,DES_EMAIL_2,NUM_DDI_TELEFONE,NUM_DDD_TELEFONE,NUM_TELEFONE,NUM_DDI_MOBILE,NUM_DDD_MOBILE,NUM_MOBILE,NAM_USER_MODIFY,DAT_LAST_MODIFY,NUM_COUNTRY_NATIONALITY,IND_TYPE_DOCUMENT) values (62,'1379',25,'Abdul Sattar Muhammad Alam',2,to_date('16-FEB-15','DD-MON-RR'),null,null,null,null,null,null,null,'Y',null,null,null,null,null,null,null,null,null,null,'ADMINCOR',to_date('16-FEB-15','DD-MON-RR'),null,null);
Insert into ADMINCOR.COM_EMPLOYEES (COD_EMPLOYEE,COD_IDENTITY_FEDERAL,NUM_DEP_SECTION,NAM_EMPLOYEE,NUM_ESTABLISHMENT,DAT_REGISTRATION,COD_IDENTITY_STATE,DAT_BIRTH,IND_GENDER,IND_MARITAL_STATUS,DAT_ADMISSION,NUM_TYPE_JOB_TITLE,DES_OBSERVATION,IND_ACTIVE,DAT_BEGIN_INACTIVITY,IND_TYPE_EMPLOYEE,DES_EMAIL_1,DES_EMAIL_2,NUM_DDI_TELEFONE,NUM_DDD_TELEFONE,NUM_TELEFONE,NUM_DDI_MOBILE,NUM_DDD_MOBILE,NUM_MOBILE,NAM_USER_MODIFY,DAT_LAST_MODIFY,NUM_COUNTRY_NATIONALITY,IND_TYPE_DOCUMENT) values (63,'16051',25,'Shamsher Khan Aslam Khan',2,to_date('16-FEB-15','DD-MON-RR'),null,null,null,null,null,null,null,'Y',null,null,null,null,null,null,null,null,null,null,'ADMINCOR',to_date('16-FEB-15','DD-MON-RR'),null,null);
Insert into ADMINCOR.COM_EMPLOYEES (COD_EMPLOYEE,COD_IDENTITY_FEDERAL,NUM_DEP_SECTION,NAM_EMPLOYEE,NUM_ESTABLISHMENT,DAT_REGISTRATION,COD_IDENTITY_STATE,DAT_BIRTH,IND_GENDER,IND_MARITAL_STATUS,DAT_ADMISSION,NUM_TYPE_JOB_TITLE,DES_OBSERVATION,IND_ACTIVE,DAT_BEGIN_INACTIVITY,IND_TYPE_EMPLOYEE,DES_EMAIL_1,DES_EMAIL_2,NUM_DDI_TELEFONE,NUM_DDD_TELEFONE,NUM_TELEFONE,NUM_DDI_MOBILE,NUM_DDD_MOBILE,NUM_MOBILE,NAM_USER_MODIFY,DAT_LAST_MODIFY,NUM_COUNTRY_NATIONALITY,IND_TYPE_DOCUMENT) values (64,'12249',25,'Zafar Iqbal Bahader',2,to_date('16-FEB-15','DD-MON-RR'),null,null,null,null,null,null,null,'Y',null,null,null,null,null,null,null,null,null,null,'ADMINCOR',to_date('16-FEB-15','DD-MON-RR'),null,null);
Insert into ADMINCOR.COM_EMPLOYEES (COD_EMPLOYEE,COD_IDENTITY_FEDERAL,NUM_DEP_SECTION,NAM_EMPLOYEE,NUM_ESTABLISHMENT,DAT_REGISTRATION,COD_IDENTITY_STATE,DAT_BIRTH,IND_GENDER,IND_MARITAL_STATUS,DAT_ADMISSION,NUM_TYPE_JOB_TITLE,DES_OBSERVATION,IND_ACTIVE,DAT_BEGIN_INACTIVITY,IND_TYPE_EMPLOYEE,DES_EMAIL_1,DES_EMAIL_2,NUM_DDI_TELEFONE,NUM_DDD_TELEFONE,NUM_TELEFONE,NUM_DDI_MOBILE,NUM_DDD_MOBILE,NUM_MOBILE,NAM_USER_MODIFY,DAT_LAST_MODIFY,NUM_COUNTRY_NATIONALITY,IND_TYPE_DOCUMENT) values (65,'9868',25,'John Deliguin Bulatao',2,to_date('16-FEB-15','DD-MON-RR'),null,null,null,null,null,null,null,'Y',null,null,null,null,null,null,null,null,null,null,'ADMINCOR',to_date('16-FEB-15','DD-MON-RR'),null,null);
Insert into ADMINCOR.COM_EMPLOYEES (COD_EMPLOYEE,COD_IDENTITY_FEDERAL,NUM_DEP_SECTION,NAM_EMPLOYEE,NUM_ESTABLISHMENT,DAT_REGISTRATION,COD_IDENTITY_STATE,DAT_BIRTH,IND_GENDER,IND_MARITAL_STATUS,DAT_ADMISSION,NUM_TYPE_JOB_TITLE,DES_OBSERVATION,IND_ACTIVE,DAT_BEGIN_INACTIVITY,IND_TYPE_EMPLOYEE,DES_EMAIL_1,DES_EMAIL_2,NUM_DDI_TELEFONE,NUM_DDD_TELEFONE,NUM_TELEFONE,NUM_DDI_MOBILE,NUM_DDD_MOBILE,NUM_MOBILE,NAM_USER_MODIFY,DAT_LAST_MODIFY,NUM_COUNTRY_NATIONALITY,IND_TYPE_DOCUMENT) values (66,'20310',26,'Ahmed Ezzat Mousa',2,to_date('16-FEB-15','DD-MON-RR'),null,null,null,null,null,null,null,'Y',null,null,'amousa@almabani.com.sa',null,null,null,null,null,null,null,'ADMINCOR',to_date('16-FEB-15','DD-MON-RR'),null,null);
Insert into ADMINCOR.COM_EMPLOYEES (COD_EMPLOYEE,COD_IDENTITY_FEDERAL,NUM_DEP_SECTION,NAM_EMPLOYEE,NUM_ESTABLISHMENT,DAT_REGISTRATION,COD_IDENTITY_STATE,DAT_BIRTH,IND_GENDER,IND_MARITAL_STATUS,DAT_ADMISSION,NUM_TYPE_JOB_TITLE,DES_OBSERVATION,IND_ACTIVE,DAT_BEGIN_INACTIVITY,IND_TYPE_EMPLOYEE,DES_EMAIL_1,DES_EMAIL_2,NUM_DDI_TELEFONE,NUM_DDD_TELEFONE,NUM_TELEFONE,NUM_DDI_MOBILE,NUM_DDD_MOBILE,NUM_MOBILE,NAM_USER_MODIFY,DAT_LAST_MODIFY,NUM_COUNTRY_NATIONALITY,IND_TYPE_DOCUMENT) values (67,'16702',26,'Abdulla Mehmoud Muhd',2,to_date('16-FEB-15','DD-MON-RR'),null,null,null,null,null,null,null,'Y',null,null,null,null,null,null,null,null,null,null,'ADMINCOR',to_date('16-FEB-15','DD-MON-RR'),null,null);
Insert into ADMINCOR.COM_EMPLOYEES (COD_EMPLOYEE,COD_IDENTITY_FEDERAL,NUM_DEP_SECTION,NAM_EMPLOYEE,NUM_ESTABLISHMENT,DAT_REGISTRATION,COD_IDENTITY_STATE,DAT_BIRTH,IND_GENDER,IND_MARITAL_STATUS,DAT_ADMISSION,NUM_TYPE_JOB_TITLE,DES_OBSERVATION,IND_ACTIVE,DAT_BEGIN_INACTIVITY,IND_TYPE_EMPLOYEE,DES_EMAIL_1,DES_EMAIL_2,NUM_DDI_TELEFONE,NUM_DDD_TELEFONE,NUM_TELEFONE,NUM_DDI_MOBILE,NUM_DDD_MOBILE,NUM_MOBILE,NAM_USER_MODIFY,DAT_LAST_MODIFY,NUM_COUNTRY_NATIONALITY,IND_TYPE_DOCUMENT) values (68,'20250',26,'Ijaz Hussain Ghulam',2,to_date('16-FEB-15','DD-MON-RR'),null,null,null,null,null,null,null,'Y',null,null,null,null,null,null,null,null,null,null,'ADMINCOR',to_date('16-FEB-15','DD-MON-RR'),null,null);
Insert into ADMINCOR.COM_EMPLOYEES (COD_EMPLOYEE,COD_IDENTITY_FEDERAL,NUM_DEP_SECTION,NAM_EMPLOYEE,NUM_ESTABLISHMENT,DAT_REGISTRATION,COD_IDENTITY_STATE,DAT_BIRTH,IND_GENDER,IND_MARITAL_STATUS,DAT_ADMISSION,NUM_TYPE_JOB_TITLE,DES_OBSERVATION,IND_ACTIVE,DAT_BEGIN_INACTIVITY,IND_TYPE_EMPLOYEE,DES_EMAIL_1,DES_EMAIL_2,NUM_DDI_TELEFONE,NUM_DDD_TELEFONE,NUM_TELEFONE,NUM_DDI_MOBILE,NUM_DDD_MOBILE,NUM_MOBILE,NAM_USER_MODIFY,DAT_LAST_MODIFY,NUM_COUNTRY_NATIONALITY,IND_TYPE_DOCUMENT) values (69,'16217',26,'Shahjad Farukhan',2,to_date('16-FEB-15','DD-MON-RR'),null,null,null,null,null,null,null,'Y',null,null,null,null,null,null,null,null,null,null,'ADMINCOR',to_date('16-FEB-15','DD-MON-RR'),null,null);
Insert into ADMINCOR.COM_EMPLOYEES (COD_EMPLOYEE,COD_IDENTITY_FEDERAL,NUM_DEP_SECTION,NAM_EMPLOYEE,NUM_ESTABLISHMENT,DAT_REGISTRATION,COD_IDENTITY_STATE,DAT_BIRTH,IND_GENDER,IND_MARITAL_STATUS,DAT_ADMISSION,NUM_TYPE_JOB_TITLE,DES_OBSERVATION,IND_ACTIVE,DAT_BEGIN_INACTIVITY,IND_TYPE_EMPLOYEE,DES_EMAIL_1,DES_EMAIL_2,NUM_DDI_TELEFONE,NUM_DDD_TELEFONE,NUM_TELEFONE,NUM_DDI_MOBILE,NUM_DDD_MOBILE,NUM_MOBILE,NAM_USER_MODIFY,DAT_LAST_MODIFY,NUM_COUNTRY_NATIONALITY,IND_TYPE_DOCUMENT) values (70,'7063',26,'Khurshid Ahmed',2,to_date('16-FEB-15','DD-MON-RR'),null,null,null,null,null,null,null,'Y',null,null,null,null,null,null,null,null,null,null,'ADMINCOR',to_date('16-FEB-15','DD-MON-RR'),null,null);
Insert into ADMINCOR.COM_EMPLOYEES (COD_EMPLOYEE,COD_IDENTITY_FEDERAL,NUM_DEP_SECTION,NAM_EMPLOYEE,NUM_ESTABLISHMENT,DAT_REGISTRATION,COD_IDENTITY_STATE,DAT_BIRTH,IND_GENDER,IND_MARITAL_STATUS,DAT_ADMISSION,NUM_TYPE_JOB_TITLE,DES_OBSERVATION,IND_ACTIVE,DAT_BEGIN_INACTIVITY,IND_TYPE_EMPLOYEE,DES_EMAIL_1,DES_EMAIL_2,NUM_DDI_TELEFONE,NUM_DDD_TELEFONE,NUM_TELEFONE,NUM_DDI_MOBILE,NUM_DDD_MOBILE,NUM_MOBILE,NAM_USER_MODIFY,DAT_LAST_MODIFY,NUM_COUNTRY_NATIONALITY,IND_TYPE_DOCUMENT) values (71,'7824',12,'Mohammad Aqeel Anwar',2,to_date('16-FEB-15','DD-MON-RR'),null,null,null,null,null,null,null,'Y',null,null,null,null,null,null,null,null,null,null,'ADMINCOR',to_date('16-FEB-15','DD-MON-RR'),null,null);
Insert into ADMINCOR.COM_EMPLOYEES (COD_EMPLOYEE,COD_IDENTITY_FEDERAL,NUM_DEP_SECTION,NAM_EMPLOYEE,NUM_ESTABLISHMENT,DAT_REGISTRATION,COD_IDENTITY_STATE,DAT_BIRTH,IND_GENDER,IND_MARITAL_STATUS,DAT_ADMISSION,NUM_TYPE_JOB_TITLE,DES_OBSERVATION,IND_ACTIVE,DAT_BEGIN_INACTIVITY,IND_TYPE_EMPLOYEE,DES_EMAIL_1,DES_EMAIL_2,NUM_DDI_TELEFONE,NUM_DDD_TELEFONE,NUM_TELEFONE,NUM_DDI_MOBILE,NUM_DDD_MOBILE,NUM_MOBILE,NAM_USER_MODIFY,DAT_LAST_MODIFY,NUM_COUNTRY_NATIONALITY,IND_TYPE_DOCUMENT) values (72,'11252',26,'Shawky Atya Omar',2,to_date('16-FEB-15','DD-MON-RR'),null,null,null,null,null,null,null,'Y',null,null,null,null,null,null,null,null,null,null,'ADMINCOR',to_date('16-FEB-15','DD-MON-RR'),null,null);
Insert into ADMINCOR.COM_EMPLOYEES (COD_EMPLOYEE,COD_IDENTITY_FEDERAL,NUM_DEP_SECTION,NAM_EMPLOYEE,NUM_ESTABLISHMENT,DAT_REGISTRATION,COD_IDENTITY_STATE,DAT_BIRTH,IND_GENDER,IND_MARITAL_STATUS,DAT_ADMISSION,NUM_TYPE_JOB_TITLE,DES_OBSERVATION,IND_ACTIVE,DAT_BEGIN_INACTIVITY,IND_TYPE_EMPLOYEE,DES_EMAIL_1,DES_EMAIL_2,NUM_DDI_TELEFONE,NUM_DDD_TELEFONE,NUM_TELEFONE,NUM_DDI_MOBILE,NUM_DDD_MOBILE,NUM_MOBILE,NAM_USER_MODIFY,DAT_LAST_MODIFY,NUM_COUNTRY_NATIONALITY,IND_TYPE_DOCUMENT) values (73,'16566',26,'Eid Abdel Aal Ibrahim Mostafa',2,to_date('16-FEB-15','DD-MON-RR'),null,null,null,null,null,null,null,'Y',null,null,null,null,null,null,null,null,null,null,'ADMINCOR',to_date('16-FEB-15','DD-MON-RR'),null,null);
Insert into ADMINCOR.COM_EMPLOYEES (COD_EMPLOYEE,COD_IDENTITY_FEDERAL,NUM_DEP_SECTION,NAM_EMPLOYEE,NUM_ESTABLISHMENT,DAT_REGISTRATION,COD_IDENTITY_STATE,DAT_BIRTH,IND_GENDER,IND_MARITAL_STATUS,DAT_ADMISSION,NUM_TYPE_JOB_TITLE,DES_OBSERVATION,IND_ACTIVE,DAT_BEGIN_INACTIVITY,IND_TYPE_EMPLOYEE,DES_EMAIL_1,DES_EMAIL_2,NUM_DDI_TELEFONE,NUM_DDD_TELEFONE,NUM_TELEFONE,NUM_DDI_MOBILE,NUM_DDD_MOBILE,NUM_MOBILE,NAM_USER_MODIFY,DAT_LAST_MODIFY,NUM_COUNTRY_NATIONALITY,IND_TYPE_DOCUMENT) values (74,'16701',26,'Hussein Mohamed Hussein',2,to_date('16-FEB-15','DD-MON-RR'),null,null,null,null,null,null,null,'Y',null,null,null,null,null,null,null,null,null,null,'ADMINCOR',to_date('16-FEB-15','DD-MON-RR'),null,null);
Insert into ADMINCOR.COM_EMPLOYEES (COD_EMPLOYEE,COD_IDENTITY_FEDERAL,NUM_DEP_SECTION,NAM_EMPLOYEE,NUM_ESTABLISHMENT,DAT_REGISTRATION,COD_IDENTITY_STATE,DAT_BIRTH,IND_GENDER,IND_MARITAL_STATUS,DAT_ADMISSION,NUM_TYPE_JOB_TITLE,DES_OBSERVATION,IND_ACTIVE,DAT_BEGIN_INACTIVITY,IND_TYPE_EMPLOYEE,DES_EMAIL_1,DES_EMAIL_2,NUM_DDI_TELEFONE,NUM_DDD_TELEFONE,NUM_TELEFONE,NUM_DDI_MOBILE,NUM_DDD_MOBILE,NUM_MOBILE,NAM_USER_MODIFY,DAT_LAST_MODIFY,NUM_COUNTRY_NATIONALITY,IND_TYPE_DOCUMENT) values (75,'14755',26,'Badih Abboud',2,to_date('16-FEB-15','DD-MON-RR'),null,null,null,null,null,null,null,'Y',null,null,null,null,null,null,null,null,null,null,'ADMINCOR',to_date('16-FEB-15','DD-MON-RR'),null,null);
Insert into ADMINCOR.COM_EMPLOYEES (COD_EMPLOYEE,COD_IDENTITY_FEDERAL,NUM_DEP_SECTION,NAM_EMPLOYEE,NUM_ESTABLISHMENT,DAT_REGISTRATION,COD_IDENTITY_STATE,DAT_BIRTH,IND_GENDER,IND_MARITAL_STATUS,DAT_ADMISSION,NUM_TYPE_JOB_TITLE,DES_OBSERVATION,IND_ACTIVE,DAT_BEGIN_INACTIVITY,IND_TYPE_EMPLOYEE,DES_EMAIL_1,DES_EMAIL_2,NUM_DDI_TELEFONE,NUM_DDD_TELEFONE,NUM_TELEFONE,NUM_DDI_MOBILE,NUM_DDD_MOBILE,NUM_MOBILE,NAM_USER_MODIFY,DAT_LAST_MODIFY,NUM_COUNTRY_NATIONALITY,IND_TYPE_DOCUMENT) values (76,'7446',25,'Raafat Abdul Khalek',2,to_date('16-FEB-15','DD-MON-RR'),null,null,null,null,null,null,null,'Y',null,null,null,null,null,null,null,null,null,null,'ADMINCOR',to_date('16-FEB-15','DD-MON-RR'),null,null);
Insert into ADMINCOR.COM_EMPLOYEES (COD_EMPLOYEE,COD_IDENTITY_FEDERAL,NUM_DEP_SECTION,NAM_EMPLOYEE,NUM_ESTABLISHMENT,DAT_REGISTRATION,COD_IDENTITY_STATE,DAT_BIRTH,IND_GENDER,IND_MARITAL_STATUS,DAT_ADMISSION,NUM_TYPE_JOB_TITLE,DES_OBSERVATION,IND_ACTIVE,DAT_BEGIN_INACTIVITY,IND_TYPE_EMPLOYEE,DES_EMAIL_1,DES_EMAIL_2,NUM_DDI_TELEFONE,NUM_DDD_TELEFONE,NUM_TELEFONE,NUM_DDI_MOBILE,NUM_DDD_MOBILE,NUM_MOBILE,NAM_USER_MODIFY,DAT_LAST_MODIFY,NUM_COUNTRY_NATIONALITY,IND_TYPE_DOCUMENT) values (77,'8998',25,'Ismael Ibrahim Ramadan',2,to_date('16-FEB-15','DD-MON-RR'),null,null,null,null,null,null,null,'Y',null,null,null,null,null,null,null,null,null,null,'ADMINCOR',to_date('16-FEB-15','DD-MON-RR'),null,null);
Insert into ADMINCOR.COM_EMPLOYEES (COD_EMPLOYEE,COD_IDENTITY_FEDERAL,NUM_DEP_SECTION,NAM_EMPLOYEE,NUM_ESTABLISHMENT,DAT_REGISTRATION,COD_IDENTITY_STATE,DAT_BIRTH,IND_GENDER,IND_MARITAL_STATUS,DAT_ADMISSION,NUM_TYPE_JOB_TITLE,DES_OBSERVATION,IND_ACTIVE,DAT_BEGIN_INACTIVITY,IND_TYPE_EMPLOYEE,DES_EMAIL_1,DES_EMAIL_2,NUM_DDI_TELEFONE,NUM_DDD_TELEFONE,NUM_TELEFONE,NUM_DDI_MOBILE,NUM_DDD_MOBILE,NUM_MOBILE,NAM_USER_MODIFY,DAT_LAST_MODIFY,NUM_COUNTRY_NATIONALITY,IND_TYPE_DOCUMENT) values (78,'13617',25,'Von Mark Miranda',2,to_date('16-FEB-15','DD-MON-RR'),null,null,null,null,null,null,null,'Y',null,null,null,null,null,null,null,null,null,null,'ADMINCOR',to_date('16-FEB-15','DD-MON-RR'),null,null);
Insert into ADMINCOR.COM_EMPLOYEES (COD_EMPLOYEE,COD_IDENTITY_FEDERAL,NUM_DEP_SECTION,NAM_EMPLOYEE,NUM_ESTABLISHMENT,DAT_REGISTRATION,COD_IDENTITY_STATE,DAT_BIRTH,IND_GENDER,IND_MARITAL_STATUS,DAT_ADMISSION,NUM_TYPE_JOB_TITLE,DES_OBSERVATION,IND_ACTIVE,DAT_BEGIN_INACTIVITY,IND_TYPE_EMPLOYEE,DES_EMAIL_1,DES_EMAIL_2,NUM_DDI_TELEFONE,NUM_DDD_TELEFONE,NUM_TELEFONE,NUM_DDI_MOBILE,NUM_DDD_MOBILE,NUM_MOBILE,NAM_USER_MODIFY,DAT_LAST_MODIFY,NUM_COUNTRY_NATIONALITY,IND_TYPE_DOCUMENT) values (79,'13187',25,'Jimmy Saplor Talana',2,to_date('16-FEB-15','DD-MON-RR'),null,null,null,null,null,null,null,'Y',null,null,null,null,null,null,null,null,null,null,'ADMINCOR',to_date('16-FEB-15','DD-MON-RR'),null,null);
Insert into ADMINCOR.COM_EMPLOYEES (COD_EMPLOYEE,COD_IDENTITY_FEDERAL,NUM_DEP_SECTION,NAM_EMPLOYEE,NUM_ESTABLISHMENT,DAT_REGISTRATION,COD_IDENTITY_STATE,DAT_BIRTH,IND_GENDER,IND_MARITAL_STATUS,DAT_ADMISSION,NUM_TYPE_JOB_TITLE,DES_OBSERVATION,IND_ACTIVE,DAT_BEGIN_INACTIVITY,IND_TYPE_EMPLOYEE,DES_EMAIL_1,DES_EMAIL_2,NUM_DDI_TELEFONE,NUM_DDD_TELEFONE,NUM_TELEFONE,NUM_DDI_MOBILE,NUM_DDD_MOBILE,NUM_MOBILE,NAM_USER_MODIFY,DAT_LAST_MODIFY,NUM_COUNTRY_NATIONALITY,IND_TYPE_DOCUMENT) values (80,'20425',24,'Tanveer Ahmed Muhammed Yagoob',2,to_date('16-FEB-15','DD-MON-RR'),null,null,null,null,null,null,null,'Y',null,null,null,null,null,null,null,null,null,null,'ADMINCOR',to_date('16-FEB-15','DD-MON-RR'),null,null);
Insert into ADMINCOR.COM_EMPLOYEES (COD_EMPLOYEE,COD_IDENTITY_FEDERAL,NUM_DEP_SECTION,NAM_EMPLOYEE,NUM_ESTABLISHMENT,DAT_REGISTRATION,COD_IDENTITY_STATE,DAT_BIRTH,IND_GENDER,IND_MARITAL_STATUS,DAT_ADMISSION,NUM_TYPE_JOB_TITLE,DES_OBSERVATION,IND_ACTIVE,DAT_BEGIN_INACTIVITY,IND_TYPE_EMPLOYEE,DES_EMAIL_1,DES_EMAIL_2,NUM_DDI_TELEFONE,NUM_DDD_TELEFONE,NUM_TELEFONE,NUM_DDI_MOBILE,NUM_DDD_MOBILE,NUM_MOBILE,NAM_USER_MODIFY,DAT_LAST_MODIFY,NUM_COUNTRY_NATIONALITY,IND_TYPE_DOCUMENT) values (81,'20424',22,'Akhtar Nawaz Sher Muhammad',2,to_date('16-FEB-15','DD-MON-RR'),null,null,null,null,null,null,null,'Y',null,null,null,null,null,null,null,null,null,null,'ADMINCOR',to_date('16-FEB-15','DD-MON-RR'),null,null);
Insert into ADMINCOR.COM_EMPLOYEES (COD_EMPLOYEE,COD_IDENTITY_FEDERAL,NUM_DEP_SECTION,NAM_EMPLOYEE,NUM_ESTABLISHMENT,DAT_REGISTRATION,COD_IDENTITY_STATE,DAT_BIRTH,IND_GENDER,IND_MARITAL_STATUS,DAT_ADMISSION,NUM_TYPE_JOB_TITLE,DES_OBSERVATION,IND_ACTIVE,DAT_BEGIN_INACTIVITY,IND_TYPE_EMPLOYEE,DES_EMAIL_1,DES_EMAIL_2,NUM_DDI_TELEFONE,NUM_DDD_TELEFONE,NUM_TELEFONE,NUM_DDI_MOBILE,NUM_DDD_MOBILE,NUM_MOBILE,NAM_USER_MODIFY,DAT_LAST_MODIFY,NUM_COUNTRY_NATIONALITY,IND_TYPE_DOCUMENT) values (82,'14284',25,'Taimoor Ahmed Zahoor',2,to_date('16-FEB-15','DD-MON-RR'),null,null,null,null,null,null,null,'Y',null,null,null,null,null,null,null,null,null,null,'ADMINCOR',to_date('16-FEB-15','DD-MON-RR'),null,null);
Insert into ADMINCOR.COM_EMPLOYEES (COD_EMPLOYEE,COD_IDENTITY_FEDERAL,NUM_DEP_SECTION,NAM_EMPLOYEE,NUM_ESTABLISHMENT,DAT_REGISTRATION,COD_IDENTITY_STATE,DAT_BIRTH,IND_GENDER,IND_MARITAL_STATUS,DAT_ADMISSION,NUM_TYPE_JOB_TITLE,DES_OBSERVATION,IND_ACTIVE,DAT_BEGIN_INACTIVITY,IND_TYPE_EMPLOYEE,DES_EMAIL_1,DES_EMAIL_2,NUM_DDI_TELEFONE,NUM_DDD_TELEFONE,NUM_TELEFONE,NUM_DDI_MOBILE,NUM_DDD_MOBILE,NUM_MOBILE,NAM_USER_MODIFY,DAT_LAST_MODIFY,NUM_COUNTRY_NATIONALITY,IND_TYPE_DOCUMENT) values (83,'6596',25,'Ijaz Ahmad',2,to_date('16-FEB-15','DD-MON-RR'),null,null,null,null,null,null,null,'Y',null,null,null,null,null,null,null,null,null,null,'ADMINCOR',to_date('16-FEB-15','DD-MON-RR'),null,null);
Insert into ADMINCOR.COM_EMPLOYEES (COD_EMPLOYEE,COD_IDENTITY_FEDERAL,NUM_DEP_SECTION,NAM_EMPLOYEE,NUM_ESTABLISHMENT,DAT_REGISTRATION,COD_IDENTITY_STATE,DAT_BIRTH,IND_GENDER,IND_MARITAL_STATUS,DAT_ADMISSION,NUM_TYPE_JOB_TITLE,DES_OBSERVATION,IND_ACTIVE,DAT_BEGIN_INACTIVITY,IND_TYPE_EMPLOYEE,DES_EMAIL_1,DES_EMAIL_2,NUM_DDI_TELEFONE,NUM_DDD_TELEFONE,NUM_TELEFONE,NUM_DDI_MOBILE,NUM_DDD_MOBILE,NUM_MOBILE,NAM_USER_MODIFY,DAT_LAST_MODIFY,NUM_COUNTRY_NATIONALITY,IND_TYPE_DOCUMENT) values (84,'20231',25,'Khuram Shahzad Ansar',2,to_date('16-FEB-15','DD-MON-RR'),null,null,null,null,null,null,null,'Y',null,null,null,null,null,null,null,null,null,null,'ADMINCOR',to_date('16-FEB-15','DD-MON-RR'),null,null);
Insert into ADMINCOR.COM_EMPLOYEES (COD_EMPLOYEE,COD_IDENTITY_FEDERAL,NUM_DEP_SECTION,NAM_EMPLOYEE,NUM_ESTABLISHMENT,DAT_REGISTRATION,COD_IDENTITY_STATE,DAT_BIRTH,IND_GENDER,IND_MARITAL_STATUS,DAT_ADMISSION,NUM_TYPE_JOB_TITLE,DES_OBSERVATION,IND_ACTIVE,DAT_BEGIN_INACTIVITY,IND_TYPE_EMPLOYEE,DES_EMAIL_1,DES_EMAIL_2,NUM_DDI_TELEFONE,NUM_DDD_TELEFONE,NUM_TELEFONE,NUM_DDI_MOBILE,NUM_DDD_MOBILE,NUM_MOBILE,NAM_USER_MODIFY,DAT_LAST_MODIFY,NUM_COUNTRY_NATIONALITY,IND_TYPE_DOCUMENT) values (85,'13320',25,'Rahimullah Azeemullah',2,to_date('16-FEB-15','DD-MON-RR'),null,null,null,null,null,null,null,'Y',null,null,null,null,null,null,null,null,null,null,'ADMINCOR',to_date('16-FEB-15','DD-MON-RR'),null,null);
Insert into ADMINCOR.COM_EMPLOYEES (COD_EMPLOYEE,COD_IDENTITY_FEDERAL,NUM_DEP_SECTION,NAM_EMPLOYEE,NUM_ESTABLISHMENT,DAT_REGISTRATION,COD_IDENTITY_STATE,DAT_BIRTH,IND_GENDER,IND_MARITAL_STATUS,DAT_ADMISSION,NUM_TYPE_JOB_TITLE,DES_OBSERVATION,IND_ACTIVE,DAT_BEGIN_INACTIVITY,IND_TYPE_EMPLOYEE,DES_EMAIL_1,DES_EMAIL_2,NUM_DDI_TELEFONE,NUM_DDD_TELEFONE,NUM_TELEFONE,NUM_DDI_MOBILE,NUM_DDD_MOBILE,NUM_MOBILE,NAM_USER_MODIFY,DAT_LAST_MODIFY,NUM_COUNTRY_NATIONALITY,IND_TYPE_DOCUMENT) values (86,'17092',25,'Shaaban Osman Saad Elsayed',2,to_date('16-FEB-15','DD-MON-RR'),null,null,null,null,null,null,null,'Y',null,null,null,null,null,null,null,null,null,null,'ADMINCOR',to_date('16-FEB-15','DD-MON-RR'),null,null);
Insert into ADMINCOR.COM_EMPLOYEES (COD_EMPLOYEE,COD_IDENTITY_FEDERAL,NUM_DEP_SECTION,NAM_EMPLOYEE,NUM_ESTABLISHMENT,DAT_REGISTRATION,COD_IDENTITY_STATE,DAT_BIRTH,IND_GENDER,IND_MARITAL_STATUS,DAT_ADMISSION,NUM_TYPE_JOB_TITLE,DES_OBSERVATION,IND_ACTIVE,DAT_BEGIN_INACTIVITY,IND_TYPE_EMPLOYEE,DES_EMAIL_1,DES_EMAIL_2,NUM_DDI_TELEFONE,NUM_DDD_TELEFONE,NUM_TELEFONE,NUM_DDI_MOBILE,NUM_DDD_MOBILE,NUM_MOBILE,NAM_USER_MODIFY,DAT_LAST_MODIFY,NUM_COUNTRY_NATIONALITY,IND_TYPE_DOCUMENT) values (87,'3182',25,'Mohd Arif Inayat Khan',2,to_date('16-FEB-15','DD-MON-RR'),null,null,null,null,null,null,null,'Y',null,null,null,null,null,null,null,null,null,null,'ADMINCOR',to_date('16-FEB-15','DD-MON-RR'),null,null);

commit;
