Insert into ADMINRET.RET_TYPES_COMPANIES_ACTIVITY (NUM_TYPE_COMP_ACTIVITY,DES_TYPE_COMP_ACTIVITY,IND_ACTIVE,NUM_COMPANY,COD_LOGIN_INSERT,DAT_RECORD_INSERT,COD_LOGIN_MODIFY,DAT_LAST_MODIFY) values (1,'Restaurantes','Y',3,'ALZAHER',to_date('16-AUG-15','DD-MON-RR'),'ALZAHER',to_date('16-AUG-15','DD-MON-RR'));
Insert into ADMINRET.RET_TYPES_COMPANIES_ACTIVITY (NUM_TYPE_COMP_ACTIVITY,DES_TYPE_COMP_ACTIVITY,IND_ACTIVE,NUM_COMPANY,COD_LOGIN_INSERT,DAT_RECORD_INSERT,COD_LOGIN_MODIFY,DAT_LAST_MODIFY) values (2,'Bleza','Y',3,'ALZAHER',to_date('16-AUG-15','DD-MON-RR'),'ALZAHER',to_date('16-AUG-15','DD-MON-RR'));
Insert into ADMINRET.RET_TYPES_COMPANIES_ACTIVITY (NUM_TYPE_COMP_ACTIVITY,DES_TYPE_COMP_ACTIVITY,IND_ACTIVE,NUM_COMPANY,COD_LOGIN_INSERT,DAT_RECORD_INSERT,COD_LOGIN_MODIFY,DAT_LAST_MODIFY) values (3,'Posto de Gasolina','Y',3,'ALZAHER',to_date('16-AUG-15','DD-MON-RR'),'ALZAHER',to_date('16-AUG-15','DD-MON-RR'));
Insert into ADMINRET.RET_TYPES_COMPANIES_ACTIVITY (NUM_TYPE_COMP_ACTIVITY,DES_TYPE_COMP_ACTIVITY,IND_ACTIVE,NUM_COMPANY,COD_LOGIN_INSERT,DAT_RECORD_INSERT,COD_LOGIN_MODIFY,DAT_LAST_MODIFY) values (4,'JOELIARIA','Y',3,'ALZAHER',to_date('16-AUG-15','DD-MON-RR'),'ALZAHER',to_date('16-AUG-15','DD-MON-RR'));

Insert into ADMINRET.RET_ACCOUNTS_ENTRIES (NUM_ACCOUNT_ENTRY,NUM_COMPANY,DES_ACCOUNT_ENTRY,NUM_BANK,NUM_AGENCY,NUM_ACCOUNT,DAT_BEGIN_VALIDITY,DAT_END_VALIDITY,COD_LOGIN_INSERT,DAT_RECORD_INSERT,COD_LOGIN_MODIFY,DAT_LAST_MODIFY) values (1,3,'Conta Juridica BB',1,1,1,to_date('01-AUG-15','DD-MON-RR'),null,'BYZAHER',to_date('29-AUG-15','DD-MON-RR'),'BYZAHER',to_date('29-AUG-15','DD-MON-RR'));
Insert into ADMINRET.RET_ACCOUNTS_ENTRIES (NUM_ACCOUNT_ENTRY,NUM_COMPANY,DES_ACCOUNT_ENTRY,NUM_BANK,NUM_AGENCY,NUM_ACCOUNT,DAT_BEGIN_VALIDITY,DAT_END_VALIDITY,COD_LOGIN_INSERT,DAT_RECORD_INSERT,COD_LOGIN_MODIFY,DAT_LAST_MODIFY) values (2,3,'Conta Fisica Ana Karina',1,1,1,to_date('01-AUG-15','DD-MON-RR'),null,'BYZAHER',to_date('29-AUG-15','DD-MON-RR'),'BYZAHER',to_date('29-AUG-15','DD-MON-RR'));

Insert into ADMINRET.RET_TYPES_DISCOUNT (NUM_TYPE_DISCOUNT,DES_TYPE_DISCOUNT,NUM_COMPANY,IND_ACTIVE,PER_MAX_DISCOUNT,VAL_MAX_DISCOUNT,COD_LOGIN_INSERT,DAT_RECORD_INSERT,COD_LOGIN_MODIFY,DAT_LAST_MODIFY) values (1,'Desconto de 5 Por cento',3,'Y',5,null,'ALZAHER',to_date('16-AUG-15','DD-MON-RR'),'ALZAHER',to_date('16-AUG-15','DD-MON-RR'));
Insert into ADMINRET.RET_TYPES_DISCOUNT (NUM_TYPE_DISCOUNT,DES_TYPE_DISCOUNT,NUM_COMPANY,IND_ACTIVE,PER_MAX_DISCOUNT,VAL_MAX_DISCOUNT,COD_LOGIN_INSERT,DAT_RECORD_INSERT,COD_LOGIN_MODIFY,DAT_LAST_MODIFY) values (2,'Desconto de 10 Por cento',3,'Y',10,null,'ALZAHER',to_date('16-AUG-15','DD-MON-RR'),'ALZAHER',to_date('16-AUG-15','DD-MON-RR'));
Insert into ADMINRET.RET_TYPES_DISCOUNT (NUM_TYPE_DISCOUNT,DES_TYPE_DISCOUNT,NUM_COMPANY,IND_ACTIVE,PER_MAX_DISCOUNT,VAL_MAX_DISCOUNT,COD_LOGIN_INSERT,DAT_RECORD_INSERT,COD_LOGIN_MODIFY,DAT_LAST_MODIFY) values (3,'Desconto de 15 Por cento',3,'Y',15,null,'ALZAHER',to_date('16-AUG-15','DD-MON-RR'),'ALZAHER',to_date('16-AUG-15','DD-MON-RR'));
Insert into ADMINRET.RET_TYPES_DISCOUNT (NUM_TYPE_DISCOUNT,DES_TYPE_DISCOUNT,NUM_COMPANY,IND_ACTIVE,PER_MAX_DISCOUNT,VAL_MAX_DISCOUNT,COD_LOGIN_INSERT,DAT_RECORD_INSERT,COD_LOGIN_MODIFY,DAT_LAST_MODIFY) values (4,'Desconto de 20 Por cento',3,'Y',20,null,'ALZAHER',to_date('16-AUG-15','DD-MON-RR'),'ALZAHER',to_date('16-AUG-15','DD-MON-RR'));

Insert into ADMINRET.RET_TYPES_EXPENSES (NUM_TYPE_EXPENSE,NUM_COMPANY,DES_TYPE_EXPENSE,DAT_BEGIN_VALIDITY,DAT_END_VALIDITY,COD_LOGIN_INSERT,DAT_RECORD_INSERT,COD_LOGIN_MODIFY,DAT_LAST_MODIFY) values (1,3,'Movimentacao CC',to_date('01-AUG-15','DD-MON-RR'),null,'BYZAHER',to_date('29-AUG-15','DD-MON-RR'),'BYZAHER',to_date('29-AUG-15','DD-MON-RR'));
Insert into ADMINRET.RET_TYPES_EXPENSES (NUM_TYPE_EXPENSE,NUM_COMPANY,DES_TYPE_EXPENSE,DAT_BEGIN_VALIDITY,DAT_END_VALIDITY,COD_LOGIN_INSERT,DAT_RECORD_INSERT,COD_LOGIN_MODIFY,DAT_LAST_MODIFY) values (3,3,'Salarios',to_date('01-AUG-15','DD-MON-RR'),null,'BYZAHER',to_date('29-AUG-15','DD-MON-RR'),'BYZAHER',to_date('29-AUG-15','DD-MON-RR'));
Insert into ADMINRET.RET_TYPES_EXPENSES (NUM_TYPE_EXPENSE,NUM_COMPANY,DES_TYPE_EXPENSE,DAT_BEGIN_VALIDITY,DAT_END_VALIDITY,COD_LOGIN_INSERT,DAT_RECORD_INSERT,COD_LOGIN_MODIFY,DAT_LAST_MODIFY) values (6,3,'Despesas Marketing',to_date('01-AUG-15','DD-MON-RR'),null,'BYZAHER',to_date('29-AUG-15','DD-MON-RR'),'BYZAHER',to_date('29-AUG-15','DD-MON-RR'));
Insert into ADMINRET.RET_TYPES_EXPENSES (NUM_TYPE_EXPENSE,NUM_COMPANY,DES_TYPE_EXPENSE,DAT_BEGIN_VALIDITY,DAT_END_VALIDITY,COD_LOGIN_INSERT,DAT_RECORD_INSERT,COD_LOGIN_MODIFY,DAT_LAST_MODIFY) values (14,3,'Despesas Escritorio',to_date('01-AUG-15','DD-MON-RR'),null,'BYZAHER',to_date('29-AUG-15','DD-MON-RR'),'BYZAHER',to_date('29-AUG-15','DD-MON-RR'));
Insert into ADMINRET.RET_TYPES_EXPENSES (NUM_TYPE_EXPENSE,NUM_COMPANY,DES_TYPE_EXPENSE,DAT_BEGIN_VALIDITY,DAT_END_VALIDITY,COD_LOGIN_INSERT,DAT_RECORD_INSERT,COD_LOGIN_MODIFY,DAT_LAST_MODIFY) values (16,3,'Despesas Operacionais',to_date('01-AUG-15','DD-MON-RR'),null,'BYZAHER',to_date('29-AUG-15','DD-MON-RR'),'BYZAHER',to_date('29-AUG-15','DD-MON-RR'));

Insert into ADMINRET.RET_TYPES_PAYMENT (NUM_TYPE_PAYMENT,DES_TYPE_PAYMENT,IND_TYPE_PAYMENT,NUM_COMPANY,IND_ACTIVE,COD_LOGIN_INSERT,DAT_RECORD_INSERT,COD_LOGIN_MODIFY,DAT_LAST_MODIFY) values (1,'Credito','CR',3,'Y','ALZAHER',to_date('16-AUG-15','DD-MON-RR'),'ALZAHER',to_date('16-AUG-15','DD-MON-RR'));
Insert into ADMINRET.RET_TYPES_PAYMENT (NUM_TYPE_PAYMENT,DES_TYPE_PAYMENT,IND_TYPE_PAYMENT,NUM_COMPANY,IND_ACTIVE,COD_LOGIN_INSERT,DAT_RECORD_INSERT,COD_LOGIN_MODIFY,DAT_LAST_MODIFY) values (2,'Debito','DB',3,'Y','ALZAHER',to_date('16-AUG-15','DD-MON-RR'),'ALZAHER',to_date('16-AUG-15','DD-MON-RR'));
Insert into ADMINRET.RET_TYPES_PAYMENT (NUM_TYPE_PAYMENT,DES_TYPE_PAYMENT,IND_TYPE_PAYMENT,NUM_COMPANY,IND_ACTIVE,COD_LOGIN_INSERT,DAT_RECORD_INSERT,COD_LOGIN_MODIFY,DAT_LAST_MODIFY) values (3,'Boleto','BI',3,'Y','ALZAHER',to_date('16-AUG-15','DD-MON-RR'),'ALZAHER',to_date('16-AUG-15','DD-MON-RR'));

Insert into ADMINRET.RET_TYPES_PLANS (NUM_TYPE_PLAN,NUM_COMPANY,DES_SERVICE_PLAN,DAT_BEGIN_VALIDITY,DAT_END_VALIDITY,NUM_DAY_PAYMENT_DELAY,VAL_SERVICE_PLAN,COD_LOGIN_INSERT,DAT_RECORD_INSERT,COD_LOGIN_MODIFY,DAT_LAST_MODIFY) values (1,3,'Completo',to_date('01-JUN-15','DD-MON-RR'),null,5,449.9,'BYZAHER',to_date('27-AUG-15','DD-MON-RR'),'BYZAHER',to_date('27-AUG-15','DD-MON-RR'));
Insert into ADMINRET.RET_TYPES_PLANS (NUM_TYPE_PLAN,NUM_COMPANY,DES_SERVICE_PLAN,DAT_BEGIN_VALIDITY,DAT_END_VALIDITY,NUM_DAY_PAYMENT_DELAY,VAL_SERVICE_PLAN,COD_LOGIN_INSERT,DAT_RECORD_INSERT,COD_LOGIN_MODIFY,DAT_LAST_MODIFY) values (2,3,'Intermediario',to_date('01-JUN-15','DD-MON-RR'),null,5,349.9,'BYZAHER',to_date('27-AUG-15','DD-MON-RR'),'BYZAHER',to_date('27-AUG-15','DD-MON-RR'));
Insert into ADMINRET.RET_TYPES_PLANS (NUM_TYPE_PLAN,NUM_COMPANY,DES_SERVICE_PLAN,DAT_BEGIN_VALIDITY,DAT_END_VALIDITY,NUM_DAY_PAYMENT_DELAY,VAL_SERVICE_PLAN,COD_LOGIN_INSERT,DAT_RECORD_INSERT,COD_LOGIN_MODIFY,DAT_LAST_MODIFY) values (3,3,'Basico',to_date('01-JUN-15','DD-MON-RR'),null,5,349.9,'BYZAHER',to_date('27-AUG-15','DD-MON-RR'),'BYZAHER',to_date('27-AUG-15','DD-MON-RR'));


Insert into ADMINRET.RET_PAYMENTS_PLANS (NUM_PAYMENT_PLAN,NUM_TYPE_PLAN,NUM_TYPE_PAYMENT,DAT_BEGIN_VALIDITY,DAT_END_VALIDITY,COD_LOGIN_INSERT,DAT_RECORD_INSERT,COD_LOGIN_MODIFY,DAT_LAST_MODIFY,PER_DISCOUNT_PAY_PLAN) values (1,1,1,to_date('01-JUN-15','DD-MON-RR'),null,'BYZAHER',to_date('27-AUG-15','DD-MON-RR'),'BYZAHER',to_date('27-AUG-15','DD-MON-RR'),10);
Insert into ADMINRET.RET_PAYMENTS_PLANS (NUM_PAYMENT_PLAN,NUM_TYPE_PLAN,NUM_TYPE_PAYMENT,DAT_BEGIN_VALIDITY,DAT_END_VALIDITY,COD_LOGIN_INSERT,DAT_RECORD_INSERT,COD_LOGIN_MODIFY,DAT_LAST_MODIFY,PER_DISCOUNT_PAY_PLAN) values (2,2,1,to_date('01-JUN-15','DD-MON-RR'),null,'BYZAHER',to_date('27-AUG-15','DD-MON-RR'),'BYZAHER',to_date('27-AUG-15','DD-MON-RR'),10);
Insert into ADMINRET.RET_PAYMENTS_PLANS (NUM_PAYMENT_PLAN,NUM_TYPE_PLAN,NUM_TYPE_PAYMENT,DAT_BEGIN_VALIDITY,DAT_END_VALIDITY,COD_LOGIN_INSERT,DAT_RECORD_INSERT,COD_LOGIN_MODIFY,DAT_LAST_MODIFY,PER_DISCOUNT_PAY_PLAN) values (3,3,1,to_date('01-JUN-15','DD-MON-RR'),null,'BYZAHER',to_date('27-AUG-15','DD-MON-RR'),'BYZAHER',to_date('27-AUG-15','DD-MON-RR'),10);
Insert into ADMINRET.RET_PAYMENTS_PLANS (NUM_PAYMENT_PLAN,NUM_TYPE_PLAN,NUM_TYPE_PAYMENT,DAT_BEGIN_VALIDITY,DAT_END_VALIDITY,COD_LOGIN_INSERT,DAT_RECORD_INSERT,COD_LOGIN_MODIFY,DAT_LAST_MODIFY,PER_DISCOUNT_PAY_PLAN) values (4,1,2,to_date('01-JUN-15','DD-MON-RR'),null,'BYZAHER',to_date('27-AUG-15','DD-MON-RR'),'BYZAHER',to_date('27-AUG-15','DD-MON-RR'),10);
Insert into ADMINRET.RET_PAYMENTS_PLANS (NUM_PAYMENT_PLAN,NUM_TYPE_PLAN,NUM_TYPE_PAYMENT,DAT_BEGIN_VALIDITY,DAT_END_VALIDITY,COD_LOGIN_INSERT,DAT_RECORD_INSERT,COD_LOGIN_MODIFY,DAT_LAST_MODIFY,PER_DISCOUNT_PAY_PLAN) values (5,2,2,to_date('01-JUN-15','DD-MON-RR'),null,'BYZAHER',to_date('27-AUG-15','DD-MON-RR'),'BYZAHER',to_date('27-AUG-15','DD-MON-RR'),10);
Insert into ADMINRET.RET_PAYMENTS_PLANS (NUM_PAYMENT_PLAN,NUM_TYPE_PLAN,NUM_TYPE_PAYMENT,DAT_BEGIN_VALIDITY,DAT_END_VALIDITY,COD_LOGIN_INSERT,DAT_RECORD_INSERT,COD_LOGIN_MODIFY,DAT_LAST_MODIFY,PER_DISCOUNT_PAY_PLAN) values (6,3,2,to_date('01-JUN-15','DD-MON-RR'),null,'BYZAHER',to_date('27-AUG-15','DD-MON-RR'),'BYZAHER',to_date('27-AUG-15','DD-MON-RR'),10);
Insert into ADMINRET.RET_PAYMENTS_PLANS (NUM_PAYMENT_PLAN,NUM_TYPE_PLAN,NUM_TYPE_PAYMENT,DAT_BEGIN_VALIDITY,DAT_END_VALIDITY,COD_LOGIN_INSERT,DAT_RECORD_INSERT,COD_LOGIN_MODIFY,DAT_LAST_MODIFY,PER_DISCOUNT_PAY_PLAN) values (7,1,3,to_date('01-JUN-15','DD-MON-RR'),null,'BYZAHER',to_date('27-AUG-15','DD-MON-RR'),'BYZAHER',to_date('27-AUG-15','DD-MON-RR'),10);
Insert into ADMINRET.RET_PAYMENTS_PLANS (NUM_PAYMENT_PLAN,NUM_TYPE_PLAN,NUM_TYPE_PAYMENT,DAT_BEGIN_VALIDITY,DAT_END_VALIDITY,COD_LOGIN_INSERT,DAT_RECORD_INSERT,COD_LOGIN_MODIFY,DAT_LAST_MODIFY,PER_DISCOUNT_PAY_PLAN) values (8,2,3,to_date('01-JUN-15','DD-MON-RR'),null,'BYZAHER',to_date('27-AUG-15','DD-MON-RR'),'BYZAHER',to_date('27-AUG-15','DD-MON-RR'),10);
Insert into ADMINRET.RET_PAYMENTS_PLANS (NUM_PAYMENT_PLAN,NUM_TYPE_PLAN,NUM_TYPE_PAYMENT,DAT_BEGIN_VALIDITY,DAT_END_VALIDITY,COD_LOGIN_INSERT,DAT_RECORD_INSERT,COD_LOGIN_MODIFY,DAT_LAST_MODIFY,PER_DISCOUNT_PAY_PLAN) values (9,3,3,to_date('01-JUN-15','DD-MON-RR'),null,'BYZAHER',to_date('27-AUG-15','DD-MON-RR'),'BYZAHER',to_date('27-AUG-15','DD-MON-RR'),10);


Insert into ADMINRET.RET_SUB_TYPES_EXPENSES (NUM_SUB_TYPE_EXPENSE,NUM_TYPE_EXPENSE,DES_SUB_TYPE_EXPENSE,IND_CRED_DEB,DAT_BEGIN_VALIDITY,DAT_END_VALIDITY,COD_LOGIN_INSERT,DAT_RECORD_INSERT,COD_LOGIN_MODIFY,DAT_LAST_MODIFY) values (31,1,'Deposito Cielo','C',to_date('01-AUG-15','DD-MON-RR'),null,'BYZAHER',to_date('29-AUG-15','DD-MON-RR'),'BYZAHER',to_date('29-AUG-15','DD-MON-RR'));
Insert into ADMINRET.RET_SUB_TYPES_EXPENSES (NUM_SUB_TYPE_EXPENSE,NUM_TYPE_EXPENSE,DES_SUB_TYPE_EXPENSE,IND_CRED_DEB,DAT_BEGIN_VALIDITY,DAT_END_VALIDITY,COD_LOGIN_INSERT,DAT_RECORD_INSERT,COD_LOGIN_MODIFY,DAT_LAST_MODIFY) values (32,1,'Deposito Pagseguro','C',to_date('01-AUG-15','DD-MON-RR'),null,'BYZAHER',to_date('29-AUG-15','DD-MON-RR'),'BYZAHER',to_date('29-AUG-15','DD-MON-RR'));
Insert into ADMINRET.RET_SUB_TYPES_EXPENSES (NUM_SUB_TYPE_EXPENSE,NUM_TYPE_EXPENSE,DES_SUB_TYPE_EXPENSE,IND_CRED_DEB,DAT_BEGIN_VALIDITY,DAT_END_VALIDITY,COD_LOGIN_INSERT,DAT_RECORD_INSERT,COD_LOGIN_MODIFY,DAT_LAST_MODIFY) values (33,1,'Deposito Contas Externas','C',to_date('01-AUG-15','DD-MON-RR'),null,'BYZAHER',to_date('29-AUG-15','DD-MON-RR'),'BYZAHER',to_date('29-AUG-15','DD-MON-RR'));
Insert into ADMINRET.RET_SUB_TYPES_EXPENSES (NUM_SUB_TYPE_EXPENSE,NUM_TYPE_EXPENSE,DES_SUB_TYPE_EXPENSE,IND_CRED_DEB,DAT_BEGIN_VALIDITY,DAT_END_VALIDITY,COD_LOGIN_INSERT,DAT_RECORD_INSERT,COD_LOGIN_MODIFY,DAT_LAST_MODIFY) values (34,1,'Deposito Boleto BB','C',to_date('01-AUG-15','DD-MON-RR'),null,'BYZAHER',to_date('29-AUG-15','DD-MON-RR'),'BYZAHER',to_date('29-AUG-15','DD-MON-RR'));
Insert into ADMINRET.RET_SUB_TYPES_EXPENSES (NUM_SUB_TYPE_EXPENSE,NUM_TYPE_EXPENSE,DES_SUB_TYPE_EXPENSE,IND_CRED_DEB,DAT_BEGIN_VALIDITY,DAT_END_VALIDITY,COD_LOGIN_INSERT,DAT_RECORD_INSERT,COD_LOGIN_MODIFY,DAT_LAST_MODIFY) values (46,1,'Taxas CJ','D',to_date('01-AUG-15','DD-MON-RR'),null,'BYZAHER',to_date('29-AUG-15','DD-MON-RR'),'BYZAHER',to_date('29-AUG-15','DD-MON-RR'));
Insert into ADMINRET.RET_SUB_TYPES_EXPENSES (NUM_SUB_TYPE_EXPENSE,NUM_TYPE_EXPENSE,DES_SUB_TYPE_EXPENSE,IND_CRED_DEB,DAT_BEGIN_VALIDITY,DAT_END_VALIDITY,COD_LOGIN_INSERT,DAT_RECORD_INSERT,COD_LOGIN_MODIFY,DAT_LAST_MODIFY) values (47,1,'Mensalidade CJ','D',to_date('01-AUG-15','DD-MON-RR'),null,'BYZAHER',to_date('29-AUG-15','DD-MON-RR'),'BYZAHER',to_date('29-AUG-15','DD-MON-RR'));
Insert into ADMINRET.RET_SUB_TYPES_EXPENSES (NUM_SUB_TYPE_EXPENSE,NUM_TYPE_EXPENSE,DES_SUB_TYPE_EXPENSE,IND_CRED_DEB,DAT_BEGIN_VALIDITY,DAT_END_VALIDITY,COD_LOGIN_INSERT,DAT_RECORD_INSERT,COD_LOGIN_MODIFY,DAT_LAST_MODIFY) values (48,1,'Retirada de CC','D',to_date('01-AUG-15','DD-MON-RR'),null,'BYZAHER',to_date('29-AUG-15','DD-MON-RR'),'BYZAHER',to_date('29-AUG-15','DD-MON-RR'));
Insert into ADMINRET.RET_SUB_TYPES_EXPENSES (NUM_SUB_TYPE_EXPENSE,NUM_TYPE_EXPENSE,DES_SUB_TYPE_EXPENSE,IND_CRED_DEB,DAT_BEGIN_VALIDITY,DAT_END_VALIDITY,COD_LOGIN_INSERT,DAT_RECORD_INSERT,COD_LOGIN_MODIFY,DAT_LAST_MODIFY) values (49,1,'Deposito CC','C',to_date('01-AUG-15','DD-MON-RR'),null,'BYZAHER',to_date('29-AUG-15','DD-MON-RR'),'BYZAHER',to_date('29-AUG-15','DD-MON-RR'));
Insert into ADMINRET.RET_SUB_TYPES_EXPENSES (NUM_SUB_TYPE_EXPENSE,NUM_TYPE_EXPENSE,DES_SUB_TYPE_EXPENSE,IND_CRED_DEB,DAT_BEGIN_VALIDITY,DAT_END_VALIDITY,COD_LOGIN_INSERT,DAT_RECORD_INSERT,COD_LOGIN_MODIFY,DAT_LAST_MODIFY) values (13,3,'Comissões sobre venda','D',to_date('01-AUG-15','DD-MON-RR'),null,'BYZAHER',to_date('29-AUG-15','DD-MON-RR'),'BYZAHER',to_date('29-AUG-15','DD-MON-RR'));
Insert into ADMINRET.RET_SUB_TYPES_EXPENSES (NUM_SUB_TYPE_EXPENSE,NUM_TYPE_EXPENSE,DES_SUB_TYPE_EXPENSE,IND_CRED_DEB,DAT_BEGIN_VALIDITY,DAT_END_VALIDITY,COD_LOGIN_INSERT,DAT_RECORD_INSERT,COD_LOGIN_MODIFY,DAT_LAST_MODIFY) values (14,3,'INSS','D',to_date('01-AUG-15','DD-MON-RR'),null,'BYZAHER',to_date('29-AUG-15','DD-MON-RR'),'BYZAHER',to_date('29-AUG-15','DD-MON-RR'));
Insert into ADMINRET.RET_SUB_TYPES_EXPENSES (NUM_SUB_TYPE_EXPENSE,NUM_TYPE_EXPENSE,DES_SUB_TYPE_EXPENSE,IND_CRED_DEB,DAT_BEGIN_VALIDITY,DAT_END_VALIDITY,COD_LOGIN_INSERT,DAT_RECORD_INSERT,COD_LOGIN_MODIFY,DAT_LAST_MODIFY) values (15,3,'FGTS','D',to_date('01-AUG-15','DD-MON-RR'),null,'BYZAHER',to_date('29-AUG-15','DD-MON-RR'),'BYZAHER',to_date('29-AUG-15','DD-MON-RR'));
Insert into ADMINRET.RET_SUB_TYPES_EXPENSES (NUM_SUB_TYPE_EXPENSE,NUM_TYPE_EXPENSE,DES_SUB_TYPE_EXPENSE,IND_CRED_DEB,DAT_BEGIN_VALIDITY,DAT_END_VALIDITY,COD_LOGIN_INSERT,DAT_RECORD_INSERT,COD_LOGIN_MODIFY,DAT_LAST_MODIFY) values (16,3,'Salario Base','D',to_date('01-AUG-15','DD-MON-RR'),null,'BYZAHER',to_date('29-AUG-15','DD-MON-RR'),'BYZAHER',to_date('29-AUG-15','DD-MON-RR'));
Insert into ADMINRET.RET_SUB_TYPES_EXPENSES (NUM_SUB_TYPE_EXPENSE,NUM_TYPE_EXPENSE,DES_SUB_TYPE_EXPENSE,IND_CRED_DEB,DAT_BEGIN_VALIDITY,DAT_END_VALIDITY,COD_LOGIN_INSERT,DAT_RECORD_INSERT,COD_LOGIN_MODIFY,DAT_LAST_MODIFY) values (37,3,'Vale Transporte','D',to_date('01-AUG-15','DD-MON-RR'),null,'BYZAHER',to_date('29-AUG-15','DD-MON-RR'),'BYZAHER',to_date('29-AUG-15','DD-MON-RR'));
Insert into ADMINRET.RET_SUB_TYPES_EXPENSES (NUM_SUB_TYPE_EXPENSE,NUM_TYPE_EXPENSE,DES_SUB_TYPE_EXPENSE,IND_CRED_DEB,DAT_BEGIN_VALIDITY,DAT_END_VALIDITY,COD_LOGIN_INSERT,DAT_RECORD_INSERT,COD_LOGIN_MODIFY,DAT_LAST_MODIFY) values (38,3,'Contribuição Assistencial','D',to_date('01-AUG-15','DD-MON-RR'),null,'BYZAHER',to_date('29-AUG-15','DD-MON-RR'),'BYZAHER',to_date('29-AUG-15','DD-MON-RR'));
Insert into ADMINRET.RET_SUB_TYPES_EXPENSES (NUM_SUB_TYPE_EXPENSE,NUM_TYPE_EXPENSE,DES_SUB_TYPE_EXPENSE,IND_CRED_DEB,DAT_BEGIN_VALIDITY,DAT_END_VALIDITY,COD_LOGIN_INSERT,DAT_RECORD_INSERT,COD_LOGIN_MODIFY,DAT_LAST_MODIFY) values (39,3,'Imposto de Renda','D',to_date('01-AUG-15','DD-MON-RR'),null,'BYZAHER',to_date('29-AUG-15','DD-MON-RR'),'BYZAHER',to_date('29-AUG-15','DD-MON-RR'));
Insert into ADMINRET.RET_SUB_TYPES_EXPENSES (NUM_SUB_TYPE_EXPENSE,NUM_TYPE_EXPENSE,DES_SUB_TYPE_EXPENSE,IND_CRED_DEB,DAT_BEGIN_VALIDITY,DAT_END_VALIDITY,COD_LOGIN_INSERT,DAT_RECORD_INSERT,COD_LOGIN_MODIFY,DAT_LAST_MODIFY) values (40,3,'Ferias Remuneradas','D',to_date('01-AUG-15','DD-MON-RR'),null,'BYZAHER',to_date('29-AUG-15','DD-MON-RR'),'BYZAHER',to_date('29-AUG-15','DD-MON-RR'));
Insert into ADMINRET.RET_SUB_TYPES_EXPENSES (NUM_SUB_TYPE_EXPENSE,NUM_TYPE_EXPENSE,DES_SUB_TYPE_EXPENSE,IND_CRED_DEB,DAT_BEGIN_VALIDITY,DAT_END_VALIDITY,COD_LOGIN_INSERT,DAT_RECORD_INSERT,COD_LOGIN_MODIFY,DAT_LAST_MODIFY) values (45,3,'Ajuda de Custo','D',to_date('01-AUG-15','DD-MON-RR'),null,'BYZAHER',to_date('29-AUG-15','DD-MON-RR'),'BYZAHER',to_date('29-AUG-15','DD-MON-RR'));
Insert into ADMINRET.RET_SUB_TYPES_EXPENSES (NUM_SUB_TYPE_EXPENSE,NUM_TYPE_EXPENSE,DES_SUB_TYPE_EXPENSE,IND_CRED_DEB,DAT_BEGIN_VALIDITY,DAT_END_VALIDITY,COD_LOGIN_INSERT,DAT_RECORD_INSERT,COD_LOGIN_MODIFY,DAT_LAST_MODIFY) values (17,6,'Ação de Panfletagem Direcionada','D',to_date('01-AUG-15','DD-MON-RR'),null,'BYZAHER',to_date('29-AUG-15','DD-MON-RR'),'BYZAHER',to_date('29-AUG-15','DD-MON-RR'));
Insert into ADMINRET.RET_SUB_TYPES_EXPENSES (NUM_SUB_TYPE_EXPENSE,NUM_TYPE_EXPENSE,DES_SUB_TYPE_EXPENSE,IND_CRED_DEB,DAT_BEGIN_VALIDITY,DAT_END_VALIDITY,COD_LOGIN_INSERT,DAT_RECORD_INSERT,COD_LOGIN_MODIFY,DAT_LAST_MODIFY) values (18,6,'Google Ads','D',to_date('01-AUG-15','DD-MON-RR'),null,'BYZAHER',to_date('29-AUG-15','DD-MON-RR'),'BYZAHER',to_date('29-AUG-15','DD-MON-RR'));
Insert into ADMINRET.RET_SUB_TYPES_EXPENSES (NUM_SUB_TYPE_EXPENSE,NUM_TYPE_EXPENSE,DES_SUB_TYPE_EXPENSE,IND_CRED_DEB,DAT_BEGIN_VALIDITY,DAT_END_VALIDITY,COD_LOGIN_INSERT,DAT_RECORD_INSERT,COD_LOGIN_MODIFY,DAT_LAST_MODIFY) values (19,6,'Facebook','D',to_date('01-AUG-15','DD-MON-RR'),null,'BYZAHER',to_date('29-AUG-15','DD-MON-RR'),'BYZAHER',to_date('29-AUG-15','DD-MON-RR'));
Insert into ADMINRET.RET_SUB_TYPES_EXPENSES (NUM_SUB_TYPE_EXPENSE,NUM_TYPE_EXPENSE,DES_SUB_TYPE_EXPENSE,IND_CRED_DEB,DAT_BEGIN_VALIDITY,DAT_END_VALIDITY,COD_LOGIN_INSERT,DAT_RECORD_INSERT,COD_LOGIN_MODIFY,DAT_LAST_MODIFY) values (20,6,'INFO TV','D',to_date('01-AUG-15','DD-MON-RR'),null,'BYZAHER',to_date('29-AUG-15','DD-MON-RR'),'BYZAHER',to_date('29-AUG-15','DD-MON-RR'));
Insert into ADMINRET.RET_SUB_TYPES_EXPENSES (NUM_SUB_TYPE_EXPENSE,NUM_TYPE_EXPENSE,DES_SUB_TYPE_EXPENSE,IND_CRED_DEB,DAT_BEGIN_VALIDITY,DAT_END_VALIDITY,COD_LOGIN_INSERT,DAT_RECORD_INSERT,COD_LOGIN_MODIFY,DAT_LAST_MODIFY) values (21,6,'Banners','D',to_date('01-AUG-15','DD-MON-RR'),null,'BYZAHER',to_date('29-AUG-15','DD-MON-RR'),'BYZAHER',to_date('29-AUG-15','DD-MON-RR'));
Insert into ADMINRET.RET_SUB_TYPES_EXPENSES (NUM_SUB_TYPE_EXPENSE,NUM_TYPE_EXPENSE,DES_SUB_TYPE_EXPENSE,IND_CRED_DEB,DAT_BEGIN_VALIDITY,DAT_END_VALIDITY,COD_LOGIN_INSERT,DAT_RECORD_INSERT,COD_LOGIN_MODIFY,DAT_LAST_MODIFY) values (22,6,'Envio de SMS','D',to_date('01-AUG-15','DD-MON-RR'),null,'BYZAHER',to_date('29-AUG-15','DD-MON-RR'),'BYZAHER',to_date('29-AUG-15','DD-MON-RR'));
Insert into ADMINRET.RET_SUB_TYPES_EXPENSES (NUM_SUB_TYPE_EXPENSE,NUM_TYPE_EXPENSE,DES_SUB_TYPE_EXPENSE,IND_CRED_DEB,DAT_BEGIN_VALIDITY,DAT_END_VALIDITY,COD_LOGIN_INSERT,DAT_RECORD_INSERT,COD_LOGIN_MODIFY,DAT_LAST_MODIFY) values (35,6,'Patrocíncio de Oferats','D',to_date('01-AUG-15','DD-MON-RR'),null,'BYZAHER',to_date('29-AUG-15','DD-MON-RR'),'BYZAHER',to_date('29-AUG-15','DD-MON-RR'));
Insert into ADMINRET.RET_SUB_TYPES_EXPENSES (NUM_SUB_TYPE_EXPENSE,NUM_TYPE_EXPENSE,DES_SUB_TYPE_EXPENSE,IND_CRED_DEB,DAT_BEGIN_VALIDITY,DAT_END_VALIDITY,COD_LOGIN_INSERT,DAT_RECORD_INSERT,COD_LOGIN_MODIFY,DAT_LAST_MODIFY) values (36,6,'Patrocíncio de Sorteio','D',to_date('01-AUG-15','DD-MON-RR'),null,'BYZAHER',to_date('29-AUG-15','DD-MON-RR'),'BYZAHER',to_date('29-AUG-15','DD-MON-RR'));
Insert into ADMINRET.RET_SUB_TYPES_EXPENSES (NUM_SUB_TYPE_EXPENSE,NUM_TYPE_EXPENSE,DES_SUB_TYPE_EXPENSE,IND_CRED_DEB,DAT_BEGIN_VALIDITY,DAT_END_VALIDITY,COD_LOGIN_INSERT,DAT_RECORD_INSERT,COD_LOGIN_MODIFY,DAT_LAST_MODIFY) values (23,14,'Combustivel','D',to_date('01-AUG-15','DD-MON-RR'),null,'BYZAHER',to_date('29-AUG-15','DD-MON-RR'),'BYZAHER',to_date('29-AUG-15','DD-MON-RR'));
Insert into ADMINRET.RET_SUB_TYPES_EXPENSES (NUM_SUB_TYPE_EXPENSE,NUM_TYPE_EXPENSE,DES_SUB_TYPE_EXPENSE,IND_CRED_DEB,DAT_BEGIN_VALIDITY,DAT_END_VALIDITY,COD_LOGIN_INSERT,DAT_RECORD_INSERT,COD_LOGIN_MODIFY,DAT_LAST_MODIFY) values (24,14,'Estacionamento','D',to_date('01-AUG-15','DD-MON-RR'),null,'BYZAHER',to_date('29-AUG-15','DD-MON-RR'),'BYZAHER',to_date('29-AUG-15','DD-MON-RR'));
Insert into ADMINRET.RET_SUB_TYPES_EXPENSES (NUM_SUB_TYPE_EXPENSE,NUM_TYPE_EXPENSE,DES_SUB_TYPE_EXPENSE,IND_CRED_DEB,DAT_BEGIN_VALIDITY,DAT_END_VALIDITY,COD_LOGIN_INSERT,DAT_RECORD_INSERT,COD_LOGIN_MODIFY,DAT_LAST_MODIFY) values (25,14,'Refeições','D',to_date('01-AUG-15','DD-MON-RR'),null,'BYZAHER',to_date('29-AUG-15','DD-MON-RR'),'BYZAHER',to_date('29-AUG-15','DD-MON-RR'));
Insert into ADMINRET.RET_SUB_TYPES_EXPENSES (NUM_SUB_TYPE_EXPENSE,NUM_TYPE_EXPENSE,DES_SUB_TYPE_EXPENSE,IND_CRED_DEB,DAT_BEGIN_VALIDITY,DAT_END_VALIDITY,COD_LOGIN_INSERT,DAT_RECORD_INSERT,COD_LOGIN_MODIFY,DAT_LAST_MODIFY) values (26,14,'Celular','D',to_date('01-AUG-15','DD-MON-RR'),null,'BYZAHER',to_date('29-AUG-15','DD-MON-RR'),'BYZAHER',to_date('29-AUG-15','DD-MON-RR'));
Insert into ADMINRET.RET_SUB_TYPES_EXPENSES (NUM_SUB_TYPE_EXPENSE,NUM_TYPE_EXPENSE,DES_SUB_TYPE_EXPENSE,IND_CRED_DEB,DAT_BEGIN_VALIDITY,DAT_END_VALIDITY,COD_LOGIN_INSERT,DAT_RECORD_INSERT,COD_LOGIN_MODIFY,DAT_LAST_MODIFY) values (27,14,'Papelaria','D',to_date('01-AUG-15','DD-MON-RR'),null,'BYZAHER',to_date('29-AUG-15','DD-MON-RR'),'BYZAHER',to_date('29-AUG-15','DD-MON-RR'));
Insert into ADMINRET.RET_SUB_TYPES_EXPENSES (NUM_SUB_TYPE_EXPENSE,NUM_TYPE_EXPENSE,DES_SUB_TYPE_EXPENSE,IND_CRED_DEB,DAT_BEGIN_VALIDITY,DAT_END_VALIDITY,COD_LOGIN_INSERT,DAT_RECORD_INSERT,COD_LOGIN_MODIFY,DAT_LAST_MODIFY) values (28,14,'Correio Sedex ','D',to_date('01-AUG-15','DD-MON-RR'),null,'BYZAHER',to_date('29-AUG-15','DD-MON-RR'),'BYZAHER',to_date('29-AUG-15','DD-MON-RR'));
Insert into ADMINRET.RET_SUB_TYPES_EXPENSES (NUM_SUB_TYPE_EXPENSE,NUM_TYPE_EXPENSE,DES_SUB_TYPE_EXPENSE,IND_CRED_DEB,DAT_BEGIN_VALIDITY,DAT_END_VALIDITY,COD_LOGIN_INSERT,DAT_RECORD_INSERT,COD_LOGIN_MODIFY,DAT_LAST_MODIFY) values (29,14,'Cartorio','D',to_date('01-AUG-15','DD-MON-RR'),null,'BYZAHER',to_date('29-AUG-15','DD-MON-RR'),'BYZAHER',to_date('29-AUG-15','DD-MON-RR'));
Insert into ADMINRET.RET_SUB_TYPES_EXPENSES (NUM_SUB_TYPE_EXPENSE,NUM_TYPE_EXPENSE,DES_SUB_TYPE_EXPENSE,IND_CRED_DEB,DAT_BEGIN_VALIDITY,DAT_END_VALIDITY,COD_LOGIN_INSERT,DAT_RECORD_INSERT,COD_LOGIN_MODIFY,DAT_LAST_MODIFY) values (30,14,'Gráfica','D',to_date('01-AUG-15','DD-MON-RR'),null,'BYZAHER',to_date('29-AUG-15','DD-MON-RR'),'BYZAHER',to_date('29-AUG-15','DD-MON-RR'));
Insert into ADMINRET.RET_SUB_TYPES_EXPENSES (NUM_SUB_TYPE_EXPENSE,NUM_TYPE_EXPENSE,DES_SUB_TYPE_EXPENSE,IND_CRED_DEB,DAT_BEGIN_VALIDITY,DAT_END_VALIDITY,COD_LOGIN_INSERT,DAT_RECORD_INSERT,COD_LOGIN_MODIFY,DAT_LAST_MODIFY) values (1,16,'Aluguel Escritório','D',to_date('01-AUG-15','DD-MON-RR'),null,'BYZAHER',to_date('29-AUG-15','DD-MON-RR'),'BYZAHER',to_date('29-AUG-15','DD-MON-RR'));
Insert into ADMINRET.RET_SUB_TYPES_EXPENSES (NUM_SUB_TYPE_EXPENSE,NUM_TYPE_EXPENSE,DES_SUB_TYPE_EXPENSE,IND_CRED_DEB,DAT_BEGIN_VALIDITY,DAT_END_VALIDITY,COD_LOGIN_INSERT,DAT_RECORD_INSERT,COD_LOGIN_MODIFY,DAT_LAST_MODIFY) values (2,16,'Condomínio','D',to_date('01-AUG-15','DD-MON-RR'),null,'BYZAHER',to_date('29-AUG-15','DD-MON-RR'),'BYZAHER',to_date('29-AUG-15','DD-MON-RR'));
Insert into ADMINRET.RET_SUB_TYPES_EXPENSES (NUM_SUB_TYPE_EXPENSE,NUM_TYPE_EXPENSE,DES_SUB_TYPE_EXPENSE,IND_CRED_DEB,DAT_BEGIN_VALIDITY,DAT_END_VALIDITY,COD_LOGIN_INSERT,DAT_RECORD_INSERT,COD_LOGIN_MODIFY,DAT_LAST_MODIFY) values (4,16,'Telefone e Net','D',to_date('01-AUG-15','DD-MON-RR'),null,'BYZAHER',to_date('29-AUG-15','DD-MON-RR'),'BYZAHER',to_date('29-AUG-15','DD-MON-RR'));
Insert into ADMINRET.RET_SUB_TYPES_EXPENSES (NUM_SUB_TYPE_EXPENSE,NUM_TYPE_EXPENSE,DES_SUB_TYPE_EXPENSE,IND_CRED_DEB,DAT_BEGIN_VALIDITY,DAT_END_VALIDITY,COD_LOGIN_INSERT,DAT_RECORD_INSERT,COD_LOGIN_MODIFY,DAT_LAST_MODIFY) values (5,16,'Electreicidade','D',to_date('01-AUG-15','DD-MON-RR'),null,'BYZAHER',to_date('29-AUG-15','DD-MON-RR'),'BYZAHER',to_date('29-AUG-15','DD-MON-RR'));
Insert into ADMINRET.RET_SUB_TYPES_EXPENSES (NUM_SUB_TYPE_EXPENSE,NUM_TYPE_EXPENSE,DES_SUB_TYPE_EXPENSE,IND_CRED_DEB,DAT_BEGIN_VALIDITY,DAT_END_VALIDITY,COD_LOGIN_INSERT,DAT_RECORD_INSERT,COD_LOGIN_MODIFY,DAT_LAST_MODIFY) values (7,16,'Franquia','D',to_date('01-AUG-15','DD-MON-RR'),null,'BYZAHER',to_date('29-AUG-15','DD-MON-RR'),'BYZAHER',to_date('29-AUG-15','DD-MON-RR'));
Insert into ADMINRET.RET_SUB_TYPES_EXPENSES (NUM_SUB_TYPE_EXPENSE,NUM_TYPE_EXPENSE,DES_SUB_TYPE_EXPENSE,IND_CRED_DEB,DAT_BEGIN_VALIDITY,DAT_END_VALIDITY,COD_LOGIN_INSERT,DAT_RECORD_INSERT,COD_LOGIN_MODIFY,DAT_LAST_MODIFY) values (8,16,'IW2','D',to_date('01-AUG-15','DD-MON-RR'),null,'BYZAHER',to_date('29-AUG-15','DD-MON-RR'),'BYZAHER',to_date('29-AUG-15','DD-MON-RR'));
Insert into ADMINRET.RET_SUB_TYPES_EXPENSES (NUM_SUB_TYPE_EXPENSE,NUM_TYPE_EXPENSE,DES_SUB_TYPE_EXPENSE,IND_CRED_DEB,DAT_BEGIN_VALIDITY,DAT_END_VALIDITY,COD_LOGIN_INSERT,DAT_RECORD_INSERT,COD_LOGIN_MODIFY,DAT_LAST_MODIFY) values (9,16,'Alugue Maquina Cielo','D',to_date('01-AUG-15','DD-MON-RR'),null,'BYZAHER',to_date('29-AUG-15','DD-MON-RR'),'BYZAHER',to_date('29-AUG-15','DD-MON-RR'));
Insert into ADMINRET.RET_SUB_TYPES_EXPENSES (NUM_SUB_TYPE_EXPENSE,NUM_TYPE_EXPENSE,DES_SUB_TYPE_EXPENSE,IND_CRED_DEB,DAT_BEGIN_VALIDITY,DAT_END_VALIDITY,COD_LOGIN_INSERT,DAT_RECORD_INSERT,COD_LOGIN_MODIFY,DAT_LAST_MODIFY) values (10,16,'Outros','D',to_date('01-AUG-15','DD-MON-RR'),null,'BYZAHER',to_date('29-AUG-15','DD-MON-RR'),'BYZAHER',to_date('29-AUG-15','DD-MON-RR'));
Insert into ADMINRET.RET_SUB_TYPES_EXPENSES (NUM_SUB_TYPE_EXPENSE,NUM_TYPE_EXPENSE,DES_SUB_TYPE_EXPENSE,IND_CRED_DEB,DAT_BEGIN_VALIDITY,DAT_END_VALIDITY,COD_LOGIN_INSERT,DAT_RECORD_INSERT,COD_LOGIN_MODIFY,DAT_LAST_MODIFY) values (11,16,'Webdesigner Suricates','D',to_date('01-AUG-15','DD-MON-RR'),null,'BYZAHER',to_date('29-AUG-15','DD-MON-RR'),'BYZAHER',to_date('29-AUG-15','DD-MON-RR'));
Insert into ADMINRET.RET_SUB_TYPES_EXPENSES (NUM_SUB_TYPE_EXPENSE,NUM_TYPE_EXPENSE,DES_SUB_TYPE_EXPENSE,IND_CRED_DEB,DAT_BEGIN_VALIDITY,DAT_END_VALIDITY,COD_LOGIN_INSERT,DAT_RECORD_INSERT,COD_LOGIN_MODIFY,DAT_LAST_MODIFY) values (12,16,'Contador','D',to_date('01-AUG-15','DD-MON-RR'),null,'BYZAHER',to_date('29-AUG-15','DD-MON-RR'),'BYZAHER',to_date('29-AUG-15','DD-MON-RR'));


Insert into ADMINRET.RET_CLIENTS_COMPANIES (NUM_CLIENT_COMPANY,NUM_TYPE_COMP_ACTIVITY,NUM_COMPANY,IND_TYPE_CADASTRAL,IND_TYPE_INTEREST,DAT_REGISTRATION,NAM_CLIENT_COMPANY,NUM_EMPLOYEE_RESP_CLI,IND_ACTIVE,COD_IDENTITY_FEDERAL,NAM_CLIENT_RESP,NUM_TYPE_JOB_RESP,DAT_BIRTH_RESP,DES_EMAIL_RESP,DES_SITE_CLIENT,NUM_DDI_LANDLINE,NUM_DDD_LANDLINE,NUM_TELEFONE_LANDLINE,NUM_DDI_MOBILE,NUM_DDD_MOBILE,NUM_TELEFONE_MOBILE,NUM_ZIP_CODE,NUM_SEQ_ZIP_CODE,NAM_ADDRESS,NUM_ADDRESS,DES_COMPLEMENT_ADDRESS,DES_OBSERVATION,COD_LOGIN_INSERT,DAT_RECORD_INSERT,COD_LOGIN_MODIFY,DAT_LAST_MODIFY) values (1,1,3,'C','H',to_date('20-AUG-15','DD-MON-RR'),'Floripratas',1,'Y',null,null,null,null,null,null,null,null,null,null,null,null,null,null,null,null,null,null,'BYZAHER',to_date('27-AUG-15','DD-MON-RR'),'BYZAHER',to_date('27-AUG-15','DD-MON-RR'));
Insert into ADMINRET.RET_CLIENTS_COMPANIES (NUM_CLIENT_COMPANY,NUM_TYPE_COMP_ACTIVITY,NUM_COMPANY,IND_TYPE_CADASTRAL,IND_TYPE_INTEREST,DAT_REGISTRATION,NAM_CLIENT_COMPANY,NUM_EMPLOYEE_RESP_CLI,IND_ACTIVE,COD_IDENTITY_FEDERAL,NAM_CLIENT_RESP,NUM_TYPE_JOB_RESP,DAT_BIRTH_RESP,DES_EMAIL_RESP,DES_SITE_CLIENT,NUM_DDI_LANDLINE,NUM_DDD_LANDLINE,NUM_TELEFONE_LANDLINE,NUM_DDI_MOBILE,NUM_DDD_MOBILE,NUM_TELEFONE_MOBILE,NUM_ZIP_CODE,NUM_SEQ_ZIP_CODE,NAM_ADDRESS,NUM_ADDRESS,DES_COMPLEMENT_ADDRESS,DES_OBSERVATION,COD_LOGIN_INSERT,DAT_RECORD_INSERT,COD_LOGIN_MODIFY,DAT_LAST_MODIFY) values (2,1,3,'C','H',to_date('20-AUG-15','DD-MON-RR'),'Divina Cereja',1,'Y',null,null,null,null,null,null,null,null,null,null,null,null,null,null,null,null,null,null,'BYZAHER',to_date('27-AUG-15','DD-MON-RR'),'BYZAHER',to_date('27-AUG-15','DD-MON-RR'));
Insert into ADMINRET.RET_CLIENTS_COMPANIES (NUM_CLIENT_COMPANY,NUM_TYPE_COMP_ACTIVITY,NUM_COMPANY,IND_TYPE_CADASTRAL,IND_TYPE_INTEREST,DAT_REGISTRATION,NAM_CLIENT_COMPANY,NUM_EMPLOYEE_RESP_CLI,IND_ACTIVE,COD_IDENTITY_FEDERAL,NAM_CLIENT_RESP,NUM_TYPE_JOB_RESP,DAT_BIRTH_RESP,DES_EMAIL_RESP,DES_SITE_CLIENT,NUM_DDI_LANDLINE,NUM_DDD_LANDLINE,NUM_TELEFONE_LANDLINE,NUM_DDI_MOBILE,NUM_DDD_MOBILE,NUM_TELEFONE_MOBILE,NUM_ZIP_CODE,NUM_SEQ_ZIP_CODE,NAM_ADDRESS,NUM_ADDRESS,DES_COMPLEMENT_ADDRESS,DES_OBSERVATION,COD_LOGIN_INSERT,DAT_RECORD_INSERT,COD_LOGIN_MODIFY,DAT_LAST_MODIFY) values (3,1,3,'C','H',to_date('20-AUG-15','DD-MON-RR'),'Parma Pizza',1,'Y',null,null,null,null,null,null,null,null,null,null,null,null,null,null,null,null,null,null,'BYZAHER',to_date('27-AUG-15','DD-MON-RR'),'BYZAHER',to_date('27-AUG-15','DD-MON-RR'));
Insert into ADMINRET.RET_CLIENTS_COMPANIES (NUM_CLIENT_COMPANY,NUM_TYPE_COMP_ACTIVITY,NUM_COMPANY,IND_TYPE_CADASTRAL,IND_TYPE_INTEREST,DAT_REGISTRATION,NAM_CLIENT_COMPANY,NUM_EMPLOYEE_RESP_CLI,IND_ACTIVE,COD_IDENTITY_FEDERAL,NAM_CLIENT_RESP,NUM_TYPE_JOB_RESP,DAT_BIRTH_RESP,DES_EMAIL_RESP,DES_SITE_CLIENT,NUM_DDI_LANDLINE,NUM_DDD_LANDLINE,NUM_TELEFONE_LANDLINE,NUM_DDI_MOBILE,NUM_DDD_MOBILE,NUM_TELEFONE_MOBILE,NUM_ZIP_CODE,NUM_SEQ_ZIP_CODE,NAM_ADDRESS,NUM_ADDRESS,DES_COMPLEMENT_ADDRESS,DES_OBSERVATION,COD_LOGIN_INSERT,DAT_RECORD_INSERT,COD_LOGIN_MODIFY,DAT_LAST_MODIFY) values (4,1,3,'C','H',to_date('20-AUG-15','DD-MON-RR'),'Atelie Natura',1,'Y',null,null,null,null,null,null,null,null,null,null,null,null,null,null,null,null,null,null,'BYZAHER',to_date('27-AUG-15','DD-MON-RR'),'BYZAHER',to_date('27-AUG-15','DD-MON-RR'));
Insert into ADMINRET.RET_CLIENTS_COMPANIES (NUM_CLIENT_COMPANY,NUM_TYPE_COMP_ACTIVITY,NUM_COMPANY,IND_TYPE_CADASTRAL,IND_TYPE_INTEREST,DAT_REGISTRATION,NAM_CLIENT_COMPANY,NUM_EMPLOYEE_RESP_CLI,IND_ACTIVE,COD_IDENTITY_FEDERAL,NAM_CLIENT_RESP,NUM_TYPE_JOB_RESP,DAT_BIRTH_RESP,DES_EMAIL_RESP,DES_SITE_CLIENT,NUM_DDI_LANDLINE,NUM_DDD_LANDLINE,NUM_TELEFONE_LANDLINE,NUM_DDI_MOBILE,NUM_DDD_MOBILE,NUM_TELEFONE_MOBILE,NUM_ZIP_CODE,NUM_SEQ_ZIP_CODE,NAM_ADDRESS,NUM_ADDRESS,DES_COMPLEMENT_ADDRESS,DES_OBSERVATION,COD_LOGIN_INSERT,DAT_RECORD_INSERT,COD_LOGIN_MODIFY,DAT_LAST_MODIFY) values (5,1,3,'C','H',to_date('20-AUG-15','DD-MON-RR'),'Direto da Fruta',1,'Y',null,null,null,null,null,null,null,null,null,null,null,null,null,null,null,null,null,null,'BYZAHER',to_date('27-AUG-15','DD-MON-RR'),'BYZAHER',to_date('27-AUG-15','DD-MON-RR'));
Insert into ADMINRET.RET_CLIENTS_COMPANIES (NUM_CLIENT_COMPANY,NUM_TYPE_COMP_ACTIVITY,NUM_COMPANY,IND_TYPE_CADASTRAL,IND_TYPE_INTEREST,DAT_REGISTRATION,NAM_CLIENT_COMPANY,NUM_EMPLOYEE_RESP_CLI,IND_ACTIVE,COD_IDENTITY_FEDERAL,NAM_CLIENT_RESP,NUM_TYPE_JOB_RESP,DAT_BIRTH_RESP,DES_EMAIL_RESP,DES_SITE_CLIENT,NUM_DDI_LANDLINE,NUM_DDD_LANDLINE,NUM_TELEFONE_LANDLINE,NUM_DDI_MOBILE,NUM_DDD_MOBILE,NUM_TELEFONE_MOBILE,NUM_ZIP_CODE,NUM_SEQ_ZIP_CODE,NAM_ADDRESS,NUM_ADDRESS,DES_COMPLEMENT_ADDRESS,DES_OBSERVATION,COD_LOGIN_INSERT,DAT_RECORD_INSERT,COD_LOGIN_MODIFY,DAT_LAST_MODIFY) values (6,1,3,'C','H',to_date('20-AUG-15','DD-MON-RR'),'????',1,'Y',null,null,null,null,null,null,null,null,null,null,null,null,null,null,null,null,null,null,'BYZAHER',to_date('27-AUG-15','DD-MON-RR'),'BYZAHER',to_date('27-AUG-15','DD-MON-RR'));

Insert into ADMINRET.RET_COMPANIES_CONTRACTS (NUM_COMPANY_CONTRACT,DAT_CONTRACT,NUM_CLIENT_COMPANY,NUM_PAYMENT_PLAN,NUM_TYPE_DISCOUNT,DAT_BEGIN_VALIDITY,DAT_END_VALIDITY,IND_MONDAY_OFFER,IND_TUESDAY_OFFER,IND_WEDNESDAY_OFFER,IND_THURSDAY_OFFER,IND_FRIDAY_OFFER,IND_SATURDAY_OFFER,IND_SUNDAY_OFFER,VAL_LIMIT_OFFER,VAL_FROM_OFFER,VAL_TO_OFFER,QUT_LIMIT_USERS,DES_EMAIL_BILLING,NUM_PREVIOUS_CONTRACT,DAT_CANCELLATION,NAM_USER_CANCELLATION,DES_JUSTIFICATION_CANCELLATION,DAT_NEXT_BILLING,DAT_PROCESS_NEXT_BILLING,COD_LOGIN_INSERT,DAT_RECORD_INSERT,COD_LOGIN_MODIFY,DAT_LAST_MODIFY) values (1,to_date('27-AUG-15','DD-MON-RR'),1,1,1,to_date('01-JUL-15','DD-MON-RR'),to_date('30-SEP-15','DD-MON-RR'),'Y','Y','Y','Y','Y','Y','Y',0,0,0,999,null,null,null,null,null,null,null,'BYZAHER',to_date('27-AUG-15','DD-MON-RR'),'BYZAHER',to_date('27-AUG-15','DD-MON-RR'));
Insert into ADMINRET.RET_COMPANIES_CONTRACTS (NUM_COMPANY_CONTRACT,DAT_CONTRACT,NUM_CLIENT_COMPANY,NUM_PAYMENT_PLAN,NUM_TYPE_DISCOUNT,DAT_BEGIN_VALIDITY,DAT_END_VALIDITY,IND_MONDAY_OFFER,IND_TUESDAY_OFFER,IND_WEDNESDAY_OFFER,IND_THURSDAY_OFFER,IND_FRIDAY_OFFER,IND_SATURDAY_OFFER,IND_SUNDAY_OFFER,VAL_LIMIT_OFFER,VAL_FROM_OFFER,VAL_TO_OFFER,QUT_LIMIT_USERS,DES_EMAIL_BILLING,NUM_PREVIOUS_CONTRACT,DAT_CANCELLATION,NAM_USER_CANCELLATION,DES_JUSTIFICATION_CANCELLATION,DAT_NEXT_BILLING,DAT_PROCESS_NEXT_BILLING,COD_LOGIN_INSERT,DAT_RECORD_INSERT,COD_LOGIN_MODIFY,DAT_LAST_MODIFY) values (2,to_date('27-AUG-15','DD-MON-RR'),2,1,1,to_date('01-JUL-15','DD-MON-RR'),to_date('30-SEP-15','DD-MON-RR'),'Y','Y','Y','Y','Y','Y','Y',0,0,0,999,null,null,null,null,null,null,null,'BYZAHER',to_date('27-AUG-15','DD-MON-RR'),'BYZAHER',to_date('27-AUG-15','DD-MON-RR'));
Insert into ADMINRET.RET_COMPANIES_CONTRACTS (NUM_COMPANY_CONTRACT,DAT_CONTRACT,NUM_CLIENT_COMPANY,NUM_PAYMENT_PLAN,NUM_TYPE_DISCOUNT,DAT_BEGIN_VALIDITY,DAT_END_VALIDITY,IND_MONDAY_OFFER,IND_TUESDAY_OFFER,IND_WEDNESDAY_OFFER,IND_THURSDAY_OFFER,IND_FRIDAY_OFFER,IND_SATURDAY_OFFER,IND_SUNDAY_OFFER,VAL_LIMIT_OFFER,VAL_FROM_OFFER,VAL_TO_OFFER,QUT_LIMIT_USERS,DES_EMAIL_BILLING,NUM_PREVIOUS_CONTRACT,DAT_CANCELLATION,NAM_USER_CANCELLATION,DES_JUSTIFICATION_CANCELLATION,DAT_NEXT_BILLING,DAT_PROCESS_NEXT_BILLING,COD_LOGIN_INSERT,DAT_RECORD_INSERT,COD_LOGIN_MODIFY,DAT_LAST_MODIFY) values (3,to_date('27-AUG-15','DD-MON-RR'),3,1,1,to_date('01-JUL-15','DD-MON-RR'),to_date('30-SEP-15','DD-MON-RR'),'Y','Y','Y','Y','Y','Y','Y',0,0,0,999,null,null,null,null,null,null,null,'BYZAHER',to_date('27-AUG-15','DD-MON-RR'),'BYZAHER',to_date('27-AUG-15','DD-MON-RR'));
Insert into ADMINRET.RET_COMPANIES_CONTRACTS (NUM_COMPANY_CONTRACT,DAT_CONTRACT,NUM_CLIENT_COMPANY,NUM_PAYMENT_PLAN,NUM_TYPE_DISCOUNT,DAT_BEGIN_VALIDITY,DAT_END_VALIDITY,IND_MONDAY_OFFER,IND_TUESDAY_OFFER,IND_WEDNESDAY_OFFER,IND_THURSDAY_OFFER,IND_FRIDAY_OFFER,IND_SATURDAY_OFFER,IND_SUNDAY_OFFER,VAL_LIMIT_OFFER,VAL_FROM_OFFER,VAL_TO_OFFER,QUT_LIMIT_USERS,DES_EMAIL_BILLING,NUM_PREVIOUS_CONTRACT,DAT_CANCELLATION,NAM_USER_CANCELLATION,DES_JUSTIFICATION_CANCELLATION,DAT_NEXT_BILLING,DAT_PROCESS_NEXT_BILLING,COD_LOGIN_INSERT,DAT_RECORD_INSERT,COD_LOGIN_MODIFY,DAT_LAST_MODIFY) values (4,to_date('27-AUG-15','DD-MON-RR'),4,1,1,to_date('01-JUL-15','DD-MON-RR'),to_date('30-SEP-15','DD-MON-RR'),'Y','Y','Y','Y','Y','Y','Y',0,0,0,999,null,null,null,null,null,null,null,'BYZAHER',to_date('27-AUG-15','DD-MON-RR'),'BYZAHER',to_date('27-AUG-15','DD-MON-RR'));
Insert into ADMINRET.RET_COMPANIES_CONTRACTS (NUM_COMPANY_CONTRACT,DAT_CONTRACT,NUM_CLIENT_COMPANY,NUM_PAYMENT_PLAN,NUM_TYPE_DISCOUNT,DAT_BEGIN_VALIDITY,DAT_END_VALIDITY,IND_MONDAY_OFFER,IND_TUESDAY_OFFER,IND_WEDNESDAY_OFFER,IND_THURSDAY_OFFER,IND_FRIDAY_OFFER,IND_SATURDAY_OFFER,IND_SUNDAY_OFFER,VAL_LIMIT_OFFER,VAL_FROM_OFFER,VAL_TO_OFFER,QUT_LIMIT_USERS,DES_EMAIL_BILLING,NUM_PREVIOUS_CONTRACT,DAT_CANCELLATION,NAM_USER_CANCELLATION,DES_JUSTIFICATION_CANCELLATION,DAT_NEXT_BILLING,DAT_PROCESS_NEXT_BILLING,COD_LOGIN_INSERT,DAT_RECORD_INSERT,COD_LOGIN_MODIFY,DAT_LAST_MODIFY) values (5,to_date('27-AUG-15','DD-MON-RR'),5,1,1,to_date('01-AUG-15','DD-MON-RR'),to_date('31-OCT-15','DD-MON-RR'),'Y','Y','Y','Y','Y','Y','Y',0,0,0,999,null,null,null,null,null,null,null,'BYZAHER',to_date('27-AUG-15','DD-MON-RR'),'BYZAHER',to_date('27-AUG-15','DD-MON-RR'));
commit;